row_id,zone,pickup_hour,predicted_trips,lower_80,upper_80,lower_90,upper_90,drivers_needed,drivers_needed_upper_80
TEST-00001,Merkato,2025-11-05 18:00:00,34.32,25.9,44.1,23.4,47.6,27,34
TEST-00002,CMC,2025-11-04 18:00:00,50.09,40.0,61.9,36.9,66.1,39,48
TEST-00003,Arat Kilo,2025-11-05 14:00:00,31.75,23.6,41.2,21.2,44.6,25,32
TEST-00004,Kazanchis,2025-11-03 20:00:00,82.26,69.3,97.3,65.5,102.7,64,75
TEST-00005,Sarbet,2025-11-10 12:00:00,23.31,16.3,31.4,14.2,34.3,18,25
TEST-00006,Ayat,2025-11-14 09:00:00,22.28,15.4,30.2,13.4,33.1,18,24
TEST-00007,Kazanchis,2025-11-01 05:00:00,7.17,3.1,11.9,1.9,13.6,6,10
TEST-00008,Bole,2025-11-12 06:00:00,64.92,53.4,78.3,50.0,83.1,50,61
TEST-00009,Kazanchis,2025-11-09 13:00:00,44.5,34.9,55.6,32.1,59.6,35,43
TEST-00010,CMC,2025-11-03 18:00:00,50.02,39.9,61.8,36.9,66.0,39,48
TEST-00011,Ayat,2025-11-06 13:00:00,17.35,11.3,24.4,9.5,26.9,14,19
TEST-00012,Arat Kilo,2025-11-05 05:00:00,5.67,2.0,9.9,0.9,11.5,5,8
TEST-00013,Lideta,2025-11-07 13:00:00,39.06,30.1,49.5,27.4,53.2,31,39
TEST-00014,Ayat,2025-11-12 04:00:00,5.8,2.1,10.1,1.0,11.6,5,8
TEST-00015,Gerji,2025-11-08 10:00:00,44.58,35.0,55.7,32.2,59.7,35,43
TEST-00016,Piassa,2025-11-10 06:00:00,21.02,14.4,28.8,12.4,31.5,17,23
TEST-00017,Sarbet,2025-11-08 19:00:00,42.69,33.3,53.6,30.5,57.5,33,42
TEST-00018,Sarbet,2025-11-07 15:00:00,17.42,11.3,24.5,9.5,27.0,14,19
TEST-00019,Merkato,2025-11-03 12:00:00,114.44,99.2,132.1,94.7,138.5,89,102
TEST-00020,Bole,2025-11-12 18:00:00,50.23,40.1,62.0,37.1,66.2,39,48
TEST-00021,Ayat,2025-11-13 10:00:00,18.05,11.9,25.2,10.0,27.8,14,20
TEST-00022,Kolfe,2025-11-07 13:00:00,22.83,15.9,30.9,13.8,33.8,18,24
TEST-00023,Merkato,2025-11-07 08:00:00,73.69,61.5,87.9,57.8,93.0,57,68
TEST-00024,Kolfe,2025-11-02 04:00:00,5.75,2.1,10.0,1.0,11.6,5,8
TEST-00025,Bole,2025-11-13 21:00:00,47.23,37.4,58.7,34.4,62.8,37,46
TEST-00026,Piassa,2025-11-05 21:00:00,31.91,23.8,41.4,21.4,44.8,25,32
TEST-00027,Megenagna,2025-11-02 23:00:00,15.96,10.1,22.7,8.4,25.2,13,18
TEST-00028,Merkato,2025-11-03 22:00:00,4.77,1.4,8.7,0.4,10.1,4,7
TEST-00029,Ayat,2025-11-02 08:00:00,17.67,11.6,24.8,9.7,27.3,14,20
TEST-00030,Kazanchis,2025-11-11 23:00:00,10.23,5.5,15.8,4.1,17.7,8,13
TEST-00031,Kolfe,2025-11-08 01:00:00,5.74,2.1,10.0,1.0,11.5,5,8
TEST-00032,Bole,2025-11-14 21:00:00,82.4,69.5,97.4,65.6,102.8,64,75
TEST-00033,Gerji,2025-11-07 16:00:00,25.03,17.8,33.4,15.6,36.4,20,26
TEST-00034,Piassa,2025-11-03 11:00:00,20.67,14.1,28.3,12.1,31.1,16,22
TEST-00035,Arat Kilo,2025-11-13 08:00:00,55.83,45.1,68.2,42.0,72.7,43,53
TEST-00036,Lideta,2025-11-04 20:00:00,33.34,25.0,43.0,22.6,46.5,26,34
TEST-00037,Bole,2025-11-14 07:00:00,62.22,51.0,75.3,47.6,80.0,48,58
TEST-00038,Ayat,2025-11-07 18:00:00,37.1,28.4,47.3,25.7,50.9,29,37
TEST-00039,CMC,2025-11-03 22:00:00,22.81,15.9,30.8,13.8,33.7,18,24
TEST-00040,Merkato,2025-11-13 05:00:00,18.33,12.1,25.6,10.2,28.2,15,20
TEST-00041,Arat Kilo,2025-11-03 22:00:00,12.28,7.1,18.3,5.6,20.4,10,15
TEST-00042,Kazanchis,2025-11-14 23:00:00,8.37,4.0,13.4,2.7,15.2,7,11
TEST-00043,CMC,2025-11-08 06:00:00,12.5,7.3,18.6,5.7,20.7,10,15
TEST-00044,Merkato,2025-11-02 05:00:00,8.63,4.2,13.7,2.9,15.6,7,11
TEST-00045,Sarbet,2025-11-02 14:00:00,41.14,31.9,51.8,29.2,55.7,32,40
TEST-00046,Sarbet,2025-11-02 04:00:00,5.74,2.1,10.0,1.0,11.6,5,8
TEST-00047,Merkato,2025-11-01 07:00:00,110.65,95.7,128.1,91.2,134.3,86,99
TEST-00048,CMC,2025-11-06 15:00:00,21.8,15.0,29.7,13.0,32.5,17,23
TEST-00049,Arat Kilo,2025-11-12 06:00:00,16.74,10.8,23.7,9.0,26.2,13,19
TEST-00050,CMC,2025-11-06 18:00:00,48.8,38.8,60.4,35.8,64.6,38,47
TEST-00051,Kazanchis,2025-11-03 15:00:00,45.03,35.4,56.2,32.5,60.2,35,44
TEST-00052,Megenagna,2025-11-03 01:00:00,9.11,4.6,14.3,3.3,16.2,8,11
TEST-00053,CMC,2025-11-07 15:00:00,20.7,14.1,28.4,12.1,31.1,16,22
TEST-00054,Kolfe,2025-11-13 15:00:00,29.82,22.0,39.0,19.6,42.2,23,30
TEST-00055,Bole,2025-11-05 06:00:00,64.52,53.1,77.8,49.6,82.6,50,60
TEST-00056,Arat Kilo,2025-11-10 20:00:00,38.1,29.2,48.4,26.6,52.1,30,38
TEST-00057,Bole,2025-11-02 14:00:00,49.9,39.8,61.7,36.8,65.9,39,48
TEST-00058,Bole,2025-11-14 23:00:00,77.56,65.0,92.2,61.3,97.4,60,71
TEST-00059,Merkato,2025-11-04 12:00:00,105.81,91.2,122.8,86.8,128.9,82,95
TEST-00060,Kolfe,2025-11-02 21:00:00,31.05,23.0,40.4,20.6,43.7,24,32
TEST-00061,Kazanchis,2025-11-09 21:00:00,27.02,19.5,35.7,17.3,38.9,21,28
TEST-00062,Kolfe,2025-11-04 05:00:00,18.33,12.1,25.6,10.2,28.2,15,20
TEST-00063,Merkato,2025-11-04 02:00:00,4.71,1.3,8.7,0.3,10.1,4,7
TEST-00064,Gerji,2025-11-11 04:00:00,9.15,4.6,14.4,3.3,16.3,8,12
TEST-00065,Ayat,2025-11-11 08:00:00,37.03,28.3,47.2,25.7,50.8,29,37
TEST-00066,Merkato,2025-11-12 09:00:00,67.47,55.7,81.1,52.2,86.0,52,63
TEST-00067,Ayat,2025-11-08 06:00:00,8.9,4.4,14.1,3.1,15.9,7,11
TEST-00068,Piassa,2025-11-01 10:00:00,23.41,16.4,31.5,14.3,34.5,19,25
TEST-00069,Piassa,2025-11-02 15:00:00,23.96,16.9,32.2,14.8,35.1,19,25
TEST-00070,Gerji,2025-11-02 08:00:00,28.35,20.7,37.3,18.4,40.5,22,29
TEST-00071,CMC,2025-11-09 14:00:00,45.61,35.9,56.9,33.0,60.9,36,44
TEST-00072,Arat Kilo,2025-11-02 17:00:00,32.51,24.3,42.0,21.9,45.5,26,33
TEST-00073,Kolfe,2025-11-07 17:00:00,37.85,29.0,48.1,26.4,51.8,30,37
TEST-00074,Gerji,2025-11-13 09:00:00,29.94,22.1,39.1,19.7,42.4,24,31
TEST-00075,Kazanchis,2025-11-03 19:00:00,107.45,92.7,124.6,88.3,130.8,83,96
TEST-00076,Lideta,2025-11-08 14:00:00,44.37,34.8,55.5,32.0,59.4,35,43
TEST-00077,Bole,2025-11-06 22:00:00,34.18,25.8,43.9,23.3,47.4,27,34
TEST-00078,Arat Kilo,2025-11-08 07:00:00,6.81,2.9,11.4,1.7,13.1,6,9
TEST-00079,Piassa,2025-11-10 22:00:00,16.49,10.6,23.4,8.8,25.9,13,18
TEST-00080,Kazanchis,2025-11-08 05:00:00,6.81,2.8,11.4,1.7,13.1,6,9
TEST-00081,Merkato,2025-11-05 01:00:00,5.0,1.5,9.0,0.5,10.5,4,7
TEST-00082,Ayat,2025-11-06 16:00:00,21.22,14.5,29.0,12.5,31.8,17,23
TEST-00083,Gerji,2025-11-12 14:00:00,19.66,13.2,27.1,11.3,29.8,16,21
TEST-00084,Lideta,2025-11-02 20:00:00,29.18,21.4,38.2,19.1,41.5,23,30
TEST-00085,Merkato,2025-11-09 18:00:00,17.83,11.7,25.0,9.8,27.5,14,20
TEST-00086,Sarbet,2025-11-01 14:00:00,43.46,34.0,54.4,31.2,58.4,34,42
TEST-00087,Ayat,2025-11-09 05:00:00,5.09,1.6,9.1,0.5,10.6,4,7
TEST-00088,Ayat,2025-11-08 14:00:00,31.56,23.5,41.0,21.1,44.3,25,32
TEST-00089,Bole,2025-11-14 16:00:00,32.02,23.9,41.5,21.4,44.9,25,32
TEST-00090,Bole,2025-11-14 12:00:00,40.53,31.4,51.1,28.7,54.9,32,40
TEST-00091,Arat Kilo,2025-11-10 22:00:00,12.16,7.0,18.1,5.5,20.3,10,14
TEST-00092,Gerji,2025-11-10 09:00:00,30.74,22.8,40.0,20.4,43.4,24,31
TEST-00093,Megenagna,2025-11-12 23:00:00,10.79,5.9,16.4,4.5,18.5,9,13
TEST-00094,Lideta,2025-11-13 12:00:00,40.59,31.5,51.2,28.7,55.0,32,40
TEST-00095,Ayat,2025-11-07 16:00:00,17.4,11.3,24.5,9.5,27.0,14,19
TEST-00096,Kazanchis,2025-11-04 17:00:00,91.89,78.2,107.8,74.2,113.5,71,83
TEST-00097,Bole,2025-11-07 11:00:00,34.13,25.7,43.9,23.2,47.4,27,34
TEST-00098,Sarbet,2025-11-05 03:00:00,3.96,0.8,7.6,0.0,8.9,4,6
TEST-00099,Arat Kilo,2025-11-01 12:00:00,18.59,12.3,25.9,10.4,28.5,15,20
TEST-00100,Ayat,2025-11-06 00:00:00,4.88,1.4,8.9,0.4,10.3,4,7
TEST-00101,Gerji,2025-11-05 05:00:00,22.66,15.8,30.7,13.7,33.5,18,24
TEST-00102,Lideta,2025-11-12 09:00:00,60.47,49.4,73.4,46.0,78.0,47,57
TEST-00103,Sarbet,2025-11-06 22:00:00,20.03,13.5,27.6,11.6,30.3,16,22
TEST-00104,CMC,2025-11-12 18:00:00,52.27,41.9,64.3,38.8,68.6,41,50
TEST-00105,Kazanchis,2025-11-01 13:00:00,32.39,24.2,41.9,21.8,45.3,25,33
TEST-00106,Bole,2025-11-10 08:00:00,50.6,40.4,62.4,37.4,66.7,39,48
TEST-00107,Kolfe,2025-11-08 20:00:00,40.98,31.8,51.7,29.1,55.5,32,40
TEST-00108,Kazanchis,2025-11-09 16:00:00,29.47,21.6,38.6,19.3,41.8,23,30
TEST-00109,Kolfe,2025-11-10 06:00:00,44.45,34.9,55.6,32.0,59.5,35,43
TEST-00110,Piassa,2025-11-10 12:00:00,35.52,27.0,45.5,24.4,49.0,28,35
TEST-00111,Megenagna,2025-11-09 22:00:00,21.78,15.0,29.6,13.0,32.5,17,23
TEST-00112,Bole,2025-11-13 23:00:00,24.21,17.1,32.5,15.0,35.5,19,25
TEST-00113,CMC,2025-11-07 02:00:00,4.85,1.4,8.8,0.4,10.3,4,7
TEST-00114,Gerji,2025-11-12 08:00:00,49.65,39.6,61.4,36.6,65.6,39,48
TEST-00115,Piassa,2025-11-11 03:00:00,5.68,2.0,9.9,0.9,11.5,5,8
TEST-00116,Lideta,2025-11-05 18:00:00,69.55,57.7,83.4,54.1,88.3,54,65
TEST-00117,Gerji,2025-11-13 11:00:00,23.74,16.7,31.9,14.6,34.9,19,25
TEST-00118,CMC,2025-11-04 09:00:00,32.5,24.3,42.0,21.9,45.5,25,33
TEST-00119,Piassa,2025-11-01 11:00:00,25.85,18.5,34.4,16.3,37.4,20,27
TEST-00120,Merkato,2025-11-11 15:00:00,101.5,87.2,118.2,82.9,124.2,79,91
TEST-00121,Megenagna,2025-11-02 21:00:00,30.47,22.5,39.7,20.2,43.0,24,31
TEST-00122,Ayat,2025-11-04 17:00:00,24.26,17.1,32.5,15.0,35.5,19,25
TEST-00123,Sarbet,2025-11-05 21:00:00,28.6,20.9,37.6,18.6,40.8,22,29
TEST-00124,Bole,2025-11-14 20:00:00,73.19,61.0,87.4,57.3,92.5,57,68
TEST-00125,Arat Kilo,2025-11-06 11:00:00,16.15,10.3,23.0,8.5,25.4,13,18
TEST-00126,Merkato,2025-11-13 00:00:00,3.07,0.2,6.4,0.0,7.6,3,5
TEST-00127,Piassa,2025-11-06 11:00:00,22.11,15.3,30.0,13.3,32.9,18,24
TEST-00128,Merkato,2025-11-11 09:00:00,76.09,63.7,90.6,59.9,95.7,59,70
TEST-00129,Sarbet,2025-11-09 22:00:00,17.81,11.7,25.0,9.8,27.5,14,20
TEST-00130,Lideta,2025-11-11 03:00:00,6.46,2.6,11.0,1.4,12.6,5,9
TEST-00131,Merkato,2025-11-09 10:00:00,42.36,33.0,53.2,30.2,57.1,33,41
TEST-00132,Merkato,2025-11-11 22:00:00,5.38,1.8,9.5,0.7,11.0,5,8
TEST-00133,Arat Kilo,2025-11-14 03:00:00,3.75,0.7,7.3,0.0,8.6,3,6
TEST-00134,Bole,2025-11-09 17:00:00,49.16,39.1,60.8,36.1,65.0,38,47
TEST-00135,Piassa,2025-11-01 15:00:00,24.46,17.3,32.8,15.2,35.7,19,26
TEST-00136,CMC,2025-11-07 14:00:00,21.58,14.9,29.4,12.8,32.2,17,23
TEST-00137,Gerji,2025-11-09 21:00:00,32.68,24.5,42.2,22.0,45.7,26,33
TEST-00138,Piassa,2025-11-03 22:00:00,17.13,11.1,24.1,9.3,26.7,14,19
TEST-00139,Merkato,2025-11-02 19:00:00,11.41,6.4,17.2,4.9,19.3,9,14
TEST-00140,Ayat,2025-11-03 15:00:00,16.43,10.5,23.3,8.8,25.8,13,18
TEST-00141,Lideta,2025-11-06 03:00:00,7.15,3.1,11.8,1.9,13.5,6,10
TEST-00142,Gerji,2025-11-12 02:00:00,4.81,1.4,8.8,0.4,10.2,4,7
TEST-00143,Sarbet,2025-11-03 10:00:00,20.9,14.3,28.6,12.3,31.4,17,22
TEST-00144,Megenagna,2025-11-01 11:00:00,60.47,49.4,73.4,46.0,78.0,47,57
TEST-00145,Lideta,2025-11-06 14:00:00,39.34,30.3,49.8,27.7,53.6,31,39
TEST-00146,Kazanchis,2025-11-09 01:00:00,7.01,3.0,11.7,1.8,13.3,6,9
TEST-00147,Arat Kilo,2025-11-05 10:00:00,18.38,12.1,25.6,10.3,28.2,15,20
TEST-00148,Gerji,2025-11-12 04:00:00,8.42,4.1,13.5,2.8,15.3,7,11
TEST-00149,Ayat,2025-11-11 04:00:00,6.55,2.7,11.1,1.5,12.7,6,9
TEST-00150,Kazanchis,2025-11-13 21:00:00,34.45,26.0,44.3,23.5,47.8,27,35
TEST-00151,Merkato,2025-11-02 02:00:00,2.61,0.0,5.7,0.0,6.9,3,5
TEST-00152,Megenagna,2025-11-03 00:00:00,9.68,5.1,15.1,3.7,17.0,8,12
TEST-00153,Sarbet,2025-11-01 18:00:00,44.25,34.7,55.3,31.9,59.3,35,43
TEST-00154,Kolfe,2025-11-03 14:00:00,18.22,12.0,25.4,10.2,28.0,15,20
TEST-00155,Kolfe,2025-11-10 13:00:00,22.7,15.8,30.7,13.7,33.6,18,24
TEST-00156,CMC,2025-11-10 07:00:00,64.11,52.7,77.4,49.3,82.2,50,60
TEST-00157,Sarbet,2025-11-05 13:00:00,21.12,14.5,28.9,12.5,31.7,17,23
TEST-00158,Kolfe,2025-11-01 03:00:00,5.05,1.6,9.1,0.5,10.6,4,7
TEST-00159,Piassa,2025-11-04 22:00:00,17.25,11.2,24.3,9.4,26.8,14,19
TEST-00160,Merkato,2025-11-06 20:00:00,12.46,7.3,18.5,5.7,20.7,10,15
TEST-00161,Kazanchis,2025-11-10 09:00:00,60.79,49.7,73.7,46.3,78.4,47,57
TEST-00162,CMC,2025-11-03 09:00:00,30.61,22.6,39.9,20.3,43.2,24,31
TEST-00163,Merkato,2025-11-03 11:00:00,93.69,79.9,109.7,75.8,115.5,73,85
TEST-00164,Ayat,2025-11-09 12:00:00,34.89,26.4,44.8,23.9,48.3,27,35
TEST-00165,Merkato,2025-11-03 01:00:00,5.14,1.6,9.2,0.6,10.7,4,8
TEST-00166,Bole,2025-11-14 04:00:00,31.1,23.1,40.4,20.7,43.8,24,32
TEST-00167,CMC,2025-11-06 02:00:00,5.24,1.7,9.4,0.6,10.8,5,8
TEST-00168,Megenagna,2025-11-02 13:00:00,70.7,58.7,84.6,55.1,89.6,55,66
TEST-00169,Lideta,2025-11-12 01:00:00,6.59,2.7,11.1,1.5,12.8,6,9
TEST-00170,Arat Kilo,2025-11-05 02:00:00,3.58,0.5,7.1,0.0,8.4,3,6
TEST-00171,CMC,2025-11-13 10:00:00,26.19,18.8,34.8,16.6,37.9,21,27
TEST-00172,Sarbet,2025-11-09 14:00:00,39.08,30.1,49.5,27.4,53.2,31,39
TEST-00173,Kolfe,2025-11-10 04:00:00,8.41,4.1,13.5,2.8,15.3,7,11
TEST-00174,Bole,2025-11-02 12:00:00,43.43,34.0,54.4,31.2,58.4,34,42
TEST-00175,Gerji,2025-11-09 20:00:00,45.36,35.7,56.6,32.8,60.6,35,44
TEST-00176,Kazanchis,2025-11-09 11:00:00,30.47,22.5,39.7,20.2,43.0,24,31
TEST-00177,CMC,2025-11-14 22:00:00,26.01,18.7,34.6,16.5,37.6,21,27
TEST-00178,Bole,2025-11-02 08:00:00,23.15,16.2,31.2,14.1,34.2,18,24
TEST-00179,Megenagna,2025-11-02 10:00:00,54.44,43.9,66.7,40.7,71.1,42,52
TEST-00180,Kazanchis,2025-11-10 16:00:00,70.04,58.1,83.9,54.5,88.9,54,65
TEST-00181,Gerji,2025-11-04 23:00:00,12.18,7.0,18.2,5.5,20.3,10,14
TEST-00182,Ayat,2025-11-07 08:00:00,37.75,28.9,48.0,26.3,51.7,30,37
TEST-00183,Ayat,2025-11-14 18:00:00,38.47,29.6,48.8,26.9,52.5,30,38
TEST-00184,Piassa,2025-11-07 07:00:00,59.7,48.7,72.5,45.4,77.1,46,56
TEST-00185,Merkato,2025-11-12 12:00:00,100.53,86.3,117.1,82.0,123.1,78,91
TEST-00186,Gerji,2025-11-09 05:00:00,7.58,3.4,12.4,2.2,14.1,6,10
TEST-00187,Sarbet,2025-11-08 20:00:00,38.67,29.7,49.0,27.1,52.8,30,38
TEST-00188,Kolfe,2025-11-06 12:00:00,23.45,16.5,31.6,14.4,34.5,19,25
TEST-00189,CMC,2025-11-05 17:00:00,39.47,30.5,50.0,27.8,53.7,31,39
TEST-00190,Merkato,2025-11-11 01:00:00,3.9,0.8,7.5,0.0,8.9,3,6
TEST-00191,Megenagna,2025-11-10 11:00:00,34.67,26.2,44.5,23.7,48.0,27,35
TEST-00192,Merkato,2025-11-06 05:00:00,18.03,11.9,25.2,10.0,27.8,14,20
TEST-00193,Lideta,2025-11-01 23:00:00,12.84,7.6,19.0,6.0,21.2,10,15
TEST-00194,Sarbet,2025-11-05 08:00:00,44.47,34.9,55.6,32.1,59.6,35,43
TEST-00195,CMC,2025-11-04 22:00:00,21.11,14.5,28.9,12.5,31.6,17,23
TEST-00196,Sarbet,2025-11-14 22:00:00,20.63,14.0,28.3,12.1,31.0,16,22
TEST-00197,Kazanchis,2025-11-03 09:00:00,60.51,49.4,73.4,46.1,78.1,47,57
TEST-00198,Piassa,2025-11-10 16:00:00,57.48,46.6,70.1,43.4,74.6,45,54
TEST-00199,Merkato,2025-11-13 16:00:00,67.17,55.5,80.8,52.0,85.6,52,63
TEST-00200,Bole,2025-11-02 19:00:00,68.74,56.9,82.5,53.4,87.4,53,64
TEST-00201,Arat Kilo,2025-11-10 23:00:00,5.56,1.9,9.8,0.8,11.3,5,8
TEST-00202,Gerji,2025-11-01 09:00:00,38.92,30.0,49.3,27.3,53.1,30,38
TEST-00203,Merkato,2025-11-09 15:00:00,43.08,33.7,54.0,30.9,57.9,34,42
TEST-00204,Lideta,2025-11-14 13:00:00,39.15,30.2,49.6,27.5,53.3,31,39
TEST-00205,Ayat,2025-11-05 13:00:00,18.22,12.0,25.4,10.2,28.0,15,20
TEST-00206,CMC,2025-11-12 02:00:00,4.32,1.1,8.1,0.1,9.5,4,7
TEST-00207,Arat Kilo,2025-11-01 00:00:00,5.79,2.1,10.1,1.0,11.6,5,8
TEST-00208,Megenagna,2025-11-02 18:00:00,57.18,46.4,69.7,43.1,74.3,44,54
TEST-00209,Megenagna,2025-11-11 00:00:00,9.5,4.9,14.8,3.5,16.8,8,12
TEST-00210,CMC,2025-11-08 11:00:00,47.18,37.3,58.6,34.4,62.7,37,46
TEST-00211,Kolfe,2025-11-13 17:00:00,45.66,36.0,56.9,33.1,60.9,36,44
TEST-00212,Arat Kilo,2025-11-09 22:00:00,11.51,6.5,17.3,5.0,19.4,9,14
TEST-00213,CMC,2025-11-13 20:00:00,47.21,37.4,58.7,34.4,62.8,37,46
TEST-00214,Piassa,2025-11-10 01:00:00,4.85,1.4,8.8,0.4,10.3,4,7
TEST-00215,Piassa,2025-11-03 14:00:00,44.66,35.1,55.8,32.2,59.8,35,43
TEST-00216,Gerji,2025-11-14 12:00:00,23.72,16.7,31.9,14.6,34.9,19,25
TEST-00217,CMC,2025-11-11 06:00:00,51.28,41.0,63.2,38.0,67.5,40,49
TEST-00218,Sarbet,2025-11-01 00:00:00,7.99,3.7,12.9,2.5,14.7,7,10
TEST-00219,Kolfe,2025-11-04 17:00:00,34.62,26.2,44.5,23.6,48.0,27,35
TEST-00220,Ayat,2025-11-07 07:00:00,44.89,35.3,56.1,32.4,60.1,35,44
TEST-00221,Arat Kilo,2025-11-05 23:00:00,6.23,2.4,10.7,1.3,12.3,5,9
TEST-00222,Merkato,2025-11-10 16:00:00,72.52,60.4,86.6,56.7,91.7,56,67
TEST-00223,Kazanchis,2025-11-12 01:00:00,5.14,1.6,9.2,0.6,10.7,4,8
TEST-00224,Kolfe,2025-11-13 01:00:00,4.67,1.3,8.6,0.3,10.0,4,7
TEST-00225,Piassa,2025-11-08 18:00:00,35.77,27.2,45.8,24.6,49.3,28,36
TEST-00226,Megenagna,2025-11-09 19:00:00,45.65,36.0,56.9,33.1,60.9,36,44
TEST-00227,CMC,2025-11-08 02:00:00,6.11,2.3,10.5,1.2,12.1,5,9
TEST-00228,Kolfe,2025-11-02 11:00:00,44.13,34.6,55.2,31.8,59.2,34,43
TEST-00229,Gerji,2025-11-04 06:00:00,45.79,36.1,57.1,33.2,61.1,36,44
TEST-00230,Arat Kilo,2025-11-05 17:00:00,59.47,48.5,72.3,45.2,76.9,46,56
TEST-00231,Ayat,2025-11-10 06:00:00,34.19,25.8,44.0,23.3,47.5,27,34
TEST-00232,Sarbet,2025-11-13 09:00:00,27.43,19.9,36.2,17.6,39.4,22,28
TEST-00233,Megenagna,2025-11-09 06:00:00,19.88,13.4,27.4,11.5,30.1,16,22
TEST-00234,Arat Kilo,2025-11-11 13:00:00,37.52,28.7,47.7,26.1,51.4,29,37
TEST-00235,Arat Kilo,2025-11-09 17:00:00,22.54,15.7,30.5,13.6,33.4,18,24
TEST-00236,Kazanchis,2025-11-14 01:00:00,6.01,2.3,10.4,1.1,11.9,5,8
TEST-00237,Kazanchis,2025-11-01 10:00:00,25.29,18.0,33.7,15.9,36.8,20,26
TEST-00238,Gerji,2025-11-05 00:00:00,6.08,2.3,10.5,1.2,12.0,5,9
TEST-00239,Merkato,2025-11-14 21:00:00,6.66,2.7,11.2,1.6,12.9,6,9
TEST-00240,CMC,2025-11-05 01:00:00,4.57,1.2,8.5,0.2,9.9,4,7
TEST-00241,Piassa,2025-11-02 00:00:00,7.43,3.3,12.2,2.1,13.9,6,10
TEST-00242,Kolfe,2025-11-07 02:00:00,4.2,1.0,8.0,0.0,9.3,4,7
TEST-00243,Piassa,2025-11-05 20:00:00,50.17,40.0,62.0,37.0,66.2,39,48
TEST-00244,Kazanchis,2025-11-03 22:00:00,24.66,17.5,33.0,15.3,36.0,19,26
TEST-00245,CMC,2025-11-07 04:00:00,7.93,3.7,12.9,2.4,14.6,7,10
TEST-00246,Gerji,2025-11-14 19:00:00,57.73,46.9,70.4,43.6,74.9,45,55
TEST-00247,Kazanchis,2025-11-10 11:00:00,25.6,18.3,34.1,16.1,37.1,20,27
TEST-00248,Piassa,2025-11-08 08:00:00,14.5,8.9,21.0,7.3,23.3,12,17
TEST-00249,Ayat,2025-11-08 16:00:00,33.05,24.8,42.7,22.3,46.1,26,33
TEST-00250,Gerji,2025-11-12 10:00:00,22.38,15.5,30.4,13.5,33.2,18,24
TEST-00251,Kazanchis,2025-11-04 20:00:00,57.0,46.2,69.5,43.0,74.0,44,54
TEST-00252,Arat Kilo,2025-11-12 02:00:00,3.07,0.2,6.4,0.0,7.6,3,5
TEST-00253,Kolfe,2025-11-04 20:00:00,41.69,32.4,52.4,29.7,56.3,33,41
TEST-00254,Ayat,2025-11-01 00:00:00,6.58,2.7,11.1,1.5,12.7,6,9
TEST-00255,Gerji,2025-11-06 04:00:00,7.93,3.7,12.9,2.4,14.6,7,10
TEST-00256,Kazanchis,2025-11-06 06:00:00,24.91,17.7,33.3,15.5,36.3,20,26
TEST-00257,Sarbet,2025-11-04 05:00:00,19.36,13.0,26.8,11.1,29.5,15,21
TEST-00258,CMC,2025-11-06 19:00:00,53.42,43.0,65.6,39.8,69.9,42,51
TEST-00259,Bole,2025-11-01 10:00:00,27.97,20.3,36.8,18.1,40.0,22,29
TEST-00260,Kazanchis,2025-11-02 11:00:00,28.31,20.6,37.2,18.3,40.4,22,29
TEST-00261,Piassa,2025-11-07 10:00:00,27.96,20.3,36.8,18.1,40.0,22,29
TEST-00262,Merkato,2025-11-07 02:00:00,4.42,1.1,8.3,0.1,9.6,4,7
TEST-00263,Kazanchis,2025-11-08 13:00:00,30.88,22.9,40.2,20.5,43.5,24,31
TEST-00264,Arat Kilo,2025-11-04 16:00:00,47.15,37.3,58.6,34.4,62.7,37,46
TEST-00265,Kazanchis,2025-11-05 22:00:00,18.96,12.6,26.3,10.7,29.0,15,21
TEST-00266,Merkato,2025-11-04 15:00:00,95.62,81.7,111.8,77.5,117.6,74,86
TEST-00267,Bole,2025-11-03 10:00:00,34.7,26.2,44.5,23.7,48.1,27,35
TEST-00268,Piassa,2025-11-08 21:00:00,25.11,17.9,33.5,15.7,36.5,20,26
TEST-00269,CMC,2025-11-14 21:00:00,40.9,31.7,51.6,29.0,55.4,32,40
TEST-00270,Bole,2025-11-10 03:00:00,16.1,10.2,22.9,8.5,25.4,13,18
TEST-00271,Megenagna,2025-11-14 08:00:00,90.8,77.2,106.6,73.2,112.2,70,82
TEST-00272,Lideta,2025-11-13 05:00:00,15.87,10.1,22.6,8.3,25.1,13,18
TEST-00273,Arat Kilo,2025-11-01 19:00:00,27.53,20.0,36.3,17.7,39.5,22,28
TEST-00274,CMC,2025-11-14 14:00:00,21.62,14.9,29.5,12.9,32.3,17,23
TEST-00275,Megenagna,2025-11-07 05:00:00,22.05,15.2,30.0,13.2,32.8,17,24
TEST-00276,Sarbet,2025-11-03 11:00:00,20.29,13.8,27.9,11.8,30.6,16,22
TEST-00277,Sarbet,2025-11-13 21:00:00,29.97,22.1,39.1,19.7,42.4,24,31
TEST-00278,Megenagna,2025-11-04 00:00:00,8.92,4.5,14.1,3.1,16.0,7,11
TEST-00279,Arat Kilo,2025-11-09 15:00:00,15.67,9.9,22.4,8.2,24.8,13,18
TEST-00280,Megenagna,2025-11-07 04:00:00,12.16,7.0,18.1,5.5,20.3,10,14
TEST-00281,Ayat,2025-11-11 20:00:00,34.19,25.8,44.0,23.3,47.5,27,34
TEST-00282,Megenagna,2025-11-08 08:00:00,41.1,31.9,51.8,29.2,55.6,32,40
TEST-00283,Kazanchis,2025-11-13 18:00:00,119.94,104.4,138.1,99.7,144.5,93,107
TEST-00284,CMC,2025-11-01 04:00:00,6.4,2.6,10.9,1.4,12.5,5,9
TEST-00285,Piassa,2025-11-09 14:00:00,22.71,15.8,30.7,13.7,33.6,18,24
TEST-00286,Piassa,2025-11-05 23:00:00,8.26,3.9,13.3,2.7,15.1,7,11
TEST-00287,Sarbet,2025-11-08 17:00:00,40.74,31.6,51.4,28.9,55.2,32,40
TEST-00288,Ayat,2025-11-05 02:00:00,3.57,0.5,7.1,0.0,8.4,3,6
TEST-00289,Merkato,2025-11-12 13:00:00,108.63,93.8,125.9,89.4,132.1,84,97
TEST-00290,Arat Kilo,2025-11-04 17:00:00,58.99,48.0,71.7,44.7,76.3,46,56
TEST-00291,Gerji,2025-11-07 22:00:00,24.01,16.9,32.3,14.8,35.2,19,25
TEST-00292,CMC,2025-11-13 19:00:00,56.63,45.9,69.1,42.7,73.6,44,54
TEST-00293,Ayat,2025-11-01 16:00:00,35.0,26.5,44.9,24.0,48.4,27,35
TEST-00294,Merkato,2025-11-14 23:00:00,4.11,0.9,7.8,0.0,9.2,4,6
TEST-00295,Arat Kilo,2025-11-05 06:00:00,16.7,10.7,23.6,9.0,26.1,13,19
TEST-00296,Gerji,2025-11-12 23:00:00,11.38,6.4,17.2,4.9,19.3,9,14
TEST-00297,Lideta,2025-11-08 02:00:00,8.96,4.5,14.2,3.2,16.0,7,11
TEST-00298,Gerji,2025-11-06 14:00:00,21.5,14.8,29.3,12.8,32.1,17,23
TEST-00299,Ayat,2025-11-12 01:00:00,3.27,0.3,6.7,0.0,7.9,3,6
TEST-00300,Arat Kilo,2025-11-08 05:00:00,4.32,1.1,8.1,0.1,9.5,4,7
TEST-00301,Merkato,2025-11-04 22:00:00,5.55,1.9,9.8,0.8,11.3,5,8
TEST-00302,Kolfe,2025-11-14 14:00:00,18.99,12.7,26.4,10.8,29.0,15,21
TEST-00303,Piassa,2025-11-07 00:00:00,5.14,1.6,9.2,0.6,10.7,4,8
TEST-00304,Sarbet,2025-11-11 06:00:00,42.22,32.9,53.1,30.1,56.9,33,41
TEST-00305,Ayat,2025-11-10 18:00:00,34.94,26.4,44.8,23.9,48.4,27,35
TEST-00306,Megenagna,2025-11-10 21:00:00,17.58,11.5,24.7,9.6,27.2,14,19
TEST-00307,Bole,2025-11-11 18:00:00,50.98,40.8,62.9,37.7,67.1,40,49
TEST-00308,Kazanchis,2025-11-08 06:00:00,8.24,3.9,13.3,2.6,15.0,7,11
TEST-00309,Piassa,2025-11-01 06:00:00,7.57,3.4,12.4,2.2,14.1,6,10
TEST-00310,Arat Kilo,2025-11-05 20:00:00,38.38,29.5,48.7,26.8,52.4,30,38
TEST-00311,Ayat,2025-11-08 01:00:00,4.12,0.9,7.9,0.0,9.2,4,7
TEST-00312,Arat Kilo,2025-11-05 15:00:00,29.77,21.9,38.9,19.6,42.2,23,30
TEST-00313,CMC,2025-11-13 00:00:00,6.58,2.7,11.1,1.5,12.7,6,9
TEST-00314,Megenagna,2025-11-05 20:00:00,48.69,38.7,60.3,35.7,64.5,38,47
TEST-00315,Megenagna,2025-11-12 20:00:00,48.22,38.3,59.8,35.3,63.9,38,46
TEST-00316,Merkato,2025-11-11 03:00:00,5.88,2.2,10.2,1.1,11.7,5,8
TEST-00317,Megenagna,2025-11-06 10:00:00,54.61,44.0,66.9,40.9,71.3,43,52
TEST-00318,Kolfe,2025-11-02 12:00:00,50.85,40.7,62.7,37.6,67.0,40,49
TEST-00319,Lideta,2025-11-09 22:00:00,15.38,9.6,22.0,7.9,24.4,12,17
TEST-00320,Sarbet,2025-11-12 09:00:00,31.92,23.8,41.4,21.4,44.8,25,32
TEST-00321,CMC,2025-11-01 21:00:00,35.12,26.6,45.0,24.1,48.6,28,35
TEST-00322,Piassa,2025-11-08 00:00:00,6.99,3.0,11.6,1.8,13.3,6,9
TEST-00323,Kazanchis,2025-11-07 18:00:00,121.42,105.7,139.6,101.1,146.2,94,108
TEST-00324,Arat Kilo,2025-11-07 05:00:00,5.48,1.9,9.7,0.8,11.2,5,8
TEST-00325,Ayat,2025-11-13 04:00:00,6.48,2.6,11.0,1.5,12.6,5,9
TEST-00326,Megenagna,2025-11-01 21:00:00,30.14,22.2,39.3,19.9,42.6,24,31
TEST-00327,Piassa,2025-11-02 02:00:00,5.22,1.7,9.3,0.6,10.8,5,8
TEST-00328,Kazanchis,2025-11-13 06:00:00,25.96,18.6,34.5,16.4,37.6,20,27
TEST-00329,Megenagna,2025-11-09 09:00:00,45.91,36.2,57.2,33.3,61.2,36,44
TEST-00330,Bole,2025-11-02 04:00:00,32.8,24.6,42.4,22.1,45.8,26,33
TEST-00331,Sarbet,2025-11-08 11:00:00,42.74,33.4,53.6,30.6,57.5,33,42
TEST-00332,CMC,2025-11-05 02:00:00,4.47,1.2,8.3,0.2,9.7,4,7
TEST-00333,Merkato,2025-11-10 02:00:00,4.35,1.1,8.2,0.1,9.5,4,7
TEST-00334,Arat Kilo,2025-11-10 02:00:00,3.69,0.6,7.3,0.0,8.5,3,6
TEST-00335,Lideta,2025-11-02 21:00:00,26.26,18.9,34.9,16.7,37.9,21,27
TEST-00336,Kazanchis,2025-11-01 08:00:00,16.35,10.5,23.2,8.7,25.7,13,18
TEST-00337,Gerji,2025-11-14 04:00:00,7.88,3.7,12.8,2.4,14.5,7,10
TEST-00338,Gerji,2025-11-03 01:00:00,4.92,1.5,8.9,0.4,10.4,4,7
TEST-00339,Arat Kilo,2025-11-01 17:00:00,21.76,15.0,29.6,13.0,32.4,17,23
TEST-00340,Lideta,2025-11-04 00:00:00,6.09,2.3,10.5,1.2,12.1,5,9
TEST-00341,Ayat,2025-11-07 01:00:00,4.11,0.9,7.8,0.0,9.2,4,6
TEST-00342,Bole,2025-11-09 12:00:00,39.02,30.1,49.4,27.4,53.2,31,38
TEST-00343,Bole,2025-11-10 05:00:00,57.83,47.0,70.5,43.7,75.0,45,55
TEST-00344,Ayat,2025-11-13 14:00:00,23.98,16.9,32.2,14.8,35.2,19,25
TEST-00345,Bole,2025-11-13 16:00:00,41.64,32.4,52.4,29.6,56.2,33,41
TEST-00346,Lideta,2025-11-07 03:00:00,7.65,3.5,12.5,2.2,14.2,6,10
TEST-00347,Kazanchis,2025-11-13 03:00:00,5.91,2.2,10.2,1.1,11.8,5,8
TEST-00348,Megenagna,2025-11-01 03:00:00,10.05,5.3,15.5,3.9,17.5,8,12
TEST-00349,Kolfe,2025-11-02 10:00:00,39.35,30.4,49.8,27.7,53.6,31,39
TEST-00350,Bole,2025-11-01 23:00:00,126.02,110.1,144.6,105.3,151.2,97,112
TEST-00351,Kazanchis,2025-11-03 02:00:00,5.08,1.6,9.1,0.5,10.6,4,7
TEST-00352,Kazanchis,2025-11-08 20:00:00,35.62,27.0,45.6,24.5,49.2,28,36
TEST-00353,Sarbet,2025-11-04 10:00:00,19.89,13.4,27.4,11.5,30.1,16,22
TEST-00354,Arat Kilo,2025-11-07 17:00:00,65.34,53.8,78.8,50.4,83.6,51,61
TEST-00355,Lideta,2025-11-03 21:00:00,18.08,11.9,25.3,10.0,27.9,14,20
TEST-00356,Megenagna,2025-11-05 14:00:00,49.21,39.2,60.9,36.2,65.1,38,47
TEST-00357,Merkato,2025-11-06 09:00:00,75.92,63.5,90.4,59.8,95.5,59,70
TEST-00358,CMC,2025-11-05 12:00:00,25.45,18.2,33.9,16.0,37.0,20,27
TEST-00359,Gerji,2025-11-11 18:00:00,47.61,37.7,59.1,34.8,63.2,37,46
TEST-00360,Megenagna,2025-11-13 04:00:00,11.8,6.7,17.7,5.2,19.8,10,14
TEST-00361,Sarbet,2025-11-06 09:00:00,26.81,19.3,35.5,17.1,38.6,21,28
TEST-00362,CMC,2025-11-03 07:00:00,63.15,51.8,76.3,48.4,81.1,49,59
TEST-00363,Arat Kilo,2025-11-07 04:00:00,3.69,0.6,7.3,0.0,8.5,3,6
TEST-00364,Megenagna,2025-11-13 02:00:00,8.82,4.4,14.0,3.1,15.8,7,11
TEST-00365,Sarbet,2025-11-07 06:00:00,41.57,32.3,52.3,29.6,56.2,32,41
TEST-00366,Lideta,2025-11-10 12:00:00,36.74,28.0,46.9,25.4,50.5,29,37
TEST-00367,Gerji,2025-11-01 01:00:00,6.67,2.7,11.2,1.6,12.9,6,9
TEST-00368,Gerji,2025-11-07 02:00:00,5.11,1.6,9.2,0.6,10.6,4,8
TEST-00369,Arat Kilo,2025-11-07 00:00:00,3.58,0.5,7.1,0.0,8.4,3,6
TEST-00370,CMC,2025-11-09 10:00:00,47.16,37.3,58.6,34.4,62.7,37,46
TEST-00371,Kolfe,2025-11-05 10:00:00,22.63,15.7,30.6,13.7,33.5,18,24
TEST-00372,Merkato,2025-11-02 23:00:00,2.96,0.1,6.2,0.0,7.4,3,5
TEST-00373,Merkato,2025-11-12 03:00:00,5.61,2.0,9.8,0.9,11.4,5,8
TEST-00374,Ayat,2025-11-08 23:00:00,11.52,6.5,17.3,5.0,19.4,9,14
TEST-00375,Arat Kilo,2025-11-02 13:00:00,19.28,12.9,26.7,11.0,29.4,15,21
TEST-00376,Kazanchis,2025-11-13 00:00:00,5.08,1.6,9.1,0.5,10.6,4,7
TEST-00377,Sarbet,2025-11-13 22:00:00,20.82,14.2,28.5,12.2,31.3,17,22
TEST-00378,Ayat,2025-11-08 10:00:00,29.49,21.7,38.6,19.3,41.9,23,30
TEST-00379,Lideta,2025-11-09 07:00:00,21.48,14.8,29.3,12.8,32.1,17,23
TEST-00380,Lideta,2025-11-10 22:00:00,9.68,5.1,15.1,3.7,17.0,8,12
TEST-00381,Kolfe,2025-11-01 05:00:00,7.93,3.7,12.8,2.4,14.6,7,10
TEST-00382,Kolfe,2025-11-07 04:00:00,8.01,3.8,13.0,2.5,14.7,7,10
TEST-00383,CMC,2025-11-03 11:00:00,25.26,18.0,33.7,15.8,36.7,20,26
TEST-00384,Kazanchis,2025-11-02 17:00:00,68.94,57.1,82.7,53.6,87.7,54,64
TEST-00385,Sarbet,2025-11-01 03:00:00,5.37,1.8,9.5,0.7,11.0,5,8
TEST-00386,Piassa,2025-11-06 01:00:00,4.51,1.2,8.4,0.2,9.8,4,7
TEST-00387,Gerji,2025-11-01 21:00:00,33.0,24.7,42.6,22.3,46.0,26,33
TEST-00388,Arat Kilo,2025-11-04 08:00:00,59.0,48.0,71.8,44.7,76.3,46,56
TEST-00389,Bole,2025-11-11 19:00:00,60.59,49.5,73.5,46.1,78.1,47,57
TEST-00390,Lideta,2025-11-07 14:00:00,39.15,30.2,49.6,27.5,53.3,31,39
TEST-00391,Piassa,2025-11-06 13:00:00,48.75,38.8,60.4,35.8,64.5,38,47
TEST-00392,Gerji,2025-11-06 13:00:00,22.37,15.5,30.3,13.5,33.2,18,24
TEST-00393,Sarbet,2025-11-14 10:00:00,19.93,13.5,27.5,11.5,30.2,16,22
TEST-00394,Sarbet,2025-11-02 03:00:00,4.44,1.1,8.3,0.1,9.7,4,7
TEST-00395,Gerji,2025-11-14 08:00:00,53.28,42.8,65.4,39.7,69.8,41,51
TEST-00396,CMC,2025-11-13 04:00:00,7.68,3.5,12.5,2.3,14.3,6,10
TEST-00397,Bole,2025-11-13 09:00:00,42.38,33.0,53.2,30.3,57.1,33,41
TEST-00398,Bole,2025-11-01 16:00:00,52.73,42.3,64.8,39.2,69.1,41,50
TEST-00399,Bole,2025-11-01 18:00:00,64.3,52.8,77.6,49.4,82.4,50,60
TEST-00400,Bole,2025-11-09 23:00:00,58.61,47.7,71.3,44.4,75.9,46,55
TEST-00401,Kolfe,2025-11-09 22:00:00,21.29,14.6,29.1,12.6,31.9,17,23
TEST-00402,Merkato,2025-11-14 18:00:00,32.74,24.5,42.3,22.0,45.7,26,33
TEST-00403,Bole,2025-11-04 04:00:00,33.68,25.3,43.4,22.8,46.9,26,34
TEST-00404,Megenagna,2025-11-13 06:00:00,54.48,43.9,66.7,40.8,71.1,42,52
TEST-00405,Megenagna,2025-11-06 19:00:00,75.92,63.5,90.4,59.8,95.5,59,70
TEST-00406,Arat Kilo,2025-11-02 10:00:00,15.54,9.8,22.2,8.1,24.6,12,18
TEST-00407,Sarbet,2025-11-11 03:00:00,4.93,1.5,8.9,0.4,10.4,4,7
TEST-00408,Gerji,2025-11-01 19:00:00,51.28,41.0,63.2,38.0,67.5,40,49
TEST-00409,Piassa,2025-11-02 05:00:00,6.25,2.4,10.7,1.3,12.3,5,9
TEST-00410,Lideta,2025-11-14 09:00:00,48.11,38.2,59.7,35.2,63.8,38,46
TEST-00411,Kolfe,2025-11-10 11:00:00,22.08,15.3,30.0,13.2,32.8,17,24
TEST-00412,Kolfe,2025-11-06 19:00:00,44.13,34.6,55.2,31.8,59.2,34,43
TEST-00413,Kazanchis,2025-11-03 05:00:00,9.43,4.9,14.8,3.5,16.7,8,12
TEST-00414,Arat Kilo,2025-11-14 14:00:00,34.07,25.7,43.8,23.2,47.3,27,34
TEST-00415,Gerji,2025-11-05 01:00:00,5.65,2.0,9.9,0.9,11.4,5,8
TEST-00416,Sarbet,2025-11-03 05:00:00,18.09,11.9,25.3,10.0,27.9,14,20
TEST-00417,CMC,2025-11-10 03:00:00,4.77,1.4,8.7,0.4,10.2,4,7
TEST-00418,Gerji,2025-11-01 17:00:00,50.07,40.0,61.8,36.9,66.1,39,48
TEST-00419,CMC,2025-11-13 11:00:00,26.28,18.9,34.9,16.7,38.0,21,27
TEST-00420,Kolfe,2025-11-05 04:00:00,7.43,3.3,12.2,2.1,13.9,6,10
TEST-00421,Kazanchis,2025-11-07 00:00:00,6.35,2.5,10.8,1.4,12.4,5,9
TEST-00422,Arat Kilo,2025-11-06 05:00:00,6.27,2.5,10.7,1.3,12.3,5,9
TEST-00423,Piassa,2025-11-12 07:00:00,58.68,47.7,71.4,44.5,76.0,46,55
TEST-00424,Kolfe,2025-11-09 11:00:00,43.29,33.9,54.3,31.0,58.2,34,42
TEST-00425,Piassa,2025-11-11 16:00:00,59.2,48.2,72.0,44.9,76.6,46,56
TEST-00426,Gerji,2025-11-09 03:00:00,5.55,1.9,9.8,0.8,11.3,5,8
TEST-00427,Sarbet,2025-11-04 11:00:00,20.63,14.0,28.3,12.1,31.0,16,22
TEST-00428,Gerji,2025-11-10 00:00:00,7.41,3.3,12.2,2.1,13.9,6,10
TEST-00429,Arat Kilo,2025-11-06 12:00:00,26.92,19.4,35.6,17.2,38.7,21,28
TEST-00430,Gerji,2025-11-08 23:00:00,12.39,7.2,18.4,5.7,20.6,10,15
TEST-00431,Arat Kilo,2025-11-04 18:00:00,67.56,55.8,81.2,52.3,86.1,52,63
TEST-00432,Lideta,2025-11-03 20:00:00,34.76,26.3,44.6,23.8,48.1,27,35
TEST-00433,Gerji,2025-11-04 05:00:00,21.3,14.6,29.1,12.6,31.9,17,23
TEST-00434,Kazanchis,2025-11-05 12:00:00,45.47,35.8,56.7,32.9,60.7,35,44
TEST-00435,Kazanchis,2025-11-03 12:00:00,40.93,31.8,51.6,29.0,55.4,32,40
TEST-00436,Piassa,2025-11-09 05:00:00,6.16,2.4,10.6,1.2,12.1,5,9
TEST-00437,Lideta,2025-11-08 13:00:00,44.56,35.0,55.7,32.1,59.7,35,43
TEST-00438,Piassa,2025-11-08 17:00:00,31.15,23.1,40.5,20.7,43.8,24,32
TEST-00439,Piassa,2025-11-13 18:00:00,113.01,97.9,130.6,93.4,136.9,87,101
TEST-00440,Ayat,2025-11-13 21:00:00,24.06,17.0,32.3,14.9,35.3,19,25
TEST-00441,Kolfe,2025-11-07 20:00:00,47.1,37.3,58.5,34.3,62.6,37,45
TEST-00442,Bole,2025-11-02 18:00:00,70.26,58.3,84.2,54.7,89.2,55,65
TEST-00443,Bole,2025-11-08 01:00:00,60.71,49.6,73.7,46.3,78.3,47,57
TEST-00444,CMC,2025-11-02 23:00:00,13.85,8.4,20.2,6.8,22.5,11,16
TEST-00445,Megenagna,2025-11-07 16:00:00,61.66,50.4,74.7,47.1,79.4,48,58
TEST-00446,Kolfe,2025-11-05 15:00:00,19.34,13.0,26.8,11.0,29.4,15,21
TEST-00447,CMC,2025-11-04 01:00:00,5.42,1.8,9.6,0.8,11.1,5,8
TEST-00448,Arat Kilo,2025-11-05 18:00:00,65.22,53.7,78.6,50.2,83.4,51,61
TEST-00449,Kolfe,2025-11-13 19:00:00,46.48,36.7,57.8,33.8,61.9,36,45
TEST-00450,Lideta,2025-11-13 01:00:00,6.64,2.7,11.2,1.6,12.8,6,9
TEST-00451,Ayat,2025-11-06 22:00:00,16.43,10.5,23.3,8.7,25.8,13,18
TEST-00452,Ayat,2025-11-07 21:00:00,26.6,19.2,35.3,16.9,38.4,21,28
TEST-00453,Lideta,2025-11-12 05:00:00,16.83,10.8,23.8,9.1,26.3,13,19
TEST-00454,Sarbet,2025-11-02 06:00:00,10.03,5.3,15.5,3.9,17.5,8,12
TEST-00455,Lideta,2025-11-02 15:00:00,52.44,42.1,64.5,39.0,68.8,41,50
TEST-00456,Piassa,2025-11-10 19:00:00,77.26,64.7,91.8,61.0,97.1,60,71
TEST-00457,Kazanchis,2025-11-05 07:00:00,63.71,52.3,77.0,48.9,81.7,50,60
TEST-00458,Lideta,2025-11-10 05:00:00,15.9,10.1,22.7,8.3,25.1,13,18
TEST-00459,Bole,2025-11-05 21:00:00,46.43,36.7,57.8,33.8,61.8,36,45
TEST-00460,Megenagna,2025-11-13 20:00:00,47.63,37.8,59.1,34.8,63.2,37,46
TEST-00461,Kazanchis,2025-11-05 17:00:00,107.06,92.3,124.2,87.9,130.3,83,96
TEST-00462,Piassa,2025-11-10 02:00:00,4.94,1.5,9.0,0.5,10.4,4,7
TEST-00463,Sarbet,2025-11-13 00:00:00,5.76,2.1,10.0,1.0,11.6,5,8
TEST-00464,Arat Kilo,2025-11-12 12:00:00,28.18,20.5,37.1,18.2,40.3,22,29
TEST-00465,Bole,2025-11-12 22:00:00,33.57,25.2,43.3,22.7,46.7,26,34
TEST-00466,Bole,2025-11-12 03:00:00,16.28,10.4,23.1,8.6,25.6,13,18
TEST-00467,Bole,2025-11-09 18:00:00,62.83,51.5,76.0,48.1,80.7,49,59
TEST-00468,Gerji,2025-11-03 19:00:00,48.1,38.2,59.6,35.2,63.8,37,46
TEST-00469,Kolfe,2025-11-05 18:00:00,44.82,35.2,56.0,32.4,60.0,35,44
TEST-00470,CMC,2025-11-07 05:00:00,22.59,15.7,30.6,13.7,33.5,18,24
TEST-00471,Merkato,2025-11-09 04:00:00,4.87,1.4,8.9,0.4,10.3,4,7
TEST-00472,Lideta,2025-11-05 21:00:00,19.52,13.1,27.0,11.2,29.7,16,21
TEST-00473,Bole,2025-11-07 09:00:00,43.79,34.3,54.8,31.5,58.8,34,43
TEST-00474,Merkato,2025-11-04 04:00:00,7.7,3.5,12.6,2.3,14.3,6,10
TEST-00475,CMC,2025-11-03 04:00:00,9.01,4.5,14.2,3.2,16.1,7,11
TEST-00476,Gerji,2025-11-05 22:00:00,23.22,16.2,31.3,14.2,34.2,18,25
TEST-00477,Bole,2025-11-01 21:00:00,101.1,86.8,117.7,82.5,123.7,78,91
TEST-00478,Merkato,2025-11-08 14:00:00,131.86,115.5,150.8,110.7,157.7,102,116
TEST-00479,Arat Kilo,2025-11-02 14:00:00,17.25,11.2,24.3,9.4,26.8,14,19
TEST-00480,CMC,2025-11-01 10:00:00,46.7,36.9,58.1,34.0,62.2,36,45
TEST-00481,Sarbet,2025-11-06 07:00:00,54.31,43.8,66.6,40.6,71.0,42,52
TEST-00482,Ayat,2025-11-05 23:00:00,7.69,3.5,12.5,2.3,14.3,6,10
TEST-00483,Piassa,2025-11-07 04:00:00,5.57,1.9,9.8,0.9,11.3,5,8
TEST-00484,Lideta,2025-11-11 01:00:00,6.2,2.4,10.6,1.3,12.2,5,9
TEST-00485,CMC,2025-11-12 08:00:00,55.08,44.5,67.4,41.3,71.8,43,52
TEST-00486,Arat Kilo,2025-11-12 18:00:00,70.92,58.9,84.9,55.3,89.9,55,66
TEST-00487,Lideta,2025-11-14 15:00:00,36.07,27.4,46.1,24.9,49.7,28,36
TEST-00488,Arat Kilo,2025-11-11 15:00:00,31.09,23.1,40.4,20.7,43.8,24,32
TEST-00489,Megenagna,2025-11-02 01:00:00,12.69,7.4,18.8,5.9,21.0,10,15
TEST-00490,Gerji,2025-11-04 07:00:00,62.5,51.2,75.6,47.8,80.3,49,59
TEST-00491,Sarbet,2025-11-10 16:00:00,22.15,15.3,30.1,13.3,32.9,18,24
TEST-00492,Merkato,2025-11-08 21:00:00,8.15,3.9,13.1,2.6,14.9,7,11
TEST-00493,Sarbet,2025-11-03 03:00:00,4.57,1.2,8.5,0.2,9.9,4,7
TEST-00494,Piassa,2025-11-03 19:00:00,77.64,65.1,92.2,61.3,97.5,60,71
TEST-00495,Ayat,2025-11-12 20:00:00,33.11,24.8,42.7,22.4,46.2,26,33
TEST-00496,Lideta,2025-11-02 07:00:00,22.04,15.2,30.0,13.2,32.8,17,24
TEST-00497,Gerji,2025-11-10 23:00:00,11.77,6.7,17.7,5.2,19.8,10,14
TEST-00498,Merkato,2025-11-03 10:00:00,91.66,78.0,107.5,73.9,113.2,71,83
TEST-00499,Megenagna,2025-11-01 10:00:00,59.76,48.7,72.6,45.4,77.2,46,56
TEST-00500,Megenagna,2025-11-10 06:00:00,30.86,22.9,40.2,20.5,43.5,24,31
TEST-00501,Bole,2025-11-04 14:00:00,44.12,34.6,55.2,31.8,59.2,34,43
TEST-00502,Merkato,2025-11-11 04:00:00,7.78,3.6,12.7,2.3,14.4,6,10
TEST-00503,Kolfe,2025-11-09 02:00:00,5.32,1.8,9.5,0.7,10.9,5,8
TEST-00504,Ayat,2025-11-02 14:00:00,33.95,25.6,43.7,23.1,47.2,27,34
TEST-00505,Ayat,2025-11-12 15:00:00,15.51,9.8,22.2,8.0,24.6,12,18
TEST-00506,Megenagna,2025-11-14 22:00:00,15.6,9.8,22.3,8.1,24.7,12,18
TEST-00507,Bole,2025-11-02 15:00:00,55.23,44.6,67.6,41.4,72.0,43,52
TEST-00508,Merkato,2025-11-11 00:00:00,4.81,1.4,8.8,0.4,10.2,4,7
TEST-00509,Merkato,2025-11-13 17:00:00,51.93,41.6,63.9,38.5,68.2,40,50
TEST-00510,Arat Kilo,2025-11-10 08:00:00,59.68,48.6,72.5,45.3,77.1,46,56
TEST-00511,Kazanchis,2025-11-04 01:00:00,6.03,2.3,10.4,1.2,12.0,5,8
TEST-00512,Arat Kilo,2025-11-13 21:00:00,23.05,16.1,31.1,14.0,34.0,18,24
TEST-00513,Lideta,2025-11-07 17:00:00,73.37,61.2,87.6,57.5,92.7,57,68
TEST-00514,Arat Kilo,2025-11-08 00:00:00,5.48,1.9,9.7,0.8,11.2,5,8
TEST-00515,Kazanchis,2025-11-12 21:00:00,38.04,29.2,48.3,26.5,52.0,30,38
TEST-00516,Megenagna,2025-11-01 18:00:00,54.67,44.1,67.0,40.9,71.4,43,52
TEST-00517,Kolfe,2025-11-01 22:00:00,21.91,15.1,29.8,13.1,32.6,17,23
TEST-00518,Piassa,2025-11-03 08:00:00,76.97,64.5,91.5,60.7,96.7,60,71
TEST-00519,Kazanchis,2025-11-06 11:00:00,24.86,17.7,33.2,15.5,36.2,20,26
TEST-00520,Lideta,2025-11-04 15:00:00,36.47,27.8,46.6,25.2,50.2,29,36
TEST-00521,Sarbet,2025-11-14 18:00:00,46.91,37.1,58.3,34.2,62.4,37,45
TEST-00522,Lideta,2025-11-12 13:00:00,42.97,33.6,53.9,30.8,57.8,34,42
TEST-00523,Bole,2025-11-04 00:00:00,15.75,9.9,22.5,8.2,24.9,13,18
TEST-00524,Kazanchis,2025-11-04 07:00:00,65.83,54.2,79.3,50.8,84.1,51,61
TEST-00525,Ayat,2025-11-12 16:00:00,20.75,14.1,28.4,12.2,31.2,16,22
TEST-00526,Kazanchis,2025-11-08 22:00:00,16.71,10.7,23.6,9.0,26.1,13,19
TEST-00527,Megenagna,2025-11-03 15:00:00,49.7,39.6,61.4,36.6,65.6,39,48
TEST-00528,Arat Kilo,2025-11-11 01:00:00,2.92,0.1,6.2,0.0,7.4,3,5
TEST-00529,Bole,2025-11-10 01:00:00,15.0,9.3,21.6,7.6,24.0,12,17
TEST-00530,Gerji,2025-11-03 16:00:00,25.61,18.3,34.1,16.1,37.2,20,27
TEST-00531,Kazanchis,2025-11-05 08:00:00,84.55,71.4,99.8,67.5,105.2,66,77
TEST-00532,Kolfe,2025-11-08 03:00:00,4.73,1.3,8.7,0.3,10.1,4,7
TEST-00533,Gerji,2025-11-10 12:00:00,21.66,14.9,29.5,12.9,32.3,17,23
TEST-00534,Gerji,2025-11-09 16:00:00,43.17,33.8,54.1,30.9,58.0,34,42
TEST-00535,Megenagna,2025-11-13 11:00:00,50.44,40.3,62.3,37.2,66.5,39,48
TEST-00536,Lideta,2025-11-01 19:00:00,35.89,27.3,45.9,24.7,49.5,28,36
TEST-00537,Megenagna,2025-11-10 14:00:00,37.78,29.0,48.0,26.3,51.7,30,37
TEST-00538,Merkato,2025-11-08 13:00:00,138.28,121.6,157.7,116.6,164.7,107,122
TEST-00539,Merkato,2025-11-01 21:00:00,8.77,4.3,13.9,3.0,15.8,7,11
TEST-00540,Arat Kilo,2025-11-02 15:00:00,17.91,11.7,25.1,9.9,27.6,14,20
TEST-00541,Piassa,2025-11-03 17:00:00,85.6,72.4,100.9,68.5,106.4,66,78
TEST-00542,Ayat,2025-11-01 19:00:00,37.74,28.9,48.0,26.3,51.7,30,37
TEST-00543,Ayat,2025-11-12 17:00:00,28.68,21.0,37.7,18.7,40.9,23,29
TEST-00544,Kazanchis,2025-11-06 23:00:00,9.23,4.7,14.5,3.3,16.4,8,12
TEST-00545,Kazanchis,2025-11-06 21:00:00,33.94,25.6,43.7,23.1,47.2,27,34
TEST-00546,Arat Kilo,2025-11-04 04:00:00,4.15,0.9,7.9,0.0,9.2,4,7
TEST-00547,Kolfe,2025-11-08 16:00:00,40.77,31.6,51.4,28.9,55.2,32,40
TEST-00548,Kolfe,2025-11-10 10:00:00,19.27,12.9,26.7,11.0,29.3,15,21
TEST-00549,Sarbet,2025-11-04 14:00:00,19.32,12.9,26.7,11.0,29.4,15,21
TEST-00550,Kolfe,2025-11-13 11:00:00,23.14,16.2,31.2,14.1,34.1,18,24
TEST-00551,Lideta,2025-11-09 19:00:00,34.97,26.5,44.9,23.9,48.4,27,35
TEST-00552,Ayat,2025-11-13 06:00:00,33.76,25.4,43.5,22.9,47.0,26,34
TEST-00553,Piassa,2025-11-02 09:00:00,18.41,12.2,25.7,10.3,28.3,15,20
TEST-00554,Gerji,2025-11-04 18:00:00,46.43,36.7,57.8,33.8,61.8,36,45
TEST-00555,Lideta,2025-11-05 06:00:00,36.74,28.0,46.9,25.4,50.5,29,37
TEST-00556,Arat Kilo,2025-11-03 08:00:00,57.01,46.2,69.6,43.0,74.1,44,54
TEST-00557,Sarbet,2025-11-10 17:00:00,33.15,24.9,42.8,22.4,46.2,26,33
TEST-00558,Lideta,2025-11-09 16:00:00,47.27,37.4,58.7,34.5,62.8,37,46
TEST-00559,Megenagna,2025-11-06 12:00:00,53.44,43.0,65.6,39.9,69.9,42,51
TEST-00560,Sarbet,2025-11-13 19:00:00,46.57,36.8,57.9,33.9,62.0,36,45
TEST-00561,Merkato,2025-11-04 10:00:00,83.01,70.0,98.1,66.1,103.5,64,76
TEST-00562,Arat Kilo,2025-11-14 20:00:00,41.29,32.1,52.0,29.3,55.8,32,40
TEST-00563,Lideta,2025-11-09 13:00:00,45.41,35.8,56.6,32.9,60.7,35,44
TEST-00564,CMC,2025-11-13 15:00:00,33.86,25.5,43.6,23.0,47.1,27,34
TEST-00565,Lideta,2025-11-01 12:00:00,43.8,34.3,54.8,31.5,58.8,34,43
TEST-00566,CMC,2025-11-02 02:00:00,6.33,2.5,10.8,1.3,12.4,5,9
TEST-00567,Bole,2025-11-10 16:00:00,31.18,23.1,40.5,20.7,43.9,24,32
TEST-00568,Megenagna,2025-11-09 21:00:00,29.05,21.3,38.1,19.0,41.3,23,30
TEST-00569,Arat Kilo,2025-11-07 15:00:00,30.12,22.2,39.3,19.9,42.6,24,31
TEST-00570,Lideta,2025-11-11 08:00:00,68.04,56.3,81.7,52.8,86.6,53,63
TEST-00571,Piassa,2025-11-11 05:00:00,7.51,3.4,12.3,2.1,14.0,6,10
TEST-00572,Lideta,2025-11-04 14:00:00,37.76,28.9,48.0,26.3,51.7,30,37
TEST-00573,Kolfe,2025-11-09 05:00:00,7.55,3.4,12.4,2.2,14.1,6,10
TEST-00574,Megenagna,2025-11-14 00:00:00,9.39,4.8,14.7,3.5,16.6,8,12
TEST-00575,Bole,2025-11-06 17:00:00,38.29,29.4,48.6,26.8,52.3,30,38
TEST-00576,Arat Kilo,2025-11-09 04:00:00,3.94,0.8,7.6,0.0,8.9,4,6
TEST-00577,CMC,2025-11-11 12:00:00,26.61,19.2,35.3,16.9,38.4,21,28
TEST-00578,Megenagna,2025-11-11 02:00:00,9.22,4.7,14.5,3.3,16.4,8,12
TEST-00579,Sarbet,2025-11-12 05:00:00,20.57,14.0,28.2,12.0,31.0,16,22
TEST-00580,Merkato,2025-11-11 12:00:00,107.55,92.8,124.7,88.4,130.9,83,96
TEST-00581,Piassa,2025-11-09 09:00:00,17.62,11.5,24.7,9.7,27.3,14,19
TEST-00582,Piassa,2025-11-02 23:00:00,9.11,4.6,14.3,3.3,16.2,8,11
TEST-00583,Merkato,2025-11-12 14:00:00,107.6,92.8,124.8,88.4,130.9,83,96
TEST-00584,Gerji,2025-11-04 00:00:00,6.14,2.4,10.5,1.2,12.1,5,9
TEST-00585,Sarbet,2025-11-09 15:00:00,39.11,30.1,49.5,27.5,53.3,31,39
TEST-00586,Megenagna,2025-11-13 01:00:00,8.8,4.4,14.0,3.0,15.8,7,11
TEST-00587,Piassa,2025-11-06 03:00:00,4.53,1.2,8.4,0.2,9.8,4,7
TEST-00588,Megenagna,2025-11-01 01:00:00,11.0,6.1,16.7,4.6,18.7,9,13
TEST-00589,Sarbet,2025-11-14 09:00:00,27.36,19.8,36.1,17.6,39.3,22,28
TEST-00590,Arat Kilo,2025-11-01 02:00:00,4.55,1.2,8.4,0.2,9.8,4,7
TEST-00591,Lideta,2025-11-10 21:00:00,17.85,11.7,25.0,9.9,27.6,14,20
TEST-00592,CMC,2025-11-02 10:00:00,50.68,40.5,62.5,37.5,66.8,39,49
TEST-00593,Ayat,2025-11-13 20:00:00,33.37,25.1,43.0,22.6,46.5,26,34
TEST-00594,Kolfe,2025-11-12 09:00:00,34.62,26.2,44.5,23.6,48.0,27,35
TEST-00595,Bole,2025-11-04 15:00:00,35.23,26.7,45.1,24.2,48.7,28,35
TEST-00596,Piassa,2025-11-14 14:00:00,45.96,36.3,57.3,33.4,61.3,36,45
TEST-00597,Sarbet,2025-11-04 01:00:00,4.09,0.9,7.8,0.0,9.1,4,6
TEST-00598,Kazanchis,2025-11-08 11:00:00,27.47,19.9,36.3,17.7,39.4,22,28
TEST-00599,Arat Kilo,2025-11-11 00:00:00,3.23,0.3,6.6,0.0,7.8,3,6
TEST-00600,Bole,2025-11-04 16:00:00,31.96,23.8,41.4,21.4,44.8,25,32
TEST-00601,Kolfe,2025-11-09 18:00:00,45.38,35.7,56.6,32.8,60.6,35,44
TEST-00602,Megenagna,2025-11-05 09:00:00,64.92,53.4,78.3,50.0,83.1,50,61
TEST-00603,Arat Kilo,2025-11-12 07:00:00,41.21,32.0,51.9,29.3,55.8,32,40
TEST-00604,Merkato,2025-11-13 18:00:00,35.0,26.5,44.9,24.0,48.4,27,35
TEST-00605,Ayat,2025-11-02 16:00:00,32.66,24.4,42.2,22.0,45.6,26,33
TEST-00606,Piassa,2025-11-12 15:00:00,44.79,35.2,55.9,32.3,59.9,35,43
TEST-00607,Sarbet,2025-11-05 05:00:00,20.01,13.5,27.6,11.6,30.3,16,22
TEST-00608,Megenagna,2025-11-11 20:00:00,50.51,40.3,62.3,37.3,66.6,39,48
TEST-00609,Ayat,2025-11-03 14:00:00,15.57,9.8,22.3,8.1,24.7,12,18
TEST-00610,Arat Kilo,2025-11-13 02:00:00,3.85,0.7,7.5,0.0,8.8,3,6
TEST-00611,Arat Kilo,2025-11-10 13:00:00,35.68,27.1,45.7,24.5,49.2,28,36
TEST-00612,Kazanchis,2025-11-04 10:00:00,27.7,20.1,36.5,17.8,39.7,22,29
TEST-00613,Ayat,2025-11-05 07:00:00,45.9,36.2,57.2,33.3,61.2,36,44
TEST-00614,Piassa,2025-11-10 23:00:00,8.34,4.0,13.4,2.7,15.2,7,11
TEST-00615,Piassa,2025-11-12 22:00:00,17.82,11.7,25.0,9.8,27.5,14,20
TEST-00616,Sarbet,2025-11-11 19:00:00,47.31,37.5,58.8,34.5,62.9,37,46
TEST-00617,Bole,2025-11-12 14:00:00,38.47,29.6,48.8,26.9,52.5,30,38
TEST-00618,CMC,2025-11-08 12:00:00,48.17,38.2,59.7,35.3,63.9,38,46
TEST-00619,Gerji,2025-11-03 02:00:00,4.23,1.0,8.0,0.0,9.3,4,7
TEST-00620,Bole,2025-11-09 08:00:00,22.97,16.0,31.0,14.0,33.9,18,24
TEST-00621,Piassa,2025-11-14 17:00:00,102.27,87.9,119.0,83.6,125.0,79,92
TEST-00622,Merkato,2025-11-07 01:00:00,4.43,1.1,8.3,0.1,9.6,4,7
TEST-00623,Megenagna,2025-11-12 21:00:00,23.29,16.3,31.4,14.2,34.3,18,25
TEST-00624,Kazanchis,2025-11-07 06:00:00,23.8,16.7,32.0,14.6,34.9,19,25
TEST-00625,Arat Kilo,2025-11-03 17:00:00,58.02,47.1,70.7,43.9,75.2,45,55
TEST-00626,Kazanchis,2025-11-03 13:00:00,56.19,45.5,68.7,42.3,73.1,44,53
TEST-00627,Bole,2025-11-08 22:00:00,112.19,97.1,129.7,92.6,136.0,87,100
TEST-00628,Piassa,2025-11-14 16:00:00,61.57,50.4,74.6,47.0,79.3,48,58
TEST-00629,CMC,2025-11-14 18:00:00,58.13,47.2,70.8,44.0,75.3,45,55
TEST-00630,Merkato,2025-11-08 02:00:00,5.76,2.1,10.0,1.0,11.6,5,8
TEST-00631,Kazanchis,2025-11-05 21:00:00,40.39,31.3,51.0,28.6,54.8,32,40
TEST-00632,Gerji,2025-11-08 12:00:00,44.95,35.3,56.1,32.5,60.1,35,44
TEST-00633,Merkato,2025-11-02 17:00:00,25.66,18.3,34.2,16.2,37.2,20,27
TEST-00634,Megenagna,2025-11-13 03:00:00,9.41,4.8,14.7,3.5,16.6,8,12
TEST-00635,Sarbet,2025-11-01 01:00:00,5.86,2.2,10.2,1.0,11.7,5,8
TEST-00636,Lideta,2025-11-07 04:00:00,8.21,3.9,13.2,2.6,15.0,7,11
TEST-00637,Ayat,2025-11-01 04:00:00,3.9,0.8,7.5,0.0,8.8,3,6
TEST-00638,Kolfe,2025-11-07 19:00:00,53.51,43.0,65.7,39.9,70.0,42,51
TEST-00639,Ayat,2025-11-10 11:00:00,16.94,10.9,23.9,9.1,26.4,14,19
TEST-00640,Sarbet,2025-11-14 04:00:00,7.34,3.2,12.1,2.0,13.8,6,10
TEST-00641,Piassa,2025-11-12 01:00:00,4.35,1.1,8.2,0.1,9.5,4,7
TEST-00642,Lideta,2025-11-06 06:00:00,34.42,26.0,44.2,23.5,47.7,27,34
TEST-00643,Piassa,2025-11-08 09:00:00,16.55,10.6,23.5,8.8,25.9,13,19
TEST-00644,Megenagna,2025-11-11 01:00:00,8.96,4.5,14.2,3.2,16.0,7,11
TEST-00645,Bole,2025-11-05 14:00:00,38.58,29.7,48.9,27.0,52.7,30,38
TEST-00646,Megenagna,2025-11-14 12:00:00,54.2,43.7,66.4,40.5,70.8,42,52
TEST-00647,Kolfe,2025-11-12 08:00:00,49.44,39.4,61.1,36.4,65.3,39,47
TEST-00648,Arat Kilo,2025-11-01 08:00:00,11.33,6.4,17.1,4.9,19.2,9,14
TEST-00649,Bole,2025-11-12 05:00:00,60.81,49.7,73.8,46.3,78.4,47,57
TEST-00650,Arat Kilo,2025-11-09 12:00:00,20.53,14.0,28.2,12.0,30.9,16,22
TEST-00651,Bole,2025-11-01 02:00:00,38.73,29.8,49.1,27.1,52.8,30,38
TEST-00652,CMC,2025-11-12 06:00:00,48.58,38.6,60.2,35.6,64.3,38,47
TEST-00653,Lideta,2025-11-05 05:00:00,15.9,10.1,22.7,8.3,25.1,13,18
TEST-00654,Sarbet,2025-11-03 01:00:00,3.66,0.6,7.2,0.0,8.5,3,6
TEST-00655,Ayat,2025-11-11 11:00:00,16.9,10.9,23.9,9.1,26.4,13,19
TEST-00656,Kazanchis,2025-11-09 19:00:00,44.14,34.6,55.2,31.8,59.2,34,43
TEST-00657,Ayat,2025-11-09 00:00:00,5.94,2.2,10.3,1.1,11.8,5,8
TEST-00658,Arat Kilo,2025-11-11 07:00:00,44.99,35.4,56.2,32.5,60.2,35,44
TEST-00659,CMC,2025-11-11 18:00:00,51.03,40.8,62.9,37.8,67.2,40,49
TEST-00660,Kazanchis,2025-11-06 17:00:00,100.26,86.0,116.8,81.7,122.8,78,90
TEST-00661,Piassa,2025-11-13 22:00:00,16.52,10.6,23.4,8.8,25.9,13,18
TEST-00662,Kolfe,2025-11-10 16:00:00,24.66,17.5,33.0,15.3,36.0,19,26
TEST-00663,Kazanchis,2025-11-05 00:00:00,5.93,2.2,10.3,1.1,11.8,5,8
TEST-00664,Bole,2025-11-06 16:00:00,31.19,23.2,40.5,20.8,43.9,24,32
TEST-00665,Bole,2025-11-09 20:00:00,71.3,59.3,85.3,55.7,90.3,55,66
TEST-00666,Bole,2025-11-09 01:00:00,72.52,60.4,86.6,56.7,91.7,56,67
TEST-00667,Kazanchis,2025-11-14 13:00:00,56.83,46.1,69.4,42.8,73.9,44,54
TEST-00668,Piassa,2025-11-14 09:00:00,59.02,48.0,71.8,44.8,76.4,46,56
TEST-00669,Gerji,2025-11-04 01:00:00,5.01,1.5,9.0,0.5,10.5,4,7
TEST-00670,Merkato,2025-11-02 09:00:00,43.08,33.7,54.0,30.9,57.9,34,42
TEST-00671,CMC,2025-11-02 09:00:00,41.27,32.1,52.0,29.3,55.8,32,40
TEST-00672,Arat Kilo,2025-11-04 14:00:00,34.89,26.4,44.8,23.9,48.3,27,35
TEST-00673,Bole,2025-11-06 04:00:00,32.52,24.3,42.1,21.9,45.5,26,33
TEST-00674,CMC,2025-11-02 12:00:00,53.57,43.1,65.7,40.0,70.1,42,51
TEST-00675,Lideta,2025-11-06 05:00:00,16.78,10.8,23.7,9.0,26.2,13,19
TEST-00676,Merkato,2025-11-13 06:00:00,48.31,38.4,59.9,35.4,64.0,38,47
TEST-00677,Merkato,2025-11-06 03:00:00,5.26,1.7,9.4,0.7,10.9,5,8
TEST-00678,CMC,2025-11-13 16:00:00,37.57,28.8,47.8,26.1,51.5,29,37
TEST-00679,Arat Kilo,2025-11-04 01:00:00,3.0,0.2,6.3,0.0,7.5,3,5
TEST-00680,Bole,2025-11-06 13:00:00,44.59,35.0,55.7,32.2,59.7,35,43
TEST-00681,Piassa,2025-11-12 16:00:00,65.37,53.8,78.8,50.4,83.6,51,61
TEST-00682,Gerji,2025-11-10 16:00:00,25.85,18.5,34.4,16.3,37.5,20,27
TEST-00683,Lideta,2025-11-03 11:00:00,35.34,26.8,45.3,24.2,48.8,28,35
TEST-00684,Sarbet,2025-11-02 18:00:00,47.76,37.9,59.3,34.9,63.4,37,46
TEST-00685,Lideta,2025-11-11 07:00:00,64.96,53.5,78.3,50.0,83.1,50,61
TEST-00686,Kazanchis,2025-11-06 19:00:00,82.36,69.4,97.4,65.6,102.8,64,75
TEST-00687,Kolfe,2025-11-11 18:00:00,49.66,39.6,61.4,36.6,65.6,39,48
TEST-00688,Megenagna,2025-11-02 22:00:00,21.95,15.2,29.8,13.1,32.7,17,23
TEST-00689,Kolfe,2025-11-04 03:00:00,5.54,1.9,9.8,0.8,11.3,5,8
TEST-00690,Ayat,2025-11-02 06:00:00,7.44,3.3,12.2,2.1,13.9,6,10
TEST-00691,Gerji,2025-11-14 14:00:00,20.14,13.6,27.7,11.7,30.4,16,22
TEST-00692,Kolfe,2025-11-03 07:00:00,58.97,48.0,71.7,44.7,76.3,46,56
TEST-00693,Bole,2025-11-05 07:00:00,61.99,50.7,75.1,47.4,79.7,48,58
TEST-00694,Piassa,2025-11-03 10:00:00,26.74,19.3,35.4,17.1,38.5,21,28
TEST-00695,Piassa,2025-11-06 09:00:00,56.0,45.3,68.4,42.1,72.9,44,53
TEST-00696,Kazanchis,2025-11-12 02:00:00,5.85,2.1,10.2,1.0,11.7,5,8
TEST-00697,Gerji,2025-11-02 23:00:00,12.28,7.1,18.3,5.6,20.4,10,15
TEST-00698,Ayat,2025-11-03 02:00:00,3.16,0.3,6.5,0.0,7.7,3,5
TEST-00699,CMC,2025-11-03 15:00:00,21.31,14.6,29.1,12.6,31.9,17,23
TEST-00700,Megenagna,2025-11-04 16:00:00,70.27,58.3,84.2,54.7,89.2,55,65
TEST-00701,CMC,2025-11-07 19:00:00,61.21,50.0,74.2,46.7,78.9,48,58
TEST-00702,Ayat,2025-11-12 10:00:00,16.84,10.9,23.8,9.1,26.3,13,19
TEST-00703,CMC,2025-11-06 10:00:00,27.21,19.7,36.0,17.4,39.1,21,28
TEST-00704,Arat Kilo,2025-11-12 23:00:00,6.31,2.5,10.8,1.3,12.4,5,9
TEST-00705,Kolfe,2025-11-10 18:00:00,42.04,32.7,52.8,30.0,56.7,33,41
TEST-00706,CMC,2025-11-03 13:00:00,22.52,15.7,30.5,13.6,33.4,18,24
TEST-00707,Merkato,2025-11-08 19:00:00,25.07,17.8,33.5,15.7,36.5,20,26
TEST-00708,Gerji,2025-11-02 01:00:00,7.01,3.0,11.7,1.8,13.4,6,9
TEST-00709,Piassa,2025-11-03 21:00:00,29.43,21.6,38.5,19.3,41.8,23,30
TEST-00710,CMC,2025-11-02 01:00:00,7.11,3.1,11.8,1.9,13.5,6,10
TEST-00711,Kazanchis,2025-11-06 15:00:00,43.47,34.0,54.5,31.2,58.4,34,42
TEST-00712,Sarbet,2025-11-14 02:00:00,4.42,1.1,8.3,0.1,9.6,4,7
TEST-00713,Ayat,2025-11-02 07:00:00,14.48,8.9,21.0,7.2,23.3,12,17
TEST-00714,Piassa,2025-11-04 15:00:00,46.0,36.3,57.3,33.4,61.3,36,45
TEST-00715,Arat Kilo,2025-11-07 07:00:00,40.35,31.2,50.9,28.5,54.7,32,40
TEST-00716,Kazanchis,2025-11-04 12:00:00,42.32,33.0,53.2,30.2,57.0,33,41
TEST-00717,Gerji,2025-11-05 03:00:00,5.05,1.6,9.1,0.5,10.6,4,7
TEST-00718,Sarbet,2025-11-13 17:00:00,43.46,34.0,54.4,31.2,58.4,34,42
TEST-00719,Ayat,2025-11-14 00:00:00,5.2,1.7,9.3,0.6,10.8,4,8
TEST-00720,Bole,2025-11-07 13:00:00,44.92,35.3,56.1,32.5,60.1,35,44
TEST-00721,CMC,2025-11-03 02:00:00,4.8,1.4,8.8,0.4,10.2,4,7
TEST-00722,Merkato,2025-11-09 00:00:00,2.95,0.1,6.2,0.0,7.4,3,5
TEST-00723,CMC,2025-11-05 10:00:00,22.78,15.9,30.8,13.8,33.7,18,24
TEST-00724,Lideta,2025-11-08 11:00:00,39.37,30.4,49.8,27.7,53.6,31,39
TEST-00725,Megenagna,2025-11-12 19:00:00,82.72,69.8,97.8,65.9,103.2,64,76
TEST-00726,Bole,2025-11-07 15:00:00,36.21,27.6,46.3,25.0,49.9,28,36
TEST-00727,Ayat,2025-11-03 01:00:00,3.42,0.4,6.9,0.0,8.1,3,6
TEST-00728,Gerji,2025-11-06 21:00:00,34.05,25.7,43.8,23.2,47.3,27,34
TEST-00729,Sarbet,2025-11-14 03:00:00,4.13,0.9,7.9,0.0,9.2,4,7
TEST-00730,Bole,2025-11-03 17:00:00,37.16,28.4,47.3,25.8,51.0,29,37
TEST-00731,Sarbet,2025-11-02 01:00:00,5.63,2.0,9.9,0.9,11.4,5,8
TEST-00732,Kolfe,2025-11-12 01:00:00,4.48,1.2,8.3,0.2,9.7,4,7
TEST-00733,Arat Kilo,2025-11-01 16:00:00,18.63,12.4,25.9,10.5,28.6,15,20
TEST-00734,Gerji,2025-11-01 22:00:00,20.62,14.0,28.3,12.1,31.0,16,22
TEST-00735,Ayat,2025-11-09 11:00:00,33.0,24.7,42.6,22.3,46.0,26,33
TEST-00736,Arat Kilo,2025-11-14 22:00:00,14.3,8.8,20.7,7.1,23.1,11,16
TEST-00737,Lideta,2025-11-06 07:00:00,64.35,52.9,77.7,49.5,82.4,50,60
TEST-00738,CMC,2025-11-07 22:00:00,24.71,17.5,33.1,15.4,36.1,20,26
TEST-00739,CMC,2025-11-09 08:00:00,30.45,22.5,39.7,20.1,43.0,24,31
TEST-00740,Ayat,2025-11-03 23:00:00,10.59,5.8,16.2,4.3,18.2,9,13
TEST-00741,Piassa,2025-11-09 18:00:00,33.01,24.8,42.6,22.3,46.1,26,33
TEST-00742,Bole,2025-11-10 00:00:00,16.0,10.2,22.8,8.4,25.2,13,18
TEST-00743,Ayat,2025-11-07 12:00:00,17.65,11.5,24.8,9.7,27.3,14,20
TEST-00744,Gerji,2025-11-10 11:00:00,22.93,16.0,31.0,13.9,33.9,18,24
TEST-00745,Bole,2025-11-05 03:00:00,14.86,9.2,21.4,7.5,23.8,12,17
TEST-00746,CMC,2025-11-04 08:00:00,51.13,40.9,63.0,37.8,67.3,40,49
TEST-00747,Merkato,2025-11-01 13:00:00,136.44,119.8,155.8,114.9,162.7,105,120
TEST-00748,Bole,2025-11-04 03:00:00,15.32,9.6,22.0,7.9,24.4,12,17
TEST-00749,Sarbet,2025-11-13 23:00:00,11.37,6.4,17.2,4.9,19.2,9,14
TEST-00750,Merkato,2025-11-09 12:00:00,47.22,37.4,58.7,34.4,62.8,37,46
TEST-00751,Kolfe,2025-11-05 00:00:00,6.43,2.6,10.9,1.4,12.5,5,9
TEST-00752,Lideta,2025-11-07 12:00:00,36.76,28.1,46.9,25.4,50.5,29,37
TEST-00753,CMC,2025-11-02 05:00:00,8.76,4.3,13.9,3.0,15.8,7,11
TEST-00754,Sarbet,2025-11-06 01:00:00,4.17,1.0,7.9,0.0,9.3,4,7
TEST-00755,Gerji,2025-11-06 16:00:00,26.56,19.1,35.2,16.9,38.3,21,28
TEST-00756,Ayat,2025-11-08 00:00:00,6.12,2.3,10.5,1.2,12.1,5,9
TEST-00757,Ayat,2025-11-06 12:00:00,19.7,13.3,27.2,11.3,29.9,16,21
TEST-00758,Merkato,2025-11-05 21:00:00,6.52,2.6,11.0,1.5,12.7,6,9
TEST-00759,Sarbet,2025-11-05 01:00:00,4.07,0.9,7.8,0.0,9.1,4,6
TEST-00760,Lideta,2025-11-07 01:00:00,7.09,3.1,11.8,1.9,13.4,6,10
TEST-00761,Megenagna,2025-11-09 00:00:00,11.9,6.8,17.8,5.3,19.9,10,14
TEST-00762,Bole,2025-11-02 05:00:00,59.3,48.3,72.1,45.0,76.7,46,56
TEST-00763,Merkato,2025-11-01 04:00:00,9.84,5.2,15.3,3.8,17.2,8,12
TEST-00764,Gerji,2025-11-02 14:00:00,48.9,38.9,60.5,35.9,64.7,38,47
TEST-00765,Piassa,2025-11-08 23:00:00,11.05,6.1,16.8,4.7,18.8,9,13
TEST-00766,Bole,2025-11-11 04:00:00,31.7,23.6,41.1,21.2,44.5,25,32
TEST-00767,Sarbet,2025-11-08 01:00:00,5.51,1.9,9.7,0.8,11.2,5,8
TEST-00768,Lideta,2025-11-06 02:00:00,6.71,2.8,11.3,1.6,12.9,6,9
TEST-00769,Sarbet,2025-11-14 05:00:00,18.16,12.0,25.4,10.1,28.0,14,20
TEST-00770,Lideta,2025-11-04 06:00:00,39.85,30.8,50.4,28.1,54.2,31,39
TEST-00771,Ayat,2025-11-04 22:00:00,17.71,11.6,24.8,9.7,27.4,14,20
TEST-00772,Megenagna,2025-11-05 07:00:00,81.39,68.5,96.3,64.7,101.7,63,75
TEST-00773,Kazanchis,2025-11-09 02:00:00,4.63,1.3,8.5,0.3,9.9,4,7
TEST-00774,Gerji,2025-11-08 07:00:00,16.86,10.9,23.8,9.1,26.3,13,19
TEST-00775,Arat Kilo,2025-11-07 01:00:00,3.5,0.5,7.0,0.0,8.2,3,6
TEST-00776,Piassa,2025-11-13 13:00:00,51.03,40.8,62.9,37.8,67.2,40,49
TEST-00777,Kolfe,2025-11-09 01:00:00,5.86,2.2,10.2,1.0,11.7,5,8
TEST-00778,CMC,2025-11-13 23:00:00,13.99,8.5,20.4,6.9,22.7,11,16
TEST-00779,Ayat,2025-11-03 18:00:00,32.84,24.6,42.4,22.1,45.9,26,33
TEST-00780,Merkato,2025-11-05 02:00:00,4.64,1.3,8.5,0.3,10.0,4,7
TEST-00781,Kolfe,2025-11-11 02:00:00,4.3,1.0,8.1,0.1,9.5,4,7
TEST-00782,Merkato,2025-11-06 16:00:00,82.2,69.3,97.2,65.4,102.6,64,75
TEST-00783,Ayat,2025-11-06 02:00:00,2.79,0.0,6.0,0.0,7.1,3,5
TEST-00784,Merkato,2025-11-13 23:00:00,3.71,0.6,7.3,0.0,8.6,3,6
TEST-00785,Piassa,2025-11-11 14:00:00,45.46,35.8,56.7,32.9,60.7,35,44
TEST-00786,Piassa,2025-11-05 19:00:00,73.61,61.4,87.8,57.7,92.9,57,68
TEST-00787,Piassa,2025-11-12 11:00:00,22.65,15.8,30.7,13.7,33.5,18,24
TEST-00788,Gerji,2025-11-09 02:00:00,6.2,2.4,10.6,1.3,12.2,5,9
TEST-00789,CMC,2025-11-07 16:00:00,27.41,19.9,36.2,17.6,39.3,22,28
TEST-00790,Megenagna,2025-11-11 10:00:00,48.41,38.5,60.0,35.5,64.1,38,47
TEST-00791,Lideta,2025-11-12 07:00:00,62.77,51.5,75.9,48.1,80.6,49,59
TEST-00792,Lideta,2025-11-01 16:00:00,47.78,37.9,59.3,34.9,63.4,37,46
TEST-00793,Sarbet,2025-11-05 20:00:00,38.88,29.9,49.3,27.3,53.0,30,38
TEST-00794,Kolfe,2025-11-03 02:00:00,4.63,1.3,8.5,0.3,9.9,4,7
TEST-00795,Bole,2025-11-05 23:00:00,25.19,17.9,33.6,15.8,36.6,20,26
TEST-00796,Ayat,2025-11-10 10:00:00,17.25,11.2,24.3,9.4,26.8,14,19
TEST-00797,Piassa,2025-11-07 14:00:00,46.37,36.6,57.7,33.7,61.8,36,45
TEST-00798,Piassa,2025-11-10 05:00:00,7.95,3.7,12.9,2.4,14.6,7,10
TEST-00799,Piassa,2025-11-12 21:00:00,31.0,23.0,40.3,20.6,43.7,24,31
TEST-00800,Kazanchis,2025-11-06 02:00:00,5.17,1.6,9.3,0.6,10.7,4,8
TEST-00801,Piassa,2025-11-12 23:00:00,8.25,3.9,13.3,2.7,15.1,7,11
TEST-00802,Megenagna,2025-11-07 07:00:00,86.4,73.2,101.8,69.2,107.3,67,79
TEST-00803,Megenagna,2025-11-13 15:00:00,76.47,64.0,91.0,60.3,96.2,59,70
TEST-00804,Megenagna,2025-11-13 09:00:00,66.52,54.9,80.1,51.4,84.9,52,62
TEST-00805,Megenagna,2025-11-10 17:00:00,72.03,59.9,86.1,56.3,91.2,56,67
TEST-00806,Kolfe,2025-11-03 03:00:00,4.52,1.2,8.4,0.2,9.8,4,7
TEST-00807,Gerji,2025-11-02 10:00:00,44.87,35.3,56.0,32.4,60.0,35,44
TEST-00808,Megenagna,2025-11-11 18:00:00,100.41,86.1,117.0,81.9,122.9,78,90
TEST-00809,Merkato,2025-11-07 00:00:00,5.14,1.6,9.2,0.6,10.7,4,8
TEST-00810,Gerji,2025-11-04 12:00:00,25.5,18.2,34.0,16.0,37.0,20,27
TEST-00811,Arat Kilo,2025-11-07 22:00:00,13.41,8.0,19.7,6.4,21.9,11,16
TEST-00812,Kazanchis,2025-11-13 16:00:00,93.22,79.5,109.2,75.4,114.9,72,84
TEST-00813,Arat Kilo,2025-11-14 21:00:00,26.27,18.9,34.9,16.7,38.0,21,27
TEST-00814,Bole,2025-11-01 12:00:00,41.1,31.9,51.8,29.2,55.6,32,40
TEST-00815,CMC,2025-11-02 14:00:00,50.13,40.0,61.9,37.0,66.1,39,48
TEST-00816,Kolfe,2025-11-12 16:00:00,26.23,18.8,34.8,16.6,37.9,21,27
TEST-00817,Kolfe,2025-11-11 23:00:00,11.18,6.2,16.9,4.8,19.0,9,13
TEST-00818,Sarbet,2025-11-13 20:00:00,40.78,31.6,51.4,28.9,55.2,32,40
TEST-00819,Ayat,2025-11-06 18:00:00,34.75,26.3,44.6,23.7,48.1,27,35
TEST-00820,Sarbet,2025-11-12 15:00:00,16.83,10.9,23.8,9.1,26.3,13,19
TEST-00821,Kolfe,2025-11-01 19:00:00,49.7,39.6,61.4,36.6,65.6,39,48
TEST-00822,Ayat,2025-11-03 21:00:00,25.76,18.4,34.3,16.2,37.3,20,27
TEST-00823,Lideta,2025-11-09 04:00:00,9.33,4.8,14.6,3.4,16.5,8,12
TEST-00824,Kazanchis,2025-11-11 11:00:00,23.95,16.9,32.2,14.8,35.1,19,25
TEST-00825,Ayat,2025-11-09 14:00:00,31.78,23.7,41.2,21.2,44.6,25,32
TEST-00826,Lideta,2025-11-10 17:00:00,66.73,55.1,80.3,51.6,85.2,52,62
TEST-00827,Megenagna,2025-11-10 01:00:00,9.34,4.8,14.6,3.4,16.5,8,12
TEST-00828,Piassa,2025-11-09 23:00:00,8.34,4.0,13.4,2.7,15.2,7,11
TEST-00829,Piassa,2025-11-11 08:00:00,78.07,65.5,92.7,61.7,98.0,61,72
TEST-00830,Lideta,2025-11-12 03:00:00,6.85,2.9,11.5,1.7,13.1,6,9
TEST-00831,Lideta,2025-11-13 21:00:00,18.23,12.0,25.5,10.2,28.0,15,20
TEST-00832,Ayat,2025-11-09 15:00:00,31.04,23.0,40.4,20.6,43.7,24,32
TEST-00833,Gerji,2025-11-05 17:00:00,35.0,26.5,44.9,24.0,48.4,27,35
TEST-00834,Bole,2025-11-08 03:00:00,26.68,19.2,35.3,17.0,38.5,21,28
TEST-00835,Kazanchis,2025-11-12 18:00:00,109.67,94.8,127.0,90.3,133.2,85,98
TEST-00836,Lideta,2025-11-08 00:00:00,9.94,5.3,15.4,3.9,17.3,8,12
TEST-00837,Gerji,2025-11-04 22:00:00,21.46,14.7,29.3,12.7,32.1,17,23
TEST-00838,CMC,2025-11-01 13:00:00,49.12,39.1,60.8,36.1,65.0,38,47
TEST-00839,Sarbet,2025-11-04 09:00:00,27.35,19.8,36.1,17.5,39.3,22,28
TEST-00840,Kazanchis,2025-11-09 09:00:00,19.57,13.1,27.0,11.2,29.7,16,21
TEST-00841,Ayat,2025-11-11 01:00:00,3.63,0.6,7.2,0.0,8.4,3,6
TEST-00842,Kazanchis,2025-11-03 03:00:00,4.92,1.5,8.9,0.4,10.4,4,7
TEST-00843,Kolfe,2025-11-05 14:00:00,19.09,12.7,26.5,10.8,29.1,15,21
TEST-00844,Kazanchis,2025-11-11 08:00:00,84.95,71.8,100.2,67.9,105.7,66,78
TEST-00845,Gerji,2025-11-12 19:00:00,51.22,41.0,63.1,37.9,67.4,40,49
TEST-00846,Gerji,2025-11-05 20:00:00,44.95,35.4,56.1,32.5,60.1,35,44
TEST-00847,Megenagna,2025-11-03 04:00:00,10.77,5.9,16.4,4.5,18.5,9,13
TEST-00848,Arat Kilo,2025-11-04 13:00:00,38.73,29.8,49.1,27.1,52.8,30,38
TEST-00849,Merkato,2025-11-01 22:00:00,6.8,2.8,11.4,1.7,13.0,6,9
TEST-00850,Lideta,2025-11-13 18:00:00,94.17,80.4,110.2,76.2,116.0,73,85
TEST-00851,Ayat,2025-11-08 22:00:00,15.4,9.7,22.1,7.9,24.5,12,17
TEST-00852,CMC,2025-11-12 10:00:00,23.27,16.3,31.4,14.2,34.3,18,25
TEST-00853,Gerji,2025-11-03 22:00:00,21.74,15.0,29.6,13.0,32.4,17,23
TEST-00854,Lideta,2025-11-10 15:00:00,36.63,27.9,46.7,25.3,50.4,29,36
TEST-00855,Merkato,2025-11-01 00:00:00,6.22,2.4,10.7,1.3,12.2,5,9
TEST-00856,Kolfe,2025-11-02 19:00:00,47.14,37.3,58.6,34.4,62.7,37,46
TEST-00857,Ayat,2025-11-13 17:00:00,36.05,27.4,46.1,24.8,49.7,28,36
TEST-00858,Lideta,2025-11-05 02:00:00,6.17,2.4,10.6,1.2,12.2,5,9
TEST-00859,Bole,2025-11-13 07:00:00,59.62,48.6,72.4,45.3,77.0,46,56
TEST-00860,Lideta,2025-11-01 10:00:00,38.83,29.9,49.2,27.2,52.9,30,38
TEST-00861,Megenagna,2025-11-02 12:00:00,65.19,53.7,78.6,50.2,83.4,51,61
TEST-00862,Megenagna,2025-11-05 10:00:00,47.79,37.9,59.3,34.9,63.4,37,46
TEST-00863,Sarbet,2025-11-10 22:00:00,18.5,12.2,25.8,10.4,28.4,15,20
TEST-00864,Lideta,2025-11-11 06:00:00,39.98,30.9,50.5,28.2,54.3,31,39
TEST-00865,Sarbet,2025-11-02 02:00:00,4.94,1.5,9.0,0.5,10.4,4,7
TEST-00866,Megenagna,2025-11-06 20:00:00,45.61,35.9,56.9,33.1,60.9,36,44
TEST-00867,Piassa,2025-11-01 22:00:00,16.18,10.3,23.0,8.6,25.5,13,18
TEST-00868,Ayat,2025-11-05 17:00:00,28.03,20.4,36.9,18.1,40.1,22,29
TEST-00869,Merkato,2025-11-08 11:00:00,123.71,107.9,142.1,103.2,148.7,96,110
TEST-00870,Gerji,2025-11-12 17:00:00,36.58,27.9,46.7,25.3,50.3,29,36
TEST-00871,Megenagna,2025-11-13 16:00:00,83.03,70.0,98.1,66.2,103.5,64,76
TEST-00872,Ayat,2025-11-12 23:00:00,7.84,3.6,12.7,2.4,14.5,7,10
TEST-00873,CMC,2025-11-13 14:00:00,31.82,23.7,41.3,21.3,44.6,25,32
TEST-00874,Merkato,2025-11-02 16:00:00,38.53,29.6,48.9,27.0,52.6,30,38
TEST-00875,Piassa,2025-11-14 21:00:00,34.21,25.8,44.0,23.3,47.5,27,34
TEST-00876,Gerji,2025-11-04 08:00:00,50.18,40.0,62.0,37.0,66.2,39,48
TEST-00877,Kolfe,2025-11-09 14:00:00,42.99,33.6,53.9,30.8,57.8,34,42
TEST-00878,Arat Kilo,2025-11-14 10:00:00,18.82,12.5,26.2,10.6,28.8,15,21
TEST-00879,Arat Kilo,2025-11-10 01:00:00,2.7,0.0,5.9,0.0,7.0,3,5
TEST-00880,Sarbet,2025-11-05 15:00:00,16.66,10.7,23.6,8.9,26.1,13,19
TEST-00881,Arat Kilo,2025-11-13 12:00:00,26.45,19.0,35.1,16.8,38.2,21,27
TEST-00882,Piassa,2025-11-04 12:00:00,37.37,28.6,47.6,26.0,51.2,29,37
TEST-00883,Megenagna,2025-11-02 17:00:00,91.33,77.7,107.2,73.6,112.8,71,83
TEST-00884,CMC,2025-11-08 08:00:00,27.15,19.6,35.9,17.4,39.0,21,28
TEST-00885,Kazanchis,2025-11-11 13:00:00,61.1,49.9,74.1,46.6,78.7,47,57
TEST-00886,Megenagna,2025-11-13 07:00:00,90.44,76.9,106.2,72.8,111.8,70,82
TEST-00887,Bole,2025-11-06 03:00:00,15.56,9.8,22.3,8.1,24.7,12,18
TEST-00888,Merkato,2025-11-14 07:00:00,79.87,67.1,94.7,63.3,100.0,62,73
TEST-00889,Ayat,2025-11-09 06:00:00,7.33,3.2,12.1,2.0,13.8,6,10
TEST-00890,Merkato,2025-11-11 08:00:00,80.79,68.0,95.7,64.2,101.0,63,74
TEST-00891,Merkato,2025-11-12 21:00:00,6.56,2.7,11.1,1.5,12.7,6,9
TEST-00892,Kolfe,2025-11-08 08:00:00,24.79,17.6,33.2,15.4,36.2,20,26
TEST-00893,Ayat,2025-11-06 07:00:00,42.43,33.1,53.3,30.3,57.2,33,41
TEST-00894,Megenagna,2025-11-05 17:00:00,87.01,73.7,102.5,69.7,108.0,67,79
TEST-00895,Arat Kilo,2025-11-05 19:00:00,53.23,42.8,65.4,39.7,69.7,41,51
TEST-00896,Kazanchis,2025-11-03 01:00:00,5.18,1.7,9.3,0.6,10.7,4,8
TEST-00897,Kolfe,2025-11-10 19:00:00,47.35,37.5,58.8,34.6,62.9,37,46
TEST-00898,Ayat,2025-11-14 06:00:00,31.24,23.2,40.6,20.8,43.9,25,32
TEST-00899,Gerji,2025-11-01 05:00:00,9.36,4.8,14.7,3.4,16.6,8,12
TEST-00900,Ayat,2025-11-03 03:00:00,3.43,0.5,6.9,0.0,8.1,3,6
TEST-00901,Arat Kilo,2025-11-03 04:00:00,3.32,0.4,6.7,0.0,8.0,3,6
TEST-00902,Kazanchis,2025-11-10 01:00:00,4.68,1.3,8.6,0.3,10.0,4,7
TEST-00903,Sarbet,2025-11-14 00:00:00,5.86,2.2,10.2,1.0,11.7,5,8
TEST-00904,Gerji,2025-11-13 14:00:00,28.14,20.5,37.0,18.2,40.2,22,29
TEST-00905,Piassa,2025-11-04 08:00:00,78.34,65.7,93.0,61.9,98.3,61,72
TEST-00906,Kolfe,2025-11-06 15:00:00,19.16,12.8,26.6,10.9,29.2,15,21
TEST-00907,Merkato,2025-11-13 04:00:00,8.21,3.9,13.2,2.6,15.0,7,11
TEST-00908,Sarbet,2025-11-11 14:00:00,19.33,12.9,26.8,11.0,29.4,15,21
TEST-00909,CMC,2025-11-08 18:00:00,51.15,40.9,63.0,37.9,67.3,40,49
TEST-00910,Bole,2025-11-04 19:00:00,56.53,45.8,69.0,42.6,73.5,44,54
TEST-00911,Gerji,2025-11-14 09:00:00,28.98,21.2,38.0,18.9,41.2,23,30
TEST-00912,CMC,2025-11-01 22:00:00,23.42,16.4,31.6,14.3,34.5,19,25
TEST-00913,Arat Kilo,2025-11-05 08:00:00,59.04,48.1,71.8,44.8,76.4,46,56
TEST-00914,Bole,2025-11-01 19:00:00,70.48,58.5,84.4,54.9,89.4,55,65
TEST-00915,Gerji,2025-11-01 07:00:00,17.64,11.5,24.7,9.7,27.3,14,19
TEST-00916,Ayat,2025-11-10 16:00:00,19.52,13.1,27.0,11.2,29.7,16,21
TEST-00917,Arat Kilo,2025-11-10 18:00:00,66.1,54.5,79.6,51.0,84.4,51,62
TEST-00918,Piassa,2025-11-06 19:00:00,70.94,58.9,84.9,55.3,89.9,55,66
TEST-00919,Lideta,2025-11-14 16:00:00,45.69,36.0,56.9,33.1,61.0,36,44
TEST-00920,Lideta,2025-11-09 20:00:00,28.64,20.9,37.6,18.6,40.8,23,29
TEST-00921,CMC,2025-11-06 22:00:00,23.08,16.1,31.2,14.0,34.1,18,24
TEST-00922,Gerji,2025-11-13 12:00:00,23.4,16.4,31.5,14.3,34.5,18,25
TEST-00923,CMC,2025-11-14 03:00:00,4.56,1.2,8.4,0.2,9.8,4,7
TEST-00924,Sarbet,2025-11-14 08:00:00,48.1,38.2,59.6,35.2,63.8,37,46
TEST-00925,Lideta,2025-11-07 21:00:00,19.93,13.4,27.5,11.5,30.2,16,22
TEST-00926,Kazanchis,2025-11-03 14:00:00,47.3,37.5,58.7,34.5,62.9,37,46
TEST-00927,CMC,2025-11-11 02:00:00,4.45,1.1,8.3,0.2,9.7,4,7
TEST-00928,Megenagna,2025-11-04 13:00:00,53.95,43.5,66.2,40.3,70.5,42,51
TEST-00929,Arat Kilo,2025-11-12 00:00:00,4.03,0.9,7.7,0.0,9.0,4,6
TEST-00930,Kolfe,2025-11-06 17:00:00,35.14,26.6,45.0,24.1,48.6,28,35
TEST-00931,Kolfe,2025-11-08 17:00:00,44.61,35.0,55.7,32.2,59.7,35,43
TEST-00932,CMC,2025-11-05 14:00:00,21.14,14.5,28.9,12.5,31.7,17,23
TEST-00933,CMC,2025-11-10 16:00:00,25.61,18.3,34.1,16.1,37.2,20,27
TEST-00934,Piassa,2025-11-04 17:00:00,87.17,73.9,102.6,69.9,108.2,68,79
TEST-00935,Gerji,2025-11-13 06:00:00,45.6,35.9,56.8,33.0,60.9,36,44
TEST-00936,Kolfe,2025-11-14 16:00:00,22.83,15.9,30.9,13.8,33.8,18,24
TEST-00937,Piassa,2025-11-09 00:00:00,7.17,3.1,11.9,1.9,13.6,6,10
TEST-00938,Merkato,2025-11-03 07:00:00,81.47,68.6,96.4,64.8,101.8,63,75
TEST-00939,Gerji,2025-11-13 15:00:00,30.32,22.4,39.5,20.0,42.8,24,31
TEST-00940,Ayat,2025-11-06 21:00:00,24.73,17.5,33.1,15.4,36.1,20,26
TEST-00941,Lideta,2025-11-04 03:00:00,6.46,2.6,11.0,1.4,12.6,5,9
TEST-00942,Megenagna,2025-11-06 04:00:00,9.97,5.3,15.4,3.9,17.4,8,12
TEST-00943,Kazanchis,2025-11-10 18:00:00,129.25,113.1,148.1,108.3,154.8,100,114
TEST-00944,Piassa,2025-11-03 23:00:00,8.82,4.4,14.0,3.1,15.8,7,11
TEST-00945,Merkato,2025-11-03 16:00:00,76.26,63.8,90.7,60.1,95.9,59,70
TEST-00946,Sarbet,2025-11-07 07:00:00,54.17,43.6,66.4,40.5,70.8,42,52
TEST-00947,Lideta,2025-11-13 02:00:00,6.55,2.7,11.1,1.5,12.7,6,9
TEST-00948,CMC,2025-11-02 04:00:00,6.41,2.6,10.9,1.4,12.5,5,9
TEST-00949,Kolfe,2025-11-11 21:00:00,32.79,24.6,42.4,22.1,45.8,26,33
TEST-00950,CMC,2025-11-01 03:00:00,6.99,3.0,11.7,1.8,13.3,6,9
TEST-00951,Ayat,2025-11-06 05:00:00,15.99,10.1,22.8,8.4,25.2,13,18
TEST-00952,Lideta,2025-11-14 01:00:00,6.94,2.9,11.6,1.8,13.2,6,9
TEST-00953,Piassa,2025-11-11 19:00:00,80.74,67.9,95.6,64.1,101.0,63,74
TEST-00954,CMC,2025-11-04 19:00:00,54.68,44.1,67.0,41.0,71.4,43,52
TEST-00955,Piassa,2025-11-08 07:00:00,10.29,5.5,15.8,4.1,17.8,8,13
TEST-00956,Merkato,2025-11-13 11:00:00,98.72,84.6,115.2,80.3,121.1,76,89
TEST-00957,Bole,2025-11-09 09:00:00,21.38,14.7,29.2,12.7,32.0,17,23
TEST-00958,Lideta,2025-11-07 16:00:00,44.74,35.2,55.9,32.3,59.9,35,43
TEST-00959,Gerji,2025-11-02 07:00:00,18.87,12.6,26.2,10.7,28.8,15,21
TEST-00960,Ayat,2025-11-01 05:00:00,5.37,1.8,9.5,0.7,11.0,5,8
TEST-00961,Sarbet,2025-11-10 10:00:00,21.59,14.9,29.4,12.8,32.2,17,23
TEST-00962,Arat Kilo,2025-11-11 21:00:00,23.58,16.6,31.7,14.5,34.7,19,25
TEST-00963,Sarbet,2025-11-09 16:00:00,40.18,31.1,50.7,28.4,54.5,31,39
TEST-00964,Sarbet,2025-11-09 18:00:00,44.66,35.1,55.8,32.2,59.8,35,43
TEST-00965,Piassa,2025-11-01 14:00:00,24.86,17.7,33.2,15.5,36.2,20,26
TEST-00966,Ayat,2025-11-14 11:00:00,17.76,11.6,24.9,9.8,27.4,14,20
TEST-00967,Lideta,2025-11-03 08:00:00,65.61,54.1,79.1,50.6,83.9,51,61
TEST-00968,Piassa,2025-11-11 20:00:00,55.55,44.9,67.9,41.7,72.4,43,53
TEST-00969,Sarbet,2025-11-04 20:00:00,39.3,30.3,49.8,27.6,53.5,31,39
TEST-00970,Sarbet,2025-11-05 11:00:00,20.19,13.7,27.8,11.7,30.5,16,22
TEST-00971,Bole,2025-11-07 18:00:00,51.73,41.4,63.7,38.4,68.0,40,49
TEST-00972,Ayat,2025-11-06 19:00:00,36.91,28.2,47.1,25.6,50.7,29,37
TEST-00973,Merkato,2025-11-10 13:00:00,111.8,96.8,129.3,92.3,135.6,86,100
TEST-00974,Megenagna,2025-11-09 17:00:00,59.53,48.5,72.4,45.2,76.9,46,56
TEST-00975,Bole,2025-11-06 07:00:00,57.76,46.9,70.4,43.7,74.9,45,55
TEST-00976,Piassa,2025-11-14 10:00:00,26.56,19.1,35.2,16.9,38.3,21,28
TEST-00977,Gerji,2025-11-11 09:00:00,31.37,23.3,40.7,20.9,44.1,25,32
TEST-00978,Bole,2025-11-13 06:00:00,68.13,56.4,81.8,52.8,86.7,53,63
TEST-00979,Kolfe,2025-11-02 15:00:00,47.03,37.2,58.4,34.3,62.5,37,45
TEST-00980,Lideta,2025-11-09 00:00:00,9.38,4.8,14.7,3.5,16.6,8,12
TEST-00981,Megenagna,2025-11-04 20:00:00,46.91,37.1,58.3,34.2,62.4,37,45
TEST-00982,Lideta,2025-11-03 04:00:00,8.49,4.1,13.6,2.8,15.4,7,11
TEST-00983,Sarbet,2025-11-08 08:00:00,24.51,17.4,32.8,15.2,35.8,19,26
TEST-00984,Lideta,2025-11-09 11:00:00,42.99,33.6,53.9,30.8,57.8,34,42
TEST-00985,Bole,2025-11-13 15:00:00,52.91,42.5,65.0,39.4,69.3,41,50
TEST-00986,Kazanchis,2025-11-11 19:00:00,85.67,72.5,101.0,68.5,106.5,66,78
TEST-00987,Bole,2025-11-06 08:00:00,46.78,37.0,58.2,34.1,62.2,36,45
TEST-00988,Piassa,2025-11-03 20:00:00,53.39,42.9,65.5,39.8,69.9,42,51
TEST-00989,Sarbet,2025-11-01 07:00:00,15.38,9.6,22.1,7.9,24.4,12,17
TEST-00990,Sarbet,2025-11-02 21:00:00,33.14,24.9,42.8,22.4,46.2,26,33
TEST-00991,Ayat,2025-11-08 13:00:00,33.5,25.2,43.2,22.7,46.6,26,34
TEST-00992,Megenagna,2025-11-09 12:00:00,60.03,49.0,72.9,45.7,77.5,47,57
TEST-00993,Piassa,2025-11-03 07:00:00,57.75,46.9,70.4,43.6,74.9,45,55
TEST-00994,Merkato,2025-11-08 22:00:00,6.69,2.8,11.3,1.6,12.9,6,9
TEST-00995,Gerji,2025-11-11 02:00:00,4.45,1.1,8.3,0.2,9.7,4,7
TEST-00996,Ayat,2025-11-10 07:00:00,47.02,37.2,58.4,34.3,62.5,37,45
TEST-00997,Sarbet,2025-11-14 21:00:00,34.59,26.1,44.4,23.6,47.9,27,35
TEST-00998,Merkato,2025-11-11 18:00:00,34.92,26.4,44.8,23.9,48.3,27,35
TEST-00999,Merkato,2025-11-03 23:00:00,3.84,0.7,7.5,0.0,8.8,3,6
TEST-01000,Megenagna,2025-11-08 06:00:00,22.55,15.7,30.5,13.6,33.4,18,24
TEST-01001,Merkato,2025-11-08 16:00:00,104.21,89.7,121.1,85.3,127.2,81,94
TEST-01002,Piassa,2025-11-04 05:00:00,7.53,3.4,12.3,2.2,14.1,6,10
TEST-01003,Lideta,2025-11-11 04:00:00,8.12,3.8,13.1,2.6,14.9,7,11
TEST-01004,Bole,2025-11-02 11:00:00,35.0,26.5,44.9,24.0,48.4,27,35
TEST-01005,Arat Kilo,2025-11-12 10:00:00,18.52,12.3,25.8,10.4,28.4,15,20
TEST-01006,Kazanchis,2025-11-09 15:00:00,27.63,20.1,36.4,17.8,39.6,22,28
TEST-01007,Arat Kilo,2025-11-01 01:00:00,4.26,1.0,8.0,0.0,9.4,4,7
TEST-01008,Kazanchis,2025-11-07 04:00:00,5.86,2.1,10.2,1.0,11.7,5,8
TEST-01009,Ayat,2025-11-05 12:00:00,15.01,9.3,21.6,7.6,24.0,12,17
TEST-01010,Sarbet,2025-11-04 04:00:00,7.25,3.2,12.0,2.0,13.7,6,10
TEST-01011,Sarbet,2025-11-06 04:00:00,7.69,3.5,12.5,2.3,14.3,6,10
TEST-01012,Bole,2025-11-13 05:00:00,61.2,50.0,74.2,46.7,78.8,48,58
TEST-01013,Arat Kilo,2025-11-04 07:00:00,41.69,32.4,52.5,29.7,56.3,33,41
TEST-01014,Merkato,2025-11-03 14:00:00,104.04,89.5,120.9,85.2,127.0,81,93
TEST-01015,Sarbet,2025-11-02 23:00:00,12.91,7.6,19.1,6.1,21.3,10,15
TEST-01016,Piassa,2025-11-02 10:00:00,22.17,15.4,30.1,13.3,32.9,18,24
TEST-01017,Kolfe,2025-11-14 00:00:00,7.01,3.0,11.7,1.8,13.4,6,9
TEST-01018,Megenagna,2025-11-08 14:00:00,58.25,47.3,70.9,44.1,75.5,45,55
TEST-01019,Gerji,2025-11-10 15:00:00,20.32,13.8,27.9,11.8,30.6,16,22
TEST-01020,Gerji,2025-11-03 18:00:00,44.92,35.3,56.1,32.4,60.1,35,44
TEST-01021,Gerji,2025-11-04 03:00:00,5.03,1.5,9.1,0.5,10.5,4,7
TEST-01022,Arat Kilo,2025-11-14 04:00:00,3.24,0.3,6.6,0.0,7.8,3,6
TEST-01023,Sarbet,2025-11-07 01:00:00,4.39,1.1,8.2,0.1,9.6,4,7
TEST-01024,Kolfe,2025-11-04 04:00:00,7.64,3.5,12.5,2.2,14.2,6,10
TEST-01025,Piassa,2025-11-13 08:00:00,72.83,60.7,87.0,57.0,92.1,57,67
TEST-01026,CMC,2025-11-14 13:00:00,24.11,17.0,32.4,14.9,35.3,19,25
TEST-01027,Megenagna,2025-11-08 11:00:00,57.21,46.4,69.8,43.2,74.3,45,54
TEST-01028,CMC,2025-11-06 01:00:00,5.55,1.9,9.8,0.8,11.3,5,8
TEST-01029,Piassa,2025-11-05 09:00:00,59.17,48.2,72.0,44.9,76.5,46,56
TEST-01030,Merkato,2025-11-12 08:00:00,76.5,64.0,91.0,60.3,96.2,59,70
TEST-01031,Sarbet,2025-11-06 02:00:00,4.11,0.9,7.8,0.0,9.2,4,6
TEST-01032,Merkato,2025-11-08 20:00:00,14.99,9.3,21.6,7.6,23.9,12,17
TEST-01033,Ayat,2025-11-13 03:00:00,3.59,0.6,7.1,0.0,8.4,3,6
TEST-01034,Merkato,2025-11-09 21:00:00,4.06,0.9,7.8,0.0,9.1,4,6
TEST-01035,Kolfe,2025-11-01 18:00:00,47.34,37.5,58.8,34.6,62.9,37,46
TEST-01036,Sarbet,2025-11-05 17:00:00,32.45,24.3,42.0,21.8,45.4,25,33
TEST-01037,Gerji,2025-11-10 05:00:00,21.66,14.9,29.5,12.9,32.3,17,23
TEST-01038,Arat Kilo,2025-11-08 11:00:00,19.37,13.0,26.8,11.1,29.5,15,21
TEST-01039,Sarbet,2025-11-07 19:00:00,51.06,40.8,62.9,37.8,67.2,40,49
TEST-01040,Arat Kilo,2025-11-13 20:00:00,35.38,26.8,45.3,24.3,48.9,28,35
TEST-01041,Merkato,2025-11-03 20:00:00,11.68,6.6,17.6,5.1,19.7,9,14
TEST-01042,Merkato,2025-11-02 14:00:00,48.91,38.9,60.5,35.9,64.7,38,47
TEST-01043,Piassa,2025-11-08 01:00:00,6.19,2.4,10.6,1.3,12.2,5,9
TEST-01044,Arat Kilo,2025-11-12 16:00:00,44.74,35.2,55.9,32.3,59.9,35,43
TEST-01045,Merkato,2025-11-02 21:00:00,4.21,1.0,8.0,0.0,9.3,4,7
TEST-01046,Megenagna,2025-11-05 22:00:00,14.28,8.7,20.7,7.1,23.0,11,16
TEST-01047,Megenagna,2025-11-11 23:00:00,8.94,4.5,14.1,3.1,16.0,7,11
TEST-01048,Lideta,2025-11-14 00:00:00,5.96,2.2,10.3,1.1,11.9,5,8
TEST-01049,Sarbet,2025-11-08 10:00:00,37.74,28.9,48.0,26.3,51.7,30,37
TEST-01050,Lideta,2025-11-01 02:00:00,9.29,4.7,14.6,3.4,16.5,8,12
TEST-01051,Kolfe,2025-11-08 18:00:00,44.81,35.2,56.0,32.4,60.0,35,44
TEST-01052,Merkato,2025-11-12 01:00:00,4.76,1.4,8.7,0.3,10.1,4,7
TEST-01053,Merkato,2025-11-12 06:00:00,45.35,35.7,56.6,32.8,60.6,35,44
TEST-01054,Ayat,2025-11-05 16:00:00,20.86,14.2,28.6,12.3,31.3,17,22
TEST-01055,Kolfe,2025-11-01 21:00:00,32.52,24.3,42.1,21.9,45.5,26,33
TEST-01056,Kolfe,2025-11-13 13:00:00,24.74,17.6,33.1,15.4,36.1,20,26
TEST-01057,Ayat,2025-11-01 13:00:00,33.64,25.3,43.3,22.8,46.8,26,34
TEST-01058,Megenagna,2025-11-03 05:00:00,22.96,16.0,31.0,14.0,33.9,18,24
TEST-01059,Ayat,2025-11-10 08:00:00,34.07,25.7,43.8,23.2,47.3,27,34
TEST-01060,Merkato,2025-11-02 22:00:00,3.0,0.2,6.3,0.0,7.5,3,5
TEST-01061,Kolfe,2025-11-04 02:00:00,4.23,1.0,8.0,0.0,9.3,4,7
TEST-01062,Megenagna,2025-11-14 14:00:00,54.56,44.0,66.8,40.8,71.2,42,52
TEST-01063,Merkato,2025-11-13 19:00:00,19.14,12.8,26.5,10.9,29.2,15,21
TEST-01064,Kazanchis,2025-11-01 15:00:00,29.1,21.3,38.1,19.0,41.4,23,30
TEST-01065,Lideta,2025-11-06 12:00:00,40.93,31.8,51.6,29.0,55.4,32,40
TEST-01066,Arat Kilo,2025-11-04 09:00:00,40.49,31.4,51.1,28.6,54.9,32,40
TEST-01067,Lideta,2025-11-01 21:00:00,23.18,16.2,31.3,14.1,34.2,18,25
TEST-01068,Ayat,2025-11-04 01:00:00,3.71,0.6,7.3,0.0,8.6,3,6
TEST-01069,Piassa,2025-11-10 04:00:00,5.45,1.8,9.6,0.8,11.1,5,8
TEST-01070,Piassa,2025-11-07 02:00:00,4.84,1.4,8.8,0.4,10.2,4,7
TEST-01071,Megenagna,2025-11-04 23:00:00,9.27,4.7,14.5,3.4,16.4,8,12
TEST-01072,Piassa,2025-11-10 14:00:00,45.97,36.3,57.3,33.4,61.3,36,45
TEST-01073,Bole,2025-11-12 20:00:00,53.21,42.8,65.3,39.7,69.7,41,51
TEST-01074,Bole,2025-11-12 11:00:00,37.96,29.1,48.2,26.5,51.9,30,38
TEST-01075,Lideta,2025-11-05 12:00:00,39.83,30.8,50.4,28.1,54.1,31,39
TEST-01076,Ayat,2025-11-01 11:00:00,30.6,22.6,39.9,20.3,43.2,24,31
TEST-01077,Arat Kilo,2025-11-01 20:00:00,24.92,17.7,33.3,15.5,36.3,20,26
TEST-01078,Kolfe,2025-11-12 11:00:00,23.5,16.5,31.7,14.4,34.6,19,25
TEST-01079,Lideta,2025-11-03 12:00:00,36.64,28.0,46.7,25.4,50.4,29,36
TEST-01080,Ayat,2025-11-10 13:00:00,18.35,12.1,25.6,10.3,28.2,15,20
TEST-01081,Megenagna,2025-11-10 10:00:00,35.48,26.9,45.4,24.4,49.0,28,35
TEST-01082,Arat Kilo,2025-11-12 09:00:00,52.43,42.1,64.5,39.0,68.8,41,50
TEST-01083,Sarbet,2025-11-12 06:00:00,42.97,33.6,53.9,30.8,57.8,34,42
TEST-01084,Megenagna,2025-11-03 19:00:00,81.64,68.8,96.6,64.9,102.0,63,75
TEST-01085,Megenagna,2025-11-10 02:00:00,6.88,2.9,11.5,1.7,13.2,6,9
TEST-01086,Lideta,2025-11-04 07:00:00,61.83,50.6,74.9,47.2,79.6,48,58
TEST-01087,Kolfe,2025-11-08 13:00:00,37.84,29.0,48.1,26.4,51.8,30,37
TEST-01088,Kazanchis,2025-11-13 20:00:00,60.31,49.2,73.2,45.9,77.8,47,57
TEST-01089,Merkato,2025-11-10 21:00:00,7.03,3.0,11.7,1.8,13.4,6,9
TEST-01090,Merkato,2025-11-05 16:00:00,77.87,65.3,92.5,61.5,97.7,60,72
TEST-01091,Lideta,2025-11-01 20:00:00,31.38,23.3,40.8,20.9,44.1,25,32
TEST-01092,Merkato,2025-11-01 12:00:00,134.28,117.8,153.4,112.9,160.3,104,118
TEST-01093,Bole,2025-11-12 23:00:00,18.47,12.2,25.7,10.4,28.3,15,20
TEST-01094,Arat Kilo,2025-11-08 18:00:00,24.26,17.1,32.5,15.0,35.5,19,25
TEST-01095,Gerji,2025-11-14 23:00:00,11.68,6.6,17.5,5.1,19.6,9,14
TEST-01096,Megenagna,2025-11-14 04:00:00,11.36,6.4,17.1,4.9,19.2,9,14
TEST-01097,Gerji,2025-11-06 02:00:00,4.23,1.0,8.0,0.0,9.3,4,7
TEST-01098,Sarbet,2025-11-10 15:00:00,18.21,12.0,25.4,10.1,28.0,15,20
TEST-01099,Kazanchis,2025-11-09 04:00:00,6.87,2.9,11.5,1.7,13.2,6,9
TEST-01100,Arat Kilo,2025-11-07 13:00:00,37.96,29.1,48.2,26.5,51.9,30,38
TEST-01101,Arat Kilo,2025-11-11 10:00:00,20.28,13.7,27.9,11.8,30.6,16,22
TEST-01102,Bole,2025-11-08 19:00:00,69.69,57.8,83.5,54.2,88.5,54,65
TEST-01103,CMC,2025-11-08 22:00:00,22.55,15.7,30.5,13.6,33.4,18,24
TEST-01104,Bole,2025-11-05 20:00:00,54.63,44.1,66.9,40.9,71.3,43,52
TEST-01105,Piassa,2025-11-09 12:00:00,28.84,21.1,37.8,18.8,41.1,23,30
TEST-01106,Lideta,2025-11-06 15:00:00,34.28,25.9,44.1,23.4,47.6,27,34
TEST-01107,Kazanchis,2025-11-11 16:00:00,67.74,56.0,81.4,52.5,86.3,53,63
TEST-01108,Arat Kilo,2025-11-06 00:00:00,3.91,0.8,7.6,0.0,8.9,4,6
TEST-01109,Kazanchis,2025-11-02 19:00:00,44.32,34.8,55.4,31.9,59.4,35,43
TEST-01110,Megenagna,2025-11-06 05:00:00,21.91,15.1,29.8,13.1,32.6,17,23
TEST-01111,Arat Kilo,2025-11-02 20:00:00,23.12,16.2,31.2,14.1,34.1,18,24
TEST-01112,Piassa,2025-11-03 09:00:00,56.31,45.6,68.8,42.4,73.3,44,53
TEST-01113,Merkato,2025-11-06 17:00:00,51.6,41.3,63.5,38.3,67.8,40,49
TEST-01114,CMC,2025-11-09 12:00:00,48.08,38.2,59.6,35.2,63.8,37,46
TEST-01115,Bole,2025-11-12 01:00:00,12.61,7.4,18.7,5.8,20.9,10,15
TEST-01116,Arat Kilo,2025-11-02 01:00:00,5.19,1.7,9.3,0.6,10.8,4,8
TEST-01117,Megenagna,2025-11-14 17:00:00,100.26,86.0,116.8,81.7,122.8,78,90
TEST-01118,Ayat,2025-11-03 12:00:00,17.67,11.5,24.8,9.7,27.3,14,20
TEST-01119,Arat Kilo,2025-11-08 21:00:00,17.87,11.7,25.0,9.9,27.6,14,20
TEST-01120,Piassa,2025-11-04 11:00:00,20.32,13.8,27.9,11.8,30.7,16,22
TEST-01121,Lideta,2025-11-12 08:00:00,65.46,53.9,78.9,50.5,83.7,51,61
TEST-01122,Ayat,2025-11-02 17:00:00,52.61,42.2,64.7,39.1,69.0,41,50
TEST-01123,CMC,2025-11-04 12:00:00,25.61,18.3,34.1,16.1,37.2,20,27
TEST-01124,Merkato,2025-11-14 04:00:00,8.2,3.9,13.2,2.6,15.0,7,11
TEST-01125,Kolfe,2025-11-10 03:00:00,4.5,1.2,8.4,0.2,9.7,4,7
TEST-01126,Ayat,2025-11-11 10:00:00,17.25,11.2,24.3,9.4,26.8,14,19
TEST-01127,Lideta,2025-11-10 13:00:00,37.98,29.1,48.3,26.5,52.0,30,38
TEST-01128,Sarbet,2025-11-06 16:00:00,22.23,15.4,30.2,13.4,33.0,18,24
TEST-01129,Lideta,2025-11-01 14:00:00,45.9,36.2,57.2,33.3,61.2,36,44
TEST-01130,Gerji,2025-11-09 06:00:00,13.14,7.8,19.3,6.2,21.6,11,15
TEST-01131,Piassa,2025-11-10 00:00:00,5.51,1.9,9.7,0.8,11.2,5,8
TEST-01132,Megenagna,2025-11-07 09:00:00,64.27,52.8,77.6,49.4,82.3,50,60
TEST-01133,Gerji,2025-11-03 11:00:00,22.91,16.0,31.0,13.9,33.9,18,24
TEST-01134,Gerji,2025-11-05 10:00:00,21.63,14.9,29.5,12.9,32.3,17,23
TEST-01135,Gerji,2025-11-05 09:00:00,29.07,21.3,38.1,19.0,41.3,23,30
TEST-01136,Merkato,2025-11-10 23:00:00,3.84,0.7,7.5,0.0,8.8,3,6
TEST-01137,Ayat,2025-11-04 04:00:00,6.63,2.7,11.2,1.5,12.8,6,9
TEST-01138,Megenagna,2025-11-02 15:00:00,69.08,57.2,82.9,53.7,87.8,54,64
TEST-01139,Merkato,2025-11-14 00:00:00,4.73,1.3,8.7,0.3,10.1,4,7
TEST-01140,Gerji,2025-11-07 12:00:00,23.57,16.6,31.7,14.5,34.7,19,25
TEST-01141,Gerji,2025-11-11 00:00:00,6.07,2.3,10.4,1.2,12.0,5,8
TEST-01142,Megenagna,2025-11-07 17:00:00,97.69,83.6,114.1,79.4,119.9,76,88
TEST-01143,Piassa,2025-11-12 02:00:00,4.27,1.0,8.1,0.0,9.4,4,7
TEST-01144,Merkato,2025-11-05 23:00:00,4.46,1.1,8.3,0.2,9.7,4,7
TEST-01145,CMC,2025-11-12 04:00:00,8.7,4.3,13.8,3.0,15.7,7,11
TEST-01146,Kazanchis,2025-11-14 08:00:00,85.67,72.5,101.0,68.5,106.5,66,78
TEST-01147,Piassa,2025-11-04 10:00:00,27.58,20.0,36.4,17.7,39.5,22,28
TEST-01148,Sarbet,2025-11-12 21:00:00,27.41,19.9,36.2,17.6,39.3,22,28
TEST-01149,Sarbet,2025-11-09 20:00:00,35.76,27.2,45.7,24.6,49.3,28,36
TEST-01150,CMC,2025-11-14 23:00:00,12.25,7.1,18.3,5.6,20.4,10,15
TEST-01151,Kazanchis,2025-11-11 20:00:00,57.31,46.5,69.9,43.3,74.4,45,54
TEST-01152,Sarbet,2025-11-04 23:00:00,9.57,5.0,14.9,3.6,16.8,8,12
TEST-01153,Arat Kilo,2025-11-11 05:00:00,6.37,2.5,10.8,1.4,12.5,5,9
TEST-01154,Kazanchis,2025-11-09 20:00:00,33.8,25.4,43.5,22.9,47.0,26,34
TEST-01155,Merkato,2025-11-06 10:00:00,95.52,81.6,111.7,77.4,117.5,74,86
TEST-01156,Megenagna,2025-11-02 08:00:00,36.31,27.7,46.4,25.1,50.0,28,36
TEST-01157,Ayat,2025-11-07 00:00:00,5.17,1.7,9.3,0.6,10.7,4,8
TEST-01158,CMC,2025-11-10 22:00:00,22.1,15.3,30.0,13.3,32.9,17,24
TEST-01159,Merkato,2025-11-02 07:00:00,42.47,33.1,53.3,30.3,57.2,33,41
TEST-01160,Kolfe,2025-11-08 12:00:00,40.93,31.8,51.6,29.0,55.4,32,40
TEST-01161,Sarbet,2025-11-07 14:00:00,18.04,11.9,25.2,10.0,27.8,14,20
TEST-01162,Piassa,2025-11-04 20:00:00,55.03,44.4,67.4,41.3,71.8,43,52
TEST-01163,Lideta,2025-11-14 11:00:00,36.74,28.0,46.9,25.4,50.5,29,37
TEST-01164,Sarbet,2025-11-09 12:00:00,42.4,33.1,53.2,30.3,57.1,33,41
TEST-01165,Megenagna,2025-11-07 13:00:00,57.4,46.6,70.0,43.3,74.5,45,54
TEST-01166,Megenagna,2025-11-04 19:00:00,80.59,67.8,95.5,64.0,100.8,62,74
TEST-01167,Piassa,2025-11-03 15:00:00,41.15,32.0,51.8,29.2,55.7,32,40
TEST-01168,CMC,2025-11-05 15:00:00,19.9,13.4,27.4,11.5,30.1,16,22
TEST-01169,Kazanchis,2025-11-04 23:00:00,10.05,5.3,15.5,3.9,17.5,8,12
TEST-01170,Piassa,2025-11-13 09:00:00,58.4,47.5,71.1,44.2,75.6,45,55
TEST-01171,Megenagna,2025-11-12 04:00:00,11.5,6.5,17.3,5.0,19.4,9,14
TEST-01172,Bole,2025-11-12 02:00:00,11.89,6.8,17.8,5.3,19.9,10,14
TEST-01173,Kazanchis,2025-11-12 07:00:00,63.82,52.4,77.1,49.0,81.8,50,60
TEST-01174,Lideta,2025-11-01 18:00:00,45.58,35.9,56.8,33.0,60.9,36,44
TEST-01175,Arat Kilo,2025-11-11 20:00:00,39.07,30.1,49.5,27.4,53.2,31,39
TEST-01176,Piassa,2025-11-04 02:00:00,4.18,1.0,7.9,0.0,9.3,4,7
TEST-01177,Bole,2025-11-12 15:00:00,33.36,25.1,43.0,22.6,46.5,26,34
TEST-01178,Bole,2025-11-07 02:00:00,11.38,6.4,17.2,4.9,19.2,9,14
TEST-01179,Merkato,2025-11-14 12:00:00,102.56,88.1,119.3,83.8,125.3,79,92
TEST-01180,Gerji,2025-11-07 01:00:00,4.59,1.2,8.5,0.2,9.9,4,7
TEST-01181,Kazanchis,2025-11-04 09:00:00,59.71,48.7,72.5,45.4,77.1,46,56
TEST-01182,Merkato,2025-11-13 08:00:00,82.54,69.6,97.6,65.7,103.0,64,76
TEST-01183,Arat Kilo,2025-11-13 05:00:00,6.31,2.5,10.8,1.3,12.4,5,9
TEST-01184,Bole,2025-11-14 03:00:00,15.42,9.7,22.1,8.0,24.5,12,17
TEST-01185,Megenagna,2025-11-09 05:00:00,15.98,10.1,22.8,8.4,25.2,13,18
TEST-01186,Gerji,2025-11-14 15:00:00,22.08,15.3,30.0,13.2,32.8,17,24
TEST-01187,Kolfe,2025-11-01 00:00:00,9.02,4.5,14.2,3.2,16.1,7,11
TEST-01188,Megenagna,2025-11-10 05:00:00,14.25,8.7,20.7,7.1,23.0,11,16
TEST-01189,Megenagna,2025-11-07 01:00:00,8.69,4.3,13.8,3.0,15.7,7,11
TEST-01190,Ayat,2025-11-09 04:00:00,4.25,1.0,8.0,0.0,9.4,4,7
TEST-01191,Kolfe,2025-11-12 07:00:00,58.84,47.9,71.6,44.6,76.2,46,56
TEST-01192,Megenagna,2025-11-09 11:00:00,56.28,45.6,68.8,42.4,73.2,44,53
TEST-01193,Gerji,2025-11-05 12:00:00,23.15,16.2,31.2,14.1,34.2,18,24
TEST-01194,Megenagna,2025-11-08 16:00:00,62.67,51.4,75.8,48.0,80.5,49,59
TEST-01195,Kolfe,2025-11-13 10:00:00,21.92,15.1,29.8,13.1,32.6,17,23
TEST-01196,Sarbet,2025-11-09 08:00:00,26.44,19.0,35.1,16.8,38.2,21,27
TEST-01197,Megenagna,2025-11-09 08:00:00,35.2,26.7,45.1,24.1,48.7,28,35
TEST-01198,Sarbet,2025-11-11 08:00:00,46.13,36.4,57.4,33.5,61.5,36,45
TEST-01199,Bole,2025-11-03 20:00:00,54.86,44.3,67.2,41.1,71.6,43,52
TEST-01200,Megenagna,2025-11-02 03:00:00,11.68,6.6,17.5,5.1,19.7,9,14
TEST-01201,Piassa,2025-11-14 01:00:00,4.84,1.4,8.8,0.4,10.3,4,7
TEST-01202,Kolfe,2025-11-06 01:00:00,4.56,1.2,8.4,0.2,9.8,4,7
TEST-01203,Megenagna,2025-11-07 11:00:00,50.2,40.1,62.0,37.0,66.2,39,48
TEST-01204,Merkato,2025-11-12 10:00:00,94.9,81.0,111.0,76.9,116.8,73,86
TEST-01205,Ayat,2025-11-12 22:00:00,17.01,11.0,24.0,9.2,26.5,14,19
TEST-01206,Arat Kilo,2025-11-04 19:00:00,53.86,43.4,66.1,40.2,70.4,42,51
TEST-01207,Ayat,2025-11-04 21:00:00,23.04,16.1,31.1,14.0,34.0,18,24
TEST-01208,Piassa,2025-11-08 03:00:00,5.22,1.7,9.3,0.6,10.8,5,8
TEST-01209,Megenagna,2025-11-08 20:00:00,39.73,30.7,50.2,28.0,54.0,31,39
TEST-01210,Piassa,2025-11-09 07:00:00,9.12,4.6,14.4,3.3,16.2,8,12
TEST-01211,Megenagna,2025-11-02 16:00:00,62.63,51.3,75.8,48.0,80.5,49,59
TEST-01212,Bole,2025-11-11 14:00:00,44.48,34.9,55.6,32.1,59.6,35,43
TEST-01213,Lideta,2025-11-09 21:00:00,23.37,16.4,31.5,14.3,34.4,18,25
TEST-01214,Sarbet,2025-11-09 02:00:00,4.77,1.4,8.7,0.4,10.2,4,7
TEST-01215,Kolfe,2025-11-06 04:00:00,7.69,3.5,12.6,2.3,14.3,6,10
TEST-01216,CMC,2025-11-07 18:00:00,58.16,47.3,70.8,44.0,75.4,45,55
TEST-01217,Sarbet,2025-11-06 05:00:00,18.05,11.9,25.2,10.0,27.8,14,20
TEST-01218,Lideta,2025-11-07 08:00:00,68.99,57.1,82.8,53.6,87.7,54,64
TEST-01219,Sarbet,2025-11-04 02:00:00,4.1,0.9,7.8,0.0,9.2,4,6
TEST-01220,Kazanchis,2025-11-10 23:00:00,10.69,5.8,16.3,4.4,18.3,9,13
TEST-01221,Ayat,2025-11-11 22:00:00,18.5,12.2,25.8,10.4,28.4,15,20
TEST-01222,Kazanchis,2025-11-12 04:00:00,5.26,1.7,9.4,0.7,10.9,5,8
TEST-01223,Piassa,2025-11-09 20:00:00,28.49,20.8,37.4,18.5,40.6,22,29
TEST-01224,Merkato,2025-11-06 02:00:00,4.29,1.0,8.1,0.1,9.4,4,7
TEST-01225,Arat Kilo,2025-11-10 07:00:00,43.75,34.3,54.8,31.4,58.7,34,43
TEST-01226,Gerji,2025-11-12 18:00:00,49.79,39.7,61.5,36.7,65.7,39,48
TEST-01227,Lideta,2025-11-04 13:00:00,42.92,33.5,53.8,30.7,57.8,34,42
TEST-01228,Bole,2025-11-08 16:00:00,48.34,38.4,59.9,35.4,64.1,38,47
TEST-01229,Lideta,2025-11-06 10:00:00,38.93,30.0,49.3,27.3,53.1,30,38
TEST-01230,CMC,2025-11-02 16:00:00,48.2,38.3,59.8,35.3,63.9,38,46
TEST-01231,CMC,2025-11-10 01:00:00,4.81,1.4,8.8,0.4,10.2,4,7
TEST-01232,Piassa,2025-11-11 21:00:00,31.87,23.8,41.3,21.3,44.7,25,32
TEST-01233,Kolfe,2025-11-09 17:00:00,44.88,35.3,56.0,32.4,60.0,35,44
TEST-01234,Piassa,2025-11-14 20:00:00,61.05,49.9,74.0,46.6,78.7,47,57
TEST-01235,Arat Kilo,2025-11-14 07:00:00,42.8,33.4,53.7,30.6,57.6,33,42
TEST-01236,Bole,2025-11-02 20:00:00,74.33,62.0,88.6,58.4,93.8,58,69
TEST-01237,Arat Kilo,2025-11-07 03:00:00,3.86,0.7,7.5,0.0,8.8,3,6
TEST-01238,Merkato,2025-11-09 11:00:00,46.39,36.6,57.7,33.7,61.8,36,45
TEST-01239,Kolfe,2025-11-09 15:00:00,41.42,32.2,52.1,29.4,56.0,32,41
TEST-01240,Merkato,2025-11-07 03:00:00,5.87,2.2,10.2,1.0,11.7,5,8
TEST-01241,Gerji,2025-11-10 03:00:00,4.56,1.2,8.4,0.2,9.8,4,7
TEST-01242,Merkato,2025-11-14 13:00:00,107.89,93.1,125.1,88.7,131.2,83,97
TEST-01243,Gerji,2025-11-02 20:00:00,46.37,36.6,57.7,33.7,61.8,36,45
TEST-01244,Kolfe,2025-11-13 06:00:00,44.45,34.9,55.6,32.0,59.5,35,43
TEST-01245,Gerji,2025-11-01 15:00:00,44.8,35.2,55.9,32.3,59.9,35,43
TEST-01246,Gerji,2025-11-03 03:00:00,4.44,1.1,8.3,0.1,9.7,4,7
TEST-01247,Kazanchis,2025-11-07 14:00:00,49.5,39.4,61.2,36.4,65.4,39,48
TEST-01248,Lideta,2025-11-08 08:00:00,29.54,21.7,38.6,19.4,41.9,23,30
TEST-01249,Arat Kilo,2025-11-03 18:00:00,64.72,53.2,78.1,49.8,82.9,50,61
TEST-01250,Gerji,2025-11-03 17:00:00,35.58,27.0,45.5,24.5,49.1,28,35
TEST-01251,CMC,2025-11-10 15:00:00,21.28,14.6,29.1,12.6,31.8,17,23
TEST-01252,CMC,2025-11-08 03:00:00,6.48,2.6,11.0,1.4,12.6,5,9
TEST-01253,CMC,2025-11-14 11:00:00,25.86,18.5,34.4,16.3,37.5,20,27
TEST-01254,Sarbet,2025-11-01 17:00:00,42.63,33.3,53.5,30.5,57.4,33,42
TEST-01255,Bole,2025-11-12 08:00:00,51.54,41.3,63.5,38.2,67.8,40,49
TEST-01256,Merkato,2025-11-14 22:00:00,4.77,1.4,8.7,0.3,10.1,4,7
TEST-01257,Gerji,2025-11-12 13:00:00,22.67,15.8,30.7,13.7,33.6,18,24
TEST-01258,Gerji,2025-11-03 07:00:00,58.18,47.3,70.9,44.0,75.4,45,55
TEST-01259,Bole,2025-11-03 06:00:00,65.42,53.9,78.8,50.4,83.7,51,61
TEST-01260,Kolfe,2025-11-03 23:00:00,12.24,7.1,18.2,5.5,20.4,10,14
TEST-01261,Merkato,2025-11-12 20:00:00,12.68,7.4,18.8,5.9,21.0,10,15
TEST-01262,Piassa,2025-11-12 06:00:00,24.91,17.7,33.3,15.5,36.3,20,26
TEST-01263,Kazanchis,2025-11-13 17:00:00,123.99,108.2,142.4,103.4,149.0,96,110
TEST-01264,Merkato,2025-11-10 11:00:00,91.82,78.2,107.7,74.1,113.4,71,83
TEST-01265,Kolfe,2025-11-09 08:00:00,23.97,16.9,32.2,14.8,35.2,19,25
TEST-01266,Sarbet,2025-11-13 16:00:00,30.63,22.7,39.9,20.3,43.2,24,31
TEST-01267,Kolfe,2025-11-08 05:00:00,7.51,3.4,12.3,2.1,14.0,6,10
TEST-01268,Kolfe,2025-11-01 01:00:00,6.06,2.3,10.4,1.2,12.0,5,8
TEST-01269,Gerji,2025-11-04 09:00:00,30.69,22.7,40.0,20.3,43.3,24,31
TEST-01270,Sarbet,2025-11-09 05:00:00,6.68,2.8,11.2,1.6,12.9,6,9
TEST-01271,Arat Kilo,2025-11-08 23:00:00,8.07,3.8,13.0,2.5,14.8,7,10
TEST-01272,Lideta,2025-11-05 08:00:00,65.67,54.1,79.1,50.6,83.9,51,61
TEST-01273,Megenagna,2025-11-05 05:00:00,23.99,16.9,32.2,14.8,35.2,19,25
TEST-01274,Arat Kilo,2025-11-04 02:00:00,3.49,0.5,7.0,0.0,8.2,3,6
TEST-01275,Ayat,2025-11-07 17:00:00,30.51,22.6,39.8,20.2,43.1,24,31
TEST-01276,Lideta,2025-11-12 04:00:00,7.75,3.6,12.6,2.3,14.4,6,10
TEST-01277,Megenagna,2025-11-14 05:00:00,22.03,15.2,29.9,13.2,32.8,17,23
TEST-01278,Kazanchis,2025-11-14 22:00:00,20.77,14.2,28.5,12.2,31.2,16,22
TEST-01279,Merkato,2025-11-07 10:00:00,85.39,72.2,100.7,68.3,106.2,66,78
TEST-01280,CMC,2025-11-11 23:00:00,11.01,6.1,16.7,4.6,18.8,9,13
TEST-01281,Piassa,2025-11-09 22:00:00,15.65,9.9,22.4,8.1,24.8,13,18
TEST-01282,Bole,2025-11-08 04:00:00,34.23,25.8,44.0,23.3,47.5,27,34
TEST-01283,Lideta,2025-11-13 15:00:00,54.09,43.6,66.3,40.4,70.7,42,51
TEST-01284,Piassa,2025-11-13 00:00:00,4.6,1.2,8.5,0.2,9.9,4,7
TEST-01285,Bole,2025-11-08 06:00:00,53.34,42.9,65.5,39.8,69.8,42,51
TEST-01286,Kazanchis,2025-11-13 04:00:00,5.59,2.0,9.8,0.9,11.3,5,8
TEST-01287,Ayat,2025-11-11 09:00:00,22.9,16.0,31.0,13.9,33.8,18,24
TEST-01288,Megenagna,2025-11-09 07:00:00,29.57,21.7,38.7,19.4,41.9,23,30
TEST-01289,Sarbet,2025-11-06 15:00:00,18.77,12.5,26.1,10.6,28.7,15,21
TEST-01290,Merkato,2025-11-13 09:00:00,77.01,64.5,91.6,60.8,96.8,60,71
TEST-01291,Kazanchis,2025-11-14 11:00:00,23.88,16.8,32.1,14.7,35.0,19,25
TEST-01292,Gerji,2025-11-03 23:00:00,12.63,7.4,18.7,5.8,20.9,10,15
TEST-01293,CMC,2025-11-01 23:00:00,13.99,8.5,20.4,6.9,22.6,11,16
TEST-01294,Merkato,2025-11-09 07:00:00,41.37,32.1,52.1,29.4,55.9,32,41
TEST-01295,Gerji,2025-11-10 04:00:00,8.27,4.0,13.3,2.7,15.1,7,11
TEST-01296,Megenagna,2025-11-03 20:00:00,46.39,36.6,57.7,33.7,61.8,36,45
TEST-01297,Piassa,2025-11-03 03:00:00,4.3,1.0,8.1,0.1,9.5,4,7
TEST-01298,Arat Kilo,2025-11-02 19:00:00,25.18,17.9,33.6,15.8,36.6,20,26
TEST-01299,Lideta,2025-11-04 05:00:00,16.78,10.8,23.7,9.0,26.2,13,19
TEST-01300,CMC,2025-11-02 19:00:00,53.38,42.9,65.5,39.8,69.9,42,51
TEST-01301,Kolfe,2025-11-01 10:00:00,42.69,33.3,53.6,30.5,57.5,33,42
TEST-01302,Kazanchis,2025-11-09 14:00:00,34.84,26.4,44.7,23.8,48.2,27,35
TEST-01303,Lideta,2025-11-11 21:00:00,17.6,11.5,24.7,9.7,27.2,14,19
TEST-01304,Piassa,2025-11-02 14:00:00,24.55,17.4,32.9,15.2,35.9,19,26
TEST-01305,CMC,2025-11-08 17:00:00,48.59,38.6,60.2,35.6,64.3,38,47
TEST-01306,Kolfe,2025-11-11 11:00:00,20.97,14.3,28.7,12.3,31.5,17,23
TEST-01307,Megenagna,2025-11-03 12:00:00,51.81,41.5,63.8,38.4,68.1,40,50
TEST-01308,Sarbet,2025-11-14 12:00:00,19.64,13.2,27.1,11.3,29.8,16,21
TEST-01309,Kazanchis,2025-11-10 04:00:00,5.1,1.6,9.2,0.6,10.6,4,8
TEST-01310,Megenagna,2025-11-11 17:00:00,88.51,75.1,104.1,71.1,109.7,69,81
TEST-01311,Ayat,2025-11-03 20:00:00,33.95,25.6,43.7,23.1,47.2,27,34
TEST-01312,Megenagna,2025-11-10 00:00:00,9.42,4.8,14.7,3.5,16.6,8,12
TEST-01313,Bole,2025-11-13 17:00:00,54.2,43.7,66.4,40.5,70.8,42,52
TEST-01314,Megenagna,2025-11-11 03:00:00,9.37,4.8,14.7,3.4,16.6,8,12
TEST-01315,Gerji,2025-11-06 00:00:00,6.19,2.4,10.6,1.3,12.2,5,9
TEST-01316,Megenagna,2025-11-06 03:00:00,9.81,5.2,15.2,3.8,17.2,8,12
TEST-01317,Ayat,2025-11-09 21:00:00,23.37,16.4,31.5,14.3,34.4,18,25
TEST-01318,CMC,2025-11-10 12:00:00,26.92,19.4,35.6,17.2,38.7,21,28
TEST-01319,Gerji,2025-11-12 06:00:00,47.99,38.1,59.5,35.1,63.7,37,46
TEST-01320,CMC,2025-11-06 12:00:00,28.97,21.2,38.0,18.9,41.2,23,30
TEST-01321,Merkato,2025-11-12 11:00:00,97.64,83.6,114.0,79.4,119.9,76,88
TEST-01322,Piassa,2025-11-10 03:00:00,4.4,1.1,8.2,0.1,9.6,4,7
TEST-01323,Kolfe,2025-11-07 14:00:00,19.99,13.5,27.5,11.6,30.2,16,22
TEST-01324,Sarbet,2025-11-12 10:00:00,20.77,14.2,28.5,12.2,31.2,16,22
TEST-01325,Lideta,2025-11-11 12:00:00,40.28,31.2,50.9,28.5,54.7,31,40
TEST-01326,Lideta,2025-11-07 05:00:00,16.11,10.3,22.9,8.5,25.4,13,18
TEST-01327,Kazanchis,2025-11-01 00:00:00,7.51,3.4,12.3,2.1,14.0,6,10
TEST-01328,Ayat,2025-11-12 00:00:00,5.34,1.8,9.5,0.7,11.0,5,8
TEST-01329,Ayat,2025-11-01 08:00:00,18.29,12.1,25.5,10.2,28.1,15,20
TEST-01330,Gerji,2025-11-09 04:00:00,7.3,3.2,12.0,2.0,13.7,6,10
TEST-01331,Gerji,2025-11-08 21:00:00,31.5,23.4,40.9,21.0,44.3,25,32
TEST-01332,Merkato,2025-11-01 03:00:00,7.69,3.5,12.5,2.3,14.3,6,10
TEST-01333,Ayat,2025-11-08 07:00:00,13.9,8.4,20.3,6.8,22.5,11,16
TEST-01334,Ayat,2025-11-07 20:00:00,35.45,26.9,45.4,24.3,49.0,28,35
TEST-01335,Kolfe,2025-11-02 17:00:00,71.92,59.8,86.0,56.2,91.0,56,67
TEST-01336,Sarbet,2025-11-09 21:00:00,31.0,23.0,40.3,20.6,43.7,24,31
TEST-01337,Megenagna,2025-11-06 21:00:00,23.35,16.4,31.5,14.3,34.4,18,25
TEST-01338,Sarbet,2025-11-04 12:00:00,20.81,14.2,28.5,12.2,31.3,17,22
TEST-01339,Piassa,2025-11-07 20:00:00,60.88,49.7,73.8,46.4,78.5,47,57
TEST-01340,Kazanchis,2025-11-01 09:00:00,19.48,13.1,26.9,11.2,29.6,15,21
TEST-01341,Kazanchis,2025-11-04 02:00:00,5.44,1.8,9.6,0.8,11.1,5,8
TEST-01342,Kazanchis,2025-11-12 03:00:00,5.98,2.2,10.3,1.1,11.9,5,8
TEST-01343,CMC,2025-11-06 11:00:00,25.38,18.1,33.8,15.9,36.9,20,26
TEST-01344,Bole,2025-11-09 21:00:00,75.4,63.0,89.8,59.3,95.0,58,70
TEST-01345,CMC,2025-11-02 07:00:00,17.95,11.8,25.1,9.9,27.7,14,20
TEST-01346,Kazanchis,2025-11-12 22:00:00,20.73,14.1,28.4,12.2,31.2,16,22
TEST-01347,Megenagna,2025-11-13 23:00:00,11.11,6.2,16.8,4.7,18.9,9,13
TEST-01348,Arat Kilo,2025-11-08 04:00:00,3.97,0.8,7.6,0.0,9.0,4,6
TEST-01349,Arat Kilo,2025-11-06 21:00:00,23.25,16.3,31.4,14.2,34.3,18,25
TEST-01350,Ayat,2025-11-14 16:00:00,17.31,11.2,24.4,9.4,26.9,14,19
TEST-01351,Kazanchis,2025-11-05 16:00:00,77.15,64.6,91.7,60.9,96.9,60,71
TEST-01352,Lideta,2025-11-10 04:00:00,8.55,4.2,13.6,2.9,15.5,7,11
TEST-01353,Gerji,2025-11-04 20:00:00,44.49,34.9,55.6,32.1,59.6,35,43
TEST-01354,CMC,2025-11-10 14:00:00,22.32,15.5,30.3,13.4,33.1,18,24
TEST-01355,Bole,2025-11-06 19:00:00,57.11,46.3,69.7,43.1,74.2,44,54
TEST-01356,Bole,2025-11-11 02:00:00,11.36,6.4,17.2,4.9,19.2,9,14
TEST-01357,Megenagna,2025-11-01 16:00:00,65.42,53.9,78.8,50.4,83.7,51,61
TEST-01358,Sarbet,2025-11-03 20:00:00,39.4,30.4,49.9,27.7,53.6,31,39
TEST-01359,Kolfe,2025-11-04 08:00:00,46.84,37.0,58.2,34.1,62.3,37,45
TEST-01360,Merkato,2025-11-08 07:00:00,102.34,87.9,119.1,83.6,125.1,79,92
TEST-01361,Merkato,2025-11-05 06:00:00,47.61,37.7,59.1,34.8,63.2,37,46
TEST-01362,Kazanchis,2025-11-11 22:00:00,18.17,12.0,25.4,10.1,28.0,14,20
TEST-01363,Kazanchis,2025-11-02 08:00:00,15.26,9.5,21.9,7.8,24.3,12,17
TEST-01364,CMC,2025-11-10 13:00:00,22.88,16.0,30.9,13.9,33.8,18,24
TEST-01365,CMC,2025-11-13 01:00:00,5.36,1.8,9.5,0.7,11.0,5,8
TEST-01366,Sarbet,2025-11-03 00:00:00,4.93,1.5,8.9,0.5,10.4,4,7
TEST-01367,Megenagna,2025-11-07 03:00:00,9.71,5.1,15.1,3.7,17.0,8,12
TEST-01368,Arat Kilo,2025-11-13 09:00:00,40.24,31.1,50.8,28.4,54.6,31,40
TEST-01369,Kazanchis,2025-11-11 12:00:00,43.35,33.9,54.3,31.1,58.3,34,42
TEST-01370,Merkato,2025-11-07 19:00:00,22.57,15.7,30.6,13.6,33.4,18,24
TEST-01371,Ayat,2025-11-10 19:00:00,37.75,28.9,48.0,26.3,51.7,30,37
TEST-01372,Piassa,2025-11-05 18:00:00,95.63,81.7,111.8,77.5,117.6,74,86
TEST-01373,Megenagna,2025-11-11 19:00:00,82.25,69.3,97.3,65.5,102.7,64,75
TEST-01374,Arat Kilo,2025-11-14 19:00:00,59.29,48.3,72.1,45.0,76.7,46,56
TEST-01375,Merkato,2025-11-10 03:00:00,5.57,1.9,9.8,0.9,11.3,5,8
TEST-01376,Merkato,2025-11-02 11:00:00,49.51,39.4,61.2,36.4,65.4,39,48
TEST-01377,Piassa,2025-11-13 23:00:00,8.15,3.9,13.1,2.6,14.9,7,11
TEST-01378,Sarbet,2025-11-08 22:00:00,19.4,13.0,26.8,11.1,29.5,15,21
TEST-01379,Kolfe,2025-11-04 11:00:00,21.02,14.4,28.7,12.4,31.5,17,23
TEST-01380,Ayat,2025-11-12 06:00:00,33.69,25.3,43.4,22.9,46.9,26,34
TEST-01381,Megenagna,2025-11-10 04:00:00,8.55,4.2,13.6,2.9,15.5,7,11
TEST-01382,Kolfe,2025-11-06 20:00:00,42.94,33.6,53.9,30.7,57.8,34,42
TEST-01383,Gerji,2025-11-14 05:00:00,20.43,13.9,28.1,11.9,30.8,16,22
TEST-01384,CMC,2025-11-03 10:00:00,23.7,16.7,31.9,14.6,34.8,19,25
TEST-01385,Piassa,2025-11-06 02:00:00,5.11,1.6,9.2,0.6,10.6,4,8
TEST-01386,Lideta,2025-11-03 17:00:00,62.77,51.5,75.9,48.1,80.6,49,59
TEST-01387,Megenagna,2025-11-01 04:00:00,13.43,8.0,19.7,6.4,21.9,11,16
TEST-01388,Bole,2025-11-04 13:00:00,45.88,36.2,57.2,33.3,61.2,36,44
TEST-01389,Kolfe,2025-11-04 21:00:00,31.71,23.6,41.1,21.2,44.5,25,32
TEST-01390,Kolfe,2025-11-04 09:00:00,28.6,20.9,37.6,18.6,40.8,22,29
TEST-01391,Piassa,2025-11-13 11:00:00,22.93,16.0,31.0,13.9,33.9,18,24
TEST-01392,Kazanchis,2025-11-11 00:00:00,6.06,2.3,10.4,1.2,12.0,5,8
TEST-01393,Merkato,2025-11-05 19:00:00,22.24,15.4,30.2,13.4,33.0,18,24
TEST-01394,CMC,2025-11-07 06:00:00,47.46,37.6,58.9,34.6,63.0,37,46
TEST-01395,Sarbet,2025-11-09 09:00:00,31.97,23.8,41.4,21.4,44.8,25,32
TEST-01396,Kazanchis,2025-11-04 11:00:00,24.68,17.5,33.0,15.4,36.0,19,26
TEST-01397,Lideta,2025-11-04 12:00:00,39.57,30.5,50.1,27.9,53.8,31,39
TEST-01398,Sarbet,2025-11-03 09:00:00,25.84,18.5,34.4,16.3,37.4,20,27
TEST-01399,Bole,2025-11-02 22:00:00,71.91,59.8,86.0,56.2,91.0,56,67
TEST-01400,Gerji,2025-11-09 19:00:00,48.42,38.5,60.0,35.5,64.2,38,47
TEST-01401,Gerji,2025-11-10 19:00:00,48.19,38.3,59.7,35.3,63.9,38,46
TEST-01402,Kolfe,2025-11-05 22:00:00,20.38,13.8,28.0,11.9,30.7,16,22
TEST-01403,Gerji,2025-11-06 06:00:00,44.42,34.9,55.5,32.0,59.5,35,43
TEST-01404,Sarbet,2025-11-06 08:00:00,44.77,35.2,55.9,32.3,59.9,35,43
TEST-01405,Ayat,2025-11-03 10:00:00,17.0,11.0,24.0,9.2,26.5,14,19
TEST-01406,Kolfe,2025-11-14 09:00:00,26.99,19.5,35.7,17.3,38.8,21,28
TEST-01407,Ayat,2025-11-11 07:00:00,49.05,39.0,60.7,36.0,64.9,38,47
TEST-01408,Piassa,2025-11-02 11:00:00,24.1,17.0,32.4,14.9,35.3,19,25
TEST-01409,Sarbet,2025-11-12 17:00:00,33.44,25.1,43.1,22.6,46.6,26,34
TEST-01410,Kazanchis,2025-11-14 19:00:00,95.91,82.0,112.1,77.8,117.9,74,87
TEST-01411,Bole,2025-11-05 13:00:00,46.3,36.6,57.6,33.6,61.7,36,45
TEST-01412,Lideta,2025-11-13 07:00:00,65.61,54.0,79.1,50.6,83.9,51,61
TEST-01413,Kazanchis,2025-11-03 18:00:00,149.34,132.0,169.5,126.8,176.8,115,131
TEST-01414,Bole,2025-11-12 09:00:00,53.42,43.0,65.6,39.8,69.9,42,51
TEST-01415,Gerji,2025-11-09 11:00:00,44.02,34.5,55.1,31.7,59.0,34,43
TEST-01416,Lideta,2025-11-05 22:00:00,8.99,4.5,14.2,3.2,16.1,7,11
TEST-01417,Gerji,2025-11-08 02:00:00,5.51,1.9,9.7,0.8,11.2,5,8
TEST-01418,Sarbet,2025-11-06 06:00:00,40.63,31.5,51.3,28.8,55.1,32,40
TEST-01419,Lideta,2025-11-07 07:00:00,62.32,51.0,75.4,47.7,80.1,48,58
TEST-01420,Megenagna,2025-11-09 20:00:00,39.6,30.6,50.1,27.9,53.9,31,39
TEST-01421,Sarbet,2025-11-03 08:00:00,45.48,35.8,56.7,32.9,60.7,35,44
TEST-01422,Merkato,2025-11-01 23:00:00,5.83,2.1,10.1,1.0,11.7,5,8
TEST-01423,Piassa,2025-11-02 08:00:00,15.88,10.1,22.7,8.3,25.1,13,18
TEST-01424,Bole,2025-11-12 07:00:00,62.24,51.0,75.3,47.6,80.0,48,58
TEST-01425,Gerji,2025-11-05 18:00:00,46.3,36.6,57.6,33.6,61.7,36,45
TEST-01426,Ayat,2025-11-02 22:00:00,14.95,9.3,21.5,7.6,23.9,12,17
TEST-01427,CMC,2025-11-02 20:00:00,46.87,37.1,58.3,34.1,62.4,37,45
TEST-01428,Kolfe,2025-11-07 01:00:00,4.49,1.2,8.4,0.2,9.7,4,7
TEST-01429,Kolfe,2025-11-08 04:00:00,5.25,1.7,9.4,0.6,10.8,5,8
TEST-01430,Merkato,2025-11-03 04:00:00,8.18,3.9,13.2,2.6,15.0,7,11
TEST-01431,Arat Kilo,2025-11-08 02:00:00,4.28,1.0,8.1,0.1,9.4,4,7
TEST-01432,Kazanchis,2025-11-13 01:00:00,5.74,2.1,10.0,1.0,11.5,5,8
TEST-01433,Lideta,2025-11-10 14:00:00,37.77,29.0,48.0,26.3,51.7,30,37
TEST-01434,Merkato,2025-11-02 12:00:00,51.28,41.0,63.2,38.0,67.5,40,49
TEST-01435,Kazanchis,2025-11-08 18:00:00,46.04,36.3,57.3,33.4,61.4,36,45
TEST-01436,Megenagna,2025-11-07 14:00:00,54.17,43.6,66.4,40.5,70.8,42,52
TEST-01437,Kazanchis,2025-11-07 09:00:00,60.38,49.3,73.3,46.0,77.9,47,57
TEST-01438,Arat Kilo,2025-11-14 16:00:00,41.09,31.9,51.8,29.1,55.6,32,40
TEST-01439,CMC,2025-11-05 03:00:00,5.94,2.2,10.3,1.1,11.8,5,8
TEST-01440,Piassa,2025-11-08 19:00:00,34.84,26.4,44.7,23.8,48.2,27,35
TEST-01441,CMC,2025-11-04 10:00:00,22.83,15.9,30.9,13.8,33.8,18,24
TEST-01442,Lideta,2025-11-05 09:00:00,48.65,38.7,60.3,35.7,64.4,38,47
TEST-01443,Megenagna,2025-11-09 13:00:00,64.17,52.7,77.5,49.3,82.2,50,60
TEST-01444,Merkato,2025-11-07 20:00:00,12.19,7.0,18.2,5.5,20.3,10,14
TEST-01445,Bole,2025-11-01 04:00:00,35.45,26.9,45.4,24.3,49.0,28,35
TEST-01446,Megenagna,2025-11-07 08:00:00,91.43,77.8,107.3,73.7,112.9,71,83
TEST-01447,Megenagna,2025-11-11 14:00:00,56.55,45.8,69.1,42.6,73.5,44,54
TEST-01448,Lideta,2025-11-11 10:00:00,38.06,29.2,48.3,26.6,52.0,30,38
TEST-01449,Bole,2025-11-06 05:00:00,58.72,47.8,71.5,44.5,76.0,46,55
TEST-01450,CMC,2025-11-06 03:00:00,4.61,1.3,8.5,0.3,9.9,4,7
TEST-01451,Ayat,2025-11-02 20:00:00,31.03,23.0,40.4,20.6,43.7,24,32
TEST-01452,Sarbet,2025-11-08 06:00:00,10.53,5.7,16.1,4.3,18.1,9,13
TEST-01453,Megenagna,2025-11-02 09:00:00,48.8,38.8,60.4,35.8,64.6,38,47
TEST-01454,Bole,2025-11-05 22:00:00,32.89,24.6,42.5,22.2,45.9,26,33
TEST-01455,Kolfe,2025-11-03 22:00:00,20.95,14.3,28.7,12.3,31.4,17,23
TEST-01456,Arat Kilo,2025-11-02 07:00:00,8.9,4.4,14.1,3.1,15.9,7,11
TEST-01457,Bole,2025-11-01 14:00:00,48.15,38.2,59.7,35.3,63.8,38,46
TEST-01458,CMC,2025-11-03 00:00:00,7.15,3.1,11.9,1.9,13.5,6,10
TEST-01459,Sarbet,2025-11-13 02:00:00,3.96,0.8,7.6,0.0,8.9,4,6
TEST-01460,Merkato,2025-11-11 13:00:00,108.26,93.5,125.5,89.0,131.7,84,97
TEST-01461,Kolfe,2025-11-13 00:00:00,6.21,2.4,10.6,1.3,12.2,5,9
TEST-01462,Ayat,2025-11-03 04:00:00,5.96,2.2,10.3,1.1,11.9,5,8
TEST-01463,Kolfe,2025-11-14 07:00:00,58.01,47.1,70.7,43.9,75.2,45,55
TEST-01464,Bole,2025-11-03 23:00:00,24.6,17.4,32.9,15.3,35.9,19,26
TEST-01465,Gerji,2025-11-01 06:00:00,11.52,6.5,17.4,5.0,19.4,9,14
TEST-01466,Lideta,2025-11-11 22:00:00,9.8,5.1,15.2,3.8,17.2,8,12
TEST-01467,Gerji,2025-11-01 16:00:00,43.56,34.1,54.6,31.3,58.5,34,42
TEST-01468,Gerji,2025-11-04 02:00:00,4.59,1.2,8.5,0.2,9.9,4,7
TEST-01469,Arat Kilo,2025-11-06 04:00:00,3.86,0.7,7.5,0.0,8.8,3,6
TEST-01470,Kazanchis,2025-11-11 09:00:00,62.41,51.1,75.5,47.8,80.2,49,59
TEST-01471,Kolfe,2025-11-04 15:00:00,19.65,13.2,27.1,11.3,29.8,16,21
TEST-01472,Gerji,2025-11-09 08:00:00,28.43,20.7,37.4,18.4,40.6,22,29
TEST-01473,Kazanchis,2025-11-09 23:00:00,12.51,7.3,18.6,5.7,20.7,10,15
TEST-01474,Merkato,2025-11-01 05:00:00,23.58,16.6,31.8,14.5,34.7,19,25
TEST-01475,Gerji,2025-11-11 21:00:00,32.96,24.7,42.6,22.2,46.0,26,33
TEST-01476,Lideta,2025-11-14 02:00:00,6.72,2.8,11.3,1.6,12.9,6,9
TEST-01477,Sarbet,2025-11-03 15:00:00,18.21,12.0,25.4,10.1,28.0,15,20
TEST-01478,Piassa,2025-11-02 07:00:00,9.29,4.7,14.6,3.4,16.5,8,12
TEST-01479,CMC,2025-11-02 21:00:00,37.05,28.3,47.2,25.7,50.9,29,37
TEST-01480,Arat Kilo,2025-11-06 15:00:00,26.69,19.2,35.4,17.0,38.5,21,28
TEST-01481,Piassa,2025-11-12 17:00:00,87.3,74.0,102.8,70.0,108.3,68,80
TEST-01482,Gerji,2025-11-06 23:00:00,12.94,7.7,19.1,6.1,21.3,10,15
TEST-01483,Ayat,2025-11-08 09:00:00,23.62,16.6,31.8,14.5,34.7,19,25
TEST-01484,Kolfe,2025-11-05 01:00:00,4.44,1.1,8.3,0.1,9.7,4,7
TEST-01485,Kazanchis,2025-11-05 23:00:00,9.01,4.5,14.2,3.2,16.1,7,11
TEST-01486,Merkato,2025-11-02 01:00:00,2.92,0.1,6.2,0.0,7.3,3,5
TEST-01487,Kolfe,2025-11-05 11:00:00,20.96,14.3,28.7,12.3,31.5,17,23
TEST-01488,Megenagna,2025-11-04 18:00:00,102.15,87.8,118.9,83.5,124.9,79,92
TEST-01489,Lideta,2025-11-04 04:00:00,8.09,3.8,13.1,2.5,14.8,7,11
TEST-01490,Megenagna,2025-11-04 22:00:00,11.93,6.8,17.9,5.3,20.0,10,14
TEST-01491,Kolfe,2025-11-02 03:00:00,5.78,2.1,10.1,1.0,11.6,5,8
TEST-01492,Gerji,2025-11-02 11:00:00,44.08,34.6,55.1,31.7,59.1,34,43
TEST-01493,Ayat,2025-11-12 02:00:00,3.03,0.2,6.3,0.0,7.5,3,5
TEST-01494,Piassa,2025-11-06 10:00:00,26.66,19.2,35.3,17.0,38.4,21,28
TEST-01495,Ayat,2025-11-01 18:00:00,34.45,26.0,44.3,23.5,47.8,27,35
TEST-01496,Kolfe,2025-11-12 12:00:00,21.83,15.1,29.7,13.0,32.5,17,23
TEST-01497,Lideta,2025-11-02 16:00:00,50.7,40.5,62.5,37.5,66.8,39,49
TEST-01498,CMC,2025-11-09 15:00:00,47.1,37.3,58.5,34.3,62.6,37,45
TEST-01499,Sarbet,2025-11-04 07:00:00,56.24,45.5,68.7,42.3,73.2,44,53
TEST-01500,Kazanchis,2025-11-01 11:00:00,27.86,20.3,36.7,18.0,39.9,22,29
TEST-01501,Merkato,2025-11-02 10:00:00,47.5,37.6,59.0,34.7,63.1,37,46
TEST-01502,Lideta,2025-11-02 05:00:00,11.67,6.6,17.5,5.1,19.6,9,14
TEST-01503,CMC,2025-11-08 21:00:00,34.0,25.6,43.7,23.1,47.2,27,34
TEST-01504,Gerji,2025-11-07 09:00:00,27.94,20.3,36.8,18.0,40.0,22,29
TEST-01505,Arat Kilo,2025-11-06 17:00:00,58.99,48.0,71.8,44.7,76.3,46,56
TEST-01506,Sarbet,2025-11-08 04:00:00,4.72,1.3,8.7,0.3,10.1,4,7
TEST-01507,Kolfe,2025-11-14 15:00:00,18.37,12.1,25.6,10.3,28.2,15,20
TEST-01508,Megenagna,2025-11-04 02:00:00,8.87,4.4,14.0,3.1,15.9,7,11
TEST-01509,CMC,2025-11-12 11:00:00,25.03,17.8,33.4,15.6,36.4,20,26
TEST-01510,Sarbet,2025-11-01 21:00:00,30.48,22.5,39.7,20.2,43.0,24,31
TEST-01511,Sarbet,2025-11-06 11:00:00,21.04,14.4,28.8,12.4,31.6,17,23
TEST-01512,Lideta,2025-11-03 19:00:00,54.32,43.8,66.6,40.6,71.0,42,52
TEST-01513,Sarbet,2025-11-13 14:00:00,26.98,19.5,35.7,17.3,38.8,21,28
TEST-01514,Piassa,2025-11-03 12:00:00,35.17,26.7,45.1,24.1,48.6,28,35
TEST-01515,Kazanchis,2025-11-05 09:00:00,60.96,49.8,73.9,46.5,78.6,47,57
TEST-01516,Ayat,2025-11-04 16:00:00,19.46,13.1,26.9,11.1,29.6,15,21
TEST-01517,Gerji,2025-11-13 10:00:00,23.82,16.8,32.0,14.6,35.0,19,25
TEST-01518,Megenagna,2025-11-06 08:00:00,87.2,73.9,102.7,69.9,108.2,68,79
TEST-01519,Piassa,2025-11-11 22:00:00,17.03,11.0,24.0,9.2,26.5,14,19
TEST-01520,Kolfe,2025-11-09 16:00:00,38.85,29.9,49.2,27.2,53.0,30,38
TEST-01521,Ayat,2025-11-12 08:00:00,39.48,30.5,50.0,27.8,53.7,31,39
TEST-01522,Kazanchis,2025-11-03 10:00:00,27.54,20.0,36.3,17.7,39.5,22,28
TEST-01523,Gerji,2025-11-02 16:00:00,45.37,35.7,56.6,32.8,60.6,35,44
TEST-01524,Ayat,2025-11-02 09:00:00,28.38,20.7,37.3,18.4,40.5,22,29
TEST-01525,Ayat,2025-11-13 23:00:00,10.08,5.4,15.6,4.0,17.5,8,12
TEST-01526,Merkato,2025-11-03 18:00:00,36.66,28.0,46.8,25.4,50.4,29,36
TEST-01527,Sarbet,2025-11-02 20:00:00,38.16,29.3,48.5,26.6,52.2,30,38
TEST-01528,Arat Kilo,2025-11-08 16:00:00,17.75,11.6,24.9,9.8,27.4,14,20
TEST-01529,Lideta,2025-11-06 16:00:00,44.98,35.4,56.1,32.5,60.2,35,44
TEST-01530,CMC,2025-11-04 00:00:00,7.1,3.1,11.8,1.9,13.5,6,10
TEST-01531,Kazanchis,2025-11-12 08:00:00,82.42,69.5,97.5,65.6,102.9,64,75
TEST-01532,CMC,2025-11-14 02:00:00,4.96,1.5,9.0,0.5,10.4,4,7
TEST-01533,Kazanchis,2025-11-01 04:00:00,6.18,2.4,10.6,1.3,12.2,5,9
TEST-01534,Sarbet,2025-11-05 04:00:00,7.01,3.0,11.7,1.8,13.3,6,9
TEST-01535,Merkato,2025-11-03 06:00:00,46.7,36.9,58.1,34.0,62.2,36,45
TEST-01536,Lideta,2025-11-12 22:00:00,8.96,4.5,14.2,3.2,16.0,7,11
TEST-01537,Piassa,2025-11-03 00:00:00,5.56,1.9,9.8,0.8,11.3,5,8
TEST-01538,Kolfe,2025-11-14 04:00:00,7.91,3.7,12.8,2.4,14.6,7,10
TEST-01539,Ayat,2025-11-07 15:00:00,15.71,9.9,22.4,8.2,24.9,13,18
TEST-01540,Kolfe,2025-11-12 02:00:00,4.52,1.2,8.4,0.2,9.8,4,7
TEST-01541,Arat Kilo,2025-11-03 09:00:00,41.82,32.5,52.6,29.8,56.5,33,41
TEST-01542,Piassa,2025-11-01 04:00:00,5.44,1.8,9.6,0.8,11.1,5,8
TEST-01543,Lideta,2025-11-04 16:00:00,50.28,40.1,62.1,37.1,66.3,39,48
TEST-01544,Bole,2025-11-13 22:00:00,34.55,26.1,44.4,23.6,47.9,27,35
TEST-01545,Ayat,2025-11-08 04:00:00,3.96,0.8,7.6,0.0,9.0,4,6
TEST-01546,Ayat,2025-11-08 21:00:00,23.28,16.3,31.4,14.2,34.3,18,25
TEST-01547,Ayat,2025-11-07 06:00:00,30.3,22.4,39.5,20.0,42.8,24,31
TEST-01548,Lideta,2025-11-08 12:00:00,42.15,32.8,53.0,30.1,56.8,33,41
TEST-01549,Kazanchis,2025-11-08 01:00:00,5.94,2.2,10.3,1.1,11.8,5,8
TEST-01550,Bole,2025-11-09 03:00:00,24.31,17.2,32.6,15.1,35.6,19,26
TEST-01551,Lideta,2025-11-02 12:00:00,50.2,40.1,62.0,37.0,66.2,39,48
TEST-01552,Merkato,2025-11-06 19:00:00,19.28,12.9,26.7,11.0,29.4,15,21
TEST-01553,Gerji,2025-11-08 19:00:00,49.08,39.1,60.7,36.1,64.9,38,47
TEST-01554,Gerji,2025-11-09 00:00:00,8.4,4.1,13.4,2.8,15.3,7,11
TEST-01555,Piassa,2025-11-07 12:00:00,36.99,28.3,47.1,25.6,50.8,29,37
TEST-01556,Kolfe,2025-11-09 19:00:00,44.52,35.0,55.6,32.1,59.6,35,43
TEST-01557,CMC,2025-11-13 17:00:00,52.61,42.2,64.7,39.1,69.0,41,50
TEST-01558,Gerji,2025-11-02 00:00:00,8.74,4.3,13.9,3.0,15.7,7,11
TEST-01559,CMC,2025-11-12 13:00:00,23.19,16.2,31.3,14.1,34.2,18,25
TEST-01560,Arat Kilo,2025-11-08 15:00:00,17.03,11.0,24.0,9.2,26.5,14,19
TEST-01561,Kazanchis,2025-11-05 04:00:00,5.09,1.6,9.2,0.5,10.6,4,8
TEST-01562,Megenagna,2025-11-06 15:00:00,51.67,41.4,63.6,38.3,67.9,40,49
TEST-01563,Kolfe,2025-11-12 03:00:00,4.78,1.4,8.7,0.4,10.2,4,7
TEST-01564,Kazanchis,2025-11-10 03:00:00,5.19,1.7,9.3,0.6,10.8,4,8
TEST-01565,Ayat,2025-11-04 19:00:00,38.47,29.6,48.8,26.9,52.5,30,38
TEST-01566,Kazanchis,2025-11-09 00:00:00,7.38,3.3,12.2,2.1,13.9,6,10
TEST-01567,Merkato,2025-11-07 16:00:00,76.76,64.3,91.3,60.5,96.5,60,71
TEST-01568,Lideta,2025-11-03 06:00:00,37.0,28.3,47.2,25.7,50.8,29,37
TEST-01569,CMC,2025-11-11 17:00:00,38.05,29.2,48.3,26.5,52.0,30,38
TEST-01570,Lideta,2025-11-09 23:00:00,11.91,6.8,17.8,5.3,20.0,10,14
TEST-01571,Piassa,2025-11-14 18:00:00,107.79,93.0,125.0,88.6,131.1,83,97
TEST-01572,Arat Kilo,2025-11-11 04:00:00,3.97,0.8,7.6,0.0,9.0,4,6
TEST-01573,Megenagna,2025-11-01 02:00:00,11.46,6.5,17.3,5.0,19.4,9,14
TEST-01574,Arat Kilo,2025-11-11 03:00:00,3.62,0.6,7.2,0.0,8.4,3,6
TEST-01575,Kazanchis,2025-11-08 10:00:00,25.26,18.0,33.7,15.8,36.7,20,26
TEST-01576,Kazanchis,2025-11-10 13:00:00,57.52,46.7,70.1,43.4,74.6,45,54
TEST-01577,Kazanchis,2025-11-09 10:00:00,24.28,17.2,32.6,15.0,35.5,19,26
TEST-01578,Kazanchis,2025-11-14 03:00:00,6.05,2.3,10.4,1.2,12.0,5,8
TEST-01579,Piassa,2025-11-14 12:00:00,37.31,28.5,47.5,25.9,51.2,29,37
TEST-01580,Sarbet,2025-11-12 14:00:00,16.9,10.9,23.9,9.1,26.4,13,19
TEST-01581,Ayat,2025-11-13 05:00:00,15.87,10.1,22.6,8.3,25.1,13,18
TEST-01582,Lideta,2025-11-01 15:00:00,46.63,36.9,58.0,33.9,62.1,36,45
TEST-01583,CMC,2025-11-05 18:00:00,49.87,39.8,61.6,36.7,65.8,39,48
TEST-01584,Arat Kilo,2025-11-10 06:00:00,17.65,11.5,24.8,9.7,27.3,14,20
TEST-01585,Kolfe,2025-11-10 15:00:00,18.23,12.0,25.4,10.2,28.0,15,20
TEST-01586,Arat Kilo,2025-11-05 12:00:00,27.39,19.8,36.2,17.6,39.3,22,28
TEST-01587,Kolfe,2025-11-08 07:00:00,16.66,10.7,23.6,8.9,26.1,13,19
TEST-01588,Gerji,2025-11-02 09:00:00,39.84,30.8,50.4,28.1,54.1,31,39
TEST-01589,Kolfe,2025-11-11 14:00:00,20.55,14.0,28.2,12.0,30.9,16,22
TEST-01590,Bole,2025-11-02 02:00:00,40.35,31.2,50.9,28.5,54.7,32,40
TEST-01591,Bole,2025-11-13 12:00:00,39.89,30.8,50.4,28.1,54.2,31,39
TEST-01592,Megenagna,2025-11-14 06:00:00,56.3,45.6,68.8,42.4,73.2,44,53
TEST-01593,CMC,2025-11-11 21:00:00,36.28,27.6,46.3,25.0,49.9,28,36
TEST-01594,Arat Kilo,2025-11-12 17:00:00,60.73,49.6,73.7,46.3,78.3,47,57
TEST-01595,Gerji,2025-11-05 08:00:00,48.66,38.7,60.3,35.7,64.4,38,47
TEST-01596,Kazanchis,2025-11-07 01:00:00,5.95,2.2,10.3,1.1,11.8,5,8
TEST-01597,Kolfe,2025-11-07 11:00:00,22.81,15.9,30.8,13.8,33.7,18,24
TEST-01598,Ayat,2025-11-08 03:00:00,4.33,1.1,8.1,0.1,9.5,4,7
TEST-01599,Lideta,2025-11-02 09:00:00,36.91,28.2,47.1,25.6,50.7,29,37
TEST-01600,Gerji,2025-11-03 12:00:00,21.87,15.1,29.7,13.1,32.6,17,23
TEST-01601,Ayat,2025-11-03 08:00:00,32.47,24.3,42.0,21.8,45.4,25,33
TEST-01602,Kolfe,2025-11-02 02:00:00,5.35,1.8,9.5,0.7,11.0,5,8
TEST-01603,Bole,2025-11-01 01:00:00,64.4,52.9,77.7,49.5,82.5,50,60
TEST-01604,Lideta,2025-11-09 12:00:00,45.98,36.3,57.3,33.4,61.3,36,45
TEST-01605,Merkato,2025-11-04 23:00:00,5.19,1.7,9.3,0.6,10.8,4,8
TEST-01606,Merkato,2025-11-09 02:00:00,3.04,0.2,6.3,0.0,7.5,3,5
TEST-01607,Megenagna,2025-11-08 05:00:00,16.55,10.6,23.5,8.8,25.9,13,19
TEST-01608,Lideta,2025-11-06 18:00:00,72.35,60.2,86.5,56.6,91.5,56,67
TEST-01609,Gerji,2025-11-08 14:00:00,42.61,33.3,53.5,30.5,57.4,33,42
TEST-01610,Arat Kilo,2025-11-03 07:00:00,42.52,33.2,53.4,30.4,57.3,33,42
TEST-01611,Arat Kilo,2025-11-03 05:00:00,6.29,2.5,10.7,1.3,12.3,5,9
TEST-01612,Kazanchis,2025-11-09 06:00:00,9.19,4.7,14.4,3.3,16.3,8,12
TEST-01613,Megenagna,2025-11-14 15:00:00,49.72,39.6,61.4,36.6,65.7,39,48
TEST-01614,Ayat,2025-11-11 19:00:00,42.88,33.5,53.8,30.7,57.7,33,42
TEST-01615,Arat Kilo,2025-11-04 03:00:00,3.8,0.7,7.4,0.0,8.7,3,6
TEST-01616,Merkato,2025-11-06 11:00:00,95.15,81.3,111.3,77.1,117.1,74,86
TEST-01617,Ayat,2025-11-11 21:00:00,24.82,17.6,33.2,15.5,36.2,20,26
TEST-01618,Gerji,2025-11-03 05:00:00,21.07,14.4,28.8,12.4,31.6,17,23
TEST-01619,Lideta,2025-11-06 20:00:00,36.41,27.8,46.5,25.2,50.1,29,36
TEST-01620,Sarbet,2025-11-04 19:00:00,45.37,35.7,56.6,32.8,60.6,35,44
TEST-01621,Ayat,2025-11-12 05:00:00,16.73,10.8,23.7,9.0,26.2,13,19
TEST-01622,CMC,2025-11-01 16:00:00,48.15,38.2,59.7,35.2,63.8,38,46
TEST-01623,CMC,2025-11-06 04:00:00,7.75,3.6,12.6,2.3,14.4,6,10
TEST-01624,Kazanchis,2025-11-03 16:00:00,68.86,57.0,82.6,53.5,87.6,53,64
TEST-01625,Sarbet,2025-11-11 23:00:00,9.63,5.0,15.0,3.6,16.9,8,12
TEST-01626,Gerji,2025-11-12 00:00:00,5.9,2.2,10.2,1.1,11.8,5,8
TEST-01627,Megenagna,2025-11-03 13:00:00,54.33,43.8,66.6,40.6,71.0,42,52
TEST-01628,Bole,2025-11-04 01:00:00,11.72,6.7,17.6,5.2,19.7,10,14
TEST-01629,Kolfe,2025-11-04 12:00:00,21.9,15.1,29.8,13.1,32.6,17,23
TEST-01630,Bole,2025-11-08 14:00:00,45.91,36.2,57.2,33.3,61.2,36,44
TEST-01631,Kolfe,2025-11-02 20:00:00,38.23,29.4,48.5,26.7,52.2,30,38
TEST-01632,Piassa,2025-11-01 17:00:00,32.74,24.5,42.3,22.1,45.7,26,33
TEST-01633,Gerji,2025-11-05 11:00:00,22.64,15.8,30.7,13.7,33.5,18,24
TEST-01634,Kazanchis,2025-11-07 10:00:00,27.84,20.2,36.7,18.0,39.9,22,29
TEST-01635,Ayat,2025-11-05 08:00:00,38.38,29.5,48.7,26.8,52.4,30,38
TEST-01636,Kazanchis,2025-11-14 07:00:00,64.39,52.9,77.7,49.5,82.5,50,60
TEST-01637,Bole,2025-11-08 05:00:00,48.6,38.6,60.2,35.6,64.4,38,47
TEST-01638,Merkato,2025-11-10 01:00:00,3.72,0.6,7.3,0.0,8.6,3,6
TEST-01639,CMC,2025-11-04 11:00:00,23.86,16.8,32.1,14.7,35.0,19,25
TEST-01640,Lideta,2025-11-07 22:00:00,10.75,5.9,16.4,4.4,18.4,9,13
TEST-01641,Kolfe,2025-11-10 17:00:00,37.51,28.7,47.7,26.1,51.4,29,37
TEST-01642,Sarbet,2025-11-07 20:00:00,46.56,36.8,57.9,33.9,62.0,36,45
TEST-01643,Piassa,2025-11-14 00:00:00,5.08,1.6,9.1,0.5,10.6,4,7
TEST-01644,Kolfe,2025-11-14 05:00:00,19.7,13.3,27.2,11.3,29.9,16,21
TEST-01645,Kolfe,2025-11-02 13:00:00,49.57,39.5,61.3,36.5,65.5,39,48
TEST-01646,Piassa,2025-11-06 23:00:00,7.93,3.7,12.9,2.4,14.6,7,10
TEST-01647,Piassa,2025-11-02 19:00:00,38.69,29.8,49.1,27.1,52.8,30,38
TEST-01648,Ayat,2025-11-05 22:00:00,15.21,9.5,21.8,7.8,24.2,12,17
TEST-01649,Arat Kilo,2025-11-09 01:00:00,4.86,1.4,8.8,0.4,10.3,4,7
TEST-01650,Arat Kilo,2025-11-03 21:00:00,22.96,16.0,31.0,14.0,33.9,18,24
TEST-01651,Lideta,2025-11-12 21:00:00,19.49,13.1,26.9,11.2,29.6,15,21
TEST-01652,Sarbet,2025-11-10 04:00:00,7.6,3.4,12.4,2.2,14.2,6,10
TEST-01653,Merkato,2025-11-11 02:00:00,5.25,1.7,9.4,0.6,10.8,5,8
TEST-01654,CMC,2025-11-12 19:00:00,53.18,42.8,65.3,39.6,69.7,41,51
TEST-01655,Arat Kilo,2025-11-07 23:00:00,5.66,2.0,9.9,0.9,11.4,5,8
TEST-01656,Sarbet,2025-11-09 19:00:00,42.67,33.3,53.6,30.5,57.5,33,42
TEST-01657,Megenagna,2025-11-06 23:00:00,10.03,5.3,15.5,3.9,17.5,8,12
TEST-01658,Lideta,2025-11-01 11:00:00,41.21,32.0,51.9,29.3,55.8,32,40
TEST-01659,Kazanchis,2025-11-06 05:00:00,9.47,4.9,14.8,3.5,16.7,8,12
TEST-01660,Megenagna,2025-11-09 14:00:00,62.64,51.3,75.8,48.0,80.5,49,59
TEST-01661,Sarbet,2025-11-10 05:00:00,16.68,10.7,23.6,8.9,26.1,13,19
TEST-01662,Gerji,2025-11-07 23:00:00,11.91,6.8,17.8,5.3,20.0,10,14
TEST-01663,Megenagna,2025-11-08 15:00:00,63.24,51.9,76.4,48.5,81.2,49,59
TEST-01664,Bole,2025-11-06 09:00:00,41.08,31.9,51.8,29.1,55.6,32,40
TEST-01665,Merkato,2025-11-13 03:00:00,5.48,1.9,9.7,0.8,11.2,5,8
TEST-01666,Sarbet,2025-11-08 00:00:00,7.53,3.4,12.3,2.2,14.1,6,10
TEST-01667,Ayat,2025-11-14 08:00:00,36.16,27.5,46.2,24.9,49.8,28,36
TEST-01668,CMC,2025-11-14 04:00:00,7.6,3.4,12.4,2.2,14.2,6,10
TEST-01669,Sarbet,2025-11-03 04:00:00,7.63,3.5,12.5,2.2,14.2,6,10
TEST-01670,Ayat,2025-11-04 06:00:00,33.18,24.9,42.8,22.4,46.3,26,33
TEST-01671,Megenagna,2025-11-01 07:00:00,29.36,21.6,38.4,19.2,41.7,23,30
TEST-01672,Megenagna,2025-11-11 22:00:00,12.99,7.7,19.2,6.1,21.4,10,15
TEST-01673,Piassa,2025-11-02 18:00:00,34.35,25.9,44.1,23.4,47.7,27,34
TEST-01674,Megenagna,2025-11-14 23:00:00,10.27,5.5,15.8,4.1,17.8,8,13
TEST-01675,CMC,2025-11-13 06:00:00,52.66,42.3,64.7,39.2,69.1,41,50
TEST-01676,Kazanchis,2025-11-10 17:00:00,136.08,119.5,155.4,114.5,162.3,105,120
TEST-01677,CMC,2025-11-08 01:00:00,7.37,3.3,12.1,2.0,13.8,6,10
TEST-01678,Sarbet,2025-11-04 17:00:00,29.55,21.7,38.7,19.4,41.9,23,30
TEST-01679,Lideta,2025-11-07 15:00:00,36.05,27.4,46.1,24.9,49.7,28,36
TEST-01680,Lideta,2025-11-02 00:00:00,9.92,5.2,15.4,3.8,17.3,8,12
TEST-01681,Arat Kilo,2025-11-07 09:00:00,42.86,33.5,53.8,30.7,57.7,33,42
TEST-01682,Piassa,2025-11-03 13:00:00,46.74,37.0,58.1,34.0,62.2,36,45
TEST-01683,Kolfe,2025-11-10 01:00:00,4.73,1.3,8.7,0.3,10.1,4,7
TEST-01684,Sarbet,2025-11-03 14:00:00,19.78,13.3,27.3,11.4,30.0,16,21
TEST-01685,Bole,2025-11-07 05:00:00,60.11,49.0,73.0,45.7,77.6,47,57
TEST-01686,Bole,2025-11-11 03:00:00,15.65,9.9,22.4,8.1,24.8,13,18
TEST-01687,Ayat,2025-11-04 02:00:00,3.43,0.4,6.9,0.0,8.1,3,6
TEST-01688,Arat Kilo,2025-11-10 14:00:00,32.82,24.6,42.4,22.1,45.8,26,33
TEST-01689,Bole,2025-11-10 21:00:00,48.25,38.3,59.8,35.3,64.0,38,46
TEST-01690,Piassa,2025-11-02 13:00:00,28.9,21.2,37.9,18.8,41.1,23,30
TEST-01691,CMC,2025-11-06 05:00:00,21.1,14.4,28.8,12.5,31.6,17,23
TEST-01692,Kolfe,2025-11-02 16:00:00,41.12,31.9,51.8,29.2,55.6,32,40
TEST-01693,Kolfe,2025-11-13 04:00:00,7.68,3.5,12.5,2.3,14.3,6,10
TEST-01694,CMC,2025-11-02 17:00:00,72.04,59.9,86.1,56.3,91.2,56,67
TEST-01695,Sarbet,2025-11-12 03:00:00,3.96,0.8,7.6,0.0,8.9,4,6
TEST-01696,Ayat,2025-11-04 14:00:00,15.47,9.7,22.2,8.0,24.6,12,18
TEST-01697,Kolfe,2025-11-10 22:00:00,20.89,14.3,28.6,12.3,31.4,17,22
TEST-01698,Gerji,2025-11-04 04:00:00,9.54,4.9,14.9,3.6,16.8,8,12
TEST-01699,Bole,2025-11-07 03:00:00,16.07,10.2,22.9,8.5,25.3,13,18
TEST-01700,Kazanchis,2025-11-07 13:00:00,56.37,45.6,68.9,42.4,73.3,44,53
TEST-01701,Gerji,2025-11-01 08:00:00,28.88,21.1,37.9,18.8,41.1,23,30
TEST-01702,Gerji,2025-11-06 07:00:00,55.86,45.2,68.3,42.0,72.7,43,53
TEST-01703,Gerji,2025-11-10 17:00:00,37.65,28.8,47.9,26.2,51.6,29,37
TEST-01704,Gerji,2025-11-11 11:00:00,22.75,15.9,30.8,13.8,33.7,18,24
TEST-01705,Arat Kilo,2025-11-09 06:00:00,5.49,1.9,9.7,0.8,11.2,5,8
TEST-01706,Ayat,2025-11-12 12:00:00,15.39,9.7,22.1,7.9,24.4,12,17
TEST-01707,Lideta,2025-11-04 19:00:00,53.07,42.7,65.2,39.5,69.5,41,51
TEST-01708,Bole,2025-11-04 02:00:00,10.85,6.0,16.5,4.5,18.6,9,13
TEST-01709,Piassa,2025-11-11 06:00:00,21.95,15.2,29.8,13.1,32.7,17,23
TEST-01710,Kazanchis,2025-11-09 12:00:00,29.96,22.1,39.1,19.7,42.4,24,31
TEST-01711,Kolfe,2025-11-12 13:00:00,22.75,15.8,30.8,13.8,33.7,18,24
TEST-01712,CMC,2025-11-08 05:00:00,8.09,3.8,13.1,2.5,14.8,7,11
TEST-01713,Piassa,2025-11-11 00:00:00,5.65,2.0,9.9,0.9,11.4,5,8
TEST-01714,Bole,2025-11-03 18:00:00,48.0,38.1,59.5,35.1,63.7,37,46
TEST-01715,Sarbet,2025-11-06 19:00:00,45.14,35.5,56.3,32.6,60.3,35,44
TEST-01716,Piassa,2025-11-12 05:00:00,8.07,3.8,13.0,2.5,14.8,7,10
TEST-01717,Lideta,2025-11-14 03:00:00,7.55,3.4,12.4,2.2,14.1,6,10
TEST-01718,Piassa,2025-11-09 10:00:00,21.38,14.7,29.2,12.7,32.0,17,23
TEST-01719,Piassa,2025-11-12 18:00:00,96.14,82.2,112.4,78.0,118.2,74,87
TEST-01720,Arat Kilo,2025-11-10 15:00:00,28.76,21.0,37.7,18.7,41.0,23,29
TEST-01721,Sarbet,2025-11-01 22:00:00,20.16,13.6,27.7,11.7,30.5,16,22
TEST-01722,Megenagna,2025-11-04 01:00:00,8.87,4.4,14.0,3.1,15.9,7,11
TEST-01723,Sarbet,2025-11-01 06:00:00,10.65,5.8,16.3,4.4,18.3,9,13
TEST-01724,Lideta,2025-11-05 17:00:00,67.22,55.5,80.8,52.0,85.7,52,63
TEST-01725,Arat Kilo,2025-11-09 08:00:00,10.42,5.6,16.0,4.2,18.0,9,13
TEST-01726,Merkato,2025-11-08 03:00:00,7.28,3.2,12.0,2.0,13.7,6,10
TEST-01727,Kazanchis,2025-11-06 00:00:00,5.59,2.0,9.8,0.9,11.3,5,8
TEST-01728,Kazanchis,2025-11-11 05:00:00,9.15,4.6,14.4,3.3,16.3,8,12
TEST-01729,Bole,2025-11-07 20:00:00,73.34,61.1,87.5,57.5,92.6,57,68
TEST-01730,Lideta,2025-11-01 05:00:00,13.0,7.7,19.2,6.1,21.4,10,15
TEST-01731,CMC,2025-11-10 21:00:00,36.92,28.2,47.1,25.6,50.7,29,37
TEST-01732,Kazanchis,2025-11-11 10:00:00,28.75,21.0,37.7,18.7,41.0,23,29
TEST-01733,Arat Kilo,2025-11-06 07:00:00,39.38,30.4,49.8,27.7,53.6,31,39
TEST-01734,Gerji,2025-11-13 04:00:00,7.82,3.6,12.7,2.4,14.5,7,10
TEST-01735,CMC,2025-11-12 07:00:00,66.18,54.6,79.7,51.1,84.5,51,62
TEST-01736,Kolfe,2025-11-07 06:00:00,44.8,35.2,55.9,32.3,59.9,35,43
TEST-01737,Arat Kilo,2025-11-01 09:00:00,12.12,7.0,18.1,5.5,20.2,10,14
TEST-01738,CMC,2025-11-07 09:00:00,30.9,22.9,40.2,20.5,43.5,24,31
TEST-01739,Arat Kilo,2025-11-12 01:00:00,3.6,0.6,7.1,0.0,8.4,3,6
TEST-01740,Kazanchis,2025-11-13 12:00:00,40.75,31.6,51.4,28.9,55.2,32,40
TEST-01741,Sarbet,2025-11-12 22:00:00,20.02,13.5,27.6,11.6,30.3,16,22
TEST-01742,Merkato,2025-11-10 22:00:00,4.52,1.2,8.4,0.2,9.8,4,7
TEST-01743,Lideta,2025-11-11 17:00:00,62.6,51.3,75.7,47.9,80.4,49,59
TEST-01744,Merkato,2025-11-11 20:00:00,12.07,7.0,18.0,5.4,20.2,10,14
TEST-01745,Kolfe,2025-11-03 04:00:00,8.24,3.9,13.2,2.6,15.0,7,11
TEST-01746,Megenagna,2025-11-03 14:00:00,52.33,42.0,64.4,38.9,68.7,41,50
TEST-01747,Sarbet,2025-11-11 22:00:00,19.82,13.4,27.3,11.4,30.0,16,21
TEST-01748,Sarbet,2025-11-01 04:00:00,4.64,1.3,8.6,0.3,10.0,4,7
TEST-01749,Piassa,2025-11-07 08:00:00,80.46,67.7,95.3,63.8,100.7,62,74
TEST-01750,Gerji,2025-11-01 02:00:00,5.93,2.2,10.3,1.1,11.8,5,8
TEST-01751,CMC,2025-11-09 00:00:00,8.98,4.5,14.2,3.2,16.0,7,11
TEST-01752,Bole,2025-11-01 09:00:00,22.23,15.4,30.2,13.4,33.0,18,24
TEST-01753,Kolfe,2025-11-10 14:00:00,18.71,12.4,26.0,10.5,28.6,15,20
TEST-01754,Sarbet,2025-11-01 19:00:00,46.37,36.6,57.7,33.7,61.8,36,45
TEST-01755,Megenagna,2025-11-07 02:00:00,10.12,5.4,15.6,4.0,17.6,8,12
TEST-01756,Bole,2025-11-14 00:00:00,15.91,10.1,22.7,8.3,25.1,13,18
TEST-01757,Piassa,2025-11-10 09:00:00,57.67,46.8,70.3,43.6,74.8,45,55
TEST-01758,Piassa,2025-11-06 00:00:00,5.4,1.8,9.6,0.7,11.1,5,8
TEST-01759,Kazanchis,2025-11-07 20:00:00,66.75,55.1,80.3,51.6,85.2,52,62
TEST-01760,Merkato,2025-11-07 23:00:00,4.07,0.9,7.8,0.0,9.1,4,6
TEST-01761,Ayat,2025-11-02 19:00:00,37.61,28.8,47.8,26.2,51.5,29,37
TEST-01762,Megenagna,2025-11-12 17:00:00,93.25,79.5,109.2,75.4,115.0,72,84
TEST-01763,Gerji,2025-11-10 13:00:00,23.12,16.2,31.2,14.1,34.1,18,24
TEST-01764,Bole,2025-11-04 10:00:00,33.92,25.6,43.7,23.0,47.1,27,34
TEST-01765,Sarbet,2025-11-03 07:00:00,54.58,44.0,66.9,40.9,71.3,42,52
TEST-01766,Arat Kilo,2025-11-09 16:00:00,18.57,12.3,25.9,10.4,28.5,15,20
TEST-01767,Megenagna,2025-11-08 17:00:00,59.88,48.8,72.7,45.5,77.3,47,56
TEST-01768,Kazanchis,2025-11-08 16:00:00,28.49,20.8,37.4,18.5,40.6,22,29
TEST-01769,Sarbet,2025-11-14 20:00:00,46.19,36.5,57.5,33.6,61.6,36,45
TEST-01770,Piassa,2025-11-01 16:00:00,26.22,18.8,34.8,16.6,37.9,21,27
TEST-01771,Arat Kilo,2025-11-13 00:00:00,3.53,0.5,7.0,0.0,8.3,3,6
TEST-01772,Kolfe,2025-11-07 21:00:00,36.09,27.5,46.1,24.9,49.7,28,36
TEST-01773,Sarbet,2025-11-12 19:00:00,45.99,36.3,57.3,33.4,61.3,36,45
TEST-01774,Megenagna,2025-11-03 16:00:00,63.07,51.7,76.3,48.3,81.0,49,59
TEST-01775,Megenagna,2025-11-07 20:00:00,53.73,43.2,65.9,40.1,70.3,42,51
TEST-01776,Ayat,2025-11-11 14:00:00,15.26,9.5,21.9,7.8,24.3,12,17
TEST-01777,Kolfe,2025-11-12 19:00:00,47.03,37.2,58.5,34.3,62.5,37,45
TEST-01778,Bole,2025-11-02 17:00:00,73.82,61.6,88.1,57.9,93.2,57,68
TEST-01779,Megenagna,2025-11-09 23:00:00,15.22,9.5,21.9,7.8,24.2,12,17
TEST-01780,Megenagna,2025-11-06 06:00:00,51.78,41.5,63.7,38.4,68.0,40,49
TEST-01781,Bole,2025-11-04 22:00:00,31.01,23.0,40.3,20.6,43.7,24,31
TEST-01782,Merkato,2025-11-14 17:00:00,54.36,43.8,66.6,40.7,71.0,42,52
TEST-01783,Lideta,2025-11-07 06:00:00,37.75,28.9,48.0,26.3,51.7,30,37
TEST-01784,Megenagna,2025-11-03 10:00:00,51.8,41.5,63.8,38.4,68.1,40,50
TEST-01785,Piassa,2025-11-14 05:00:00,7.27,3.2,12.0,2.0,13.7,6,10
TEST-01786,Megenagna,2025-11-12 01:00:00,9.37,4.8,14.7,3.4,16.6,8,12
TEST-01787,Kazanchis,2025-11-13 15:00:00,64.7,53.2,78.1,49.8,82.8,50,61
TEST-01788,Lideta,2025-11-08 06:00:00,15.71,9.9,22.4,8.2,24.9,13,18
TEST-01789,Ayat,2025-11-14 23:00:00,7.97,3.7,12.9,2.5,14.7,7,10
TEST-01790,Kolfe,2025-11-14 19:00:00,53.94,43.4,66.1,40.3,70.5,42,51
TEST-01791,Megenagna,2025-11-08 22:00:00,22.11,15.3,30.0,13.3,32.9,18,24
TEST-01792,Kazanchis,2025-11-01 07:00:00,11.09,6.2,16.8,4.7,18.9,9,13
TEST-01793,CMC,2025-11-04 15:00:00,21.14,14.5,28.9,12.5,31.7,17,23
TEST-01794,Merkato,2025-11-08 17:00:00,73.04,60.9,87.2,57.2,92.3,57,68
TEST-01795,Piassa,2025-11-08 04:00:00,5.34,1.8,9.5,0.7,11.0,5,8
TEST-01796,Arat Kilo,2025-11-08 09:00:00,11.31,6.3,17.1,4.9,19.2,9,14
TEST-01797,Gerji,2025-11-14 03:00:00,5.17,1.7,9.3,0.6,10.7,4,8
TEST-01798,Sarbet,2025-11-04 06:00:00,42.76,33.4,53.7,30.6,57.6,33,42
TEST-01799,Bole,2025-11-12 19:00:00,56.99,46.2,69.5,43.0,74.0,44,54
TEST-01800,Kazanchis,2025-11-09 05:00:00,7.88,3.7,12.8,2.4,14.5,7,10
TEST-01801,CMC,2025-11-07 12:00:00,26.23,18.8,34.8,16.6,37.9,21,27
TEST-01802,Ayat,2025-11-06 15:00:00,14.65,9.0,21.2,7.4,23.5,12,17
TEST-01803,Merkato,2025-11-14 16:00:00,78.76,66.1,93.5,62.3,98.7,61,72
TEST-01804,Gerji,2025-11-04 14:00:00,22.35,15.5,30.3,13.5,33.2,18,24
TEST-01805,Kazanchis,2025-11-13 11:00:00,25.77,18.4,34.3,16.3,37.4,20,27
TEST-01806,Megenagna,2025-11-05 23:00:00,10.14,5.4,15.6,4.0,17.6,8,12
TEST-01807,Kolfe,2025-11-06 11:00:00,23.13,16.2,31.2,14.1,34.1,18,24
TEST-01808,Gerji,2025-11-11 10:00:00,20.04,13.5,27.6,11.6,30.3,16,22
TEST-01809,Sarbet,2025-11-09 23:00:00,12.6,7.4,18.7,5.8,20.8,10,15
TEST-01810,Arat Kilo,2025-11-14 06:00:00,15.85,10.0,22.6,8.3,25.0,13,18
TEST-01811,Arat Kilo,2025-11-09 20:00:00,22.42,15.6,30.4,13.5,33.3,18,24
TEST-01812,Merkato,2025-11-06 15:00:00,94.29,80.5,110.4,76.3,116.1,73,85
TEST-01813,Kolfe,2025-11-01 08:00:00,26.21,18.8,34.8,16.6,37.9,21,27
TEST-01814,Gerji,2025-11-12 03:00:00,5.29,1.7,9.4,0.7,10.9,5,8
TEST-01815,Gerji,2025-11-14 10:00:00,21.74,15.0,29.6,13.0,32.4,17,23
TEST-01816,Bole,2025-11-02 10:00:00,28.67,21.0,37.6,18.7,40.9,23,29
TEST-01817,Kolfe,2025-11-13 20:00:00,43.75,34.3,54.8,31.4,58.7,34,43
TEST-01818,Sarbet,2025-11-06 21:00:00,29.65,21.8,38.8,19.5,42.0,23,30
TEST-01819,CMC,2025-11-03 08:00:00,52.14,41.8,64.2,38.7,68.5,41,50
TEST-01820,Arat Kilo,2025-11-13 19:00:00,54.25,43.7,66.5,40.6,70.9,42,52
TEST-01821,Bole,2025-11-07 12:00:00,40.39,31.3,51.0,28.6,54.8,32,40
TEST-01822,Gerji,2025-11-07 04:00:00,8.38,4.0,13.4,2.7,15.2,7,11
TEST-01823,Bole,2025-11-12 13:00:00,46.3,36.6,57.6,33.6,61.7,36,45
TEST-01824,Lideta,2025-11-05 07:00:00,63.49,52.1,76.7,48.7,81.5,49,59
TEST-01825,Sarbet,2025-11-13 08:00:00,45.83,36.1,57.1,33.2,61.1,36,44
TEST-01826,Megenagna,2025-11-11 16:00:00,69.44,57.6,83.3,54.0,88.2,54,65
TEST-01827,Sarbet,2025-11-09 13:00:00,41.26,32.1,52.0,29.3,55.8,32,40
TEST-01828,Kolfe,2025-11-07 07:00:00,56.1,45.4,68.5,42.2,73.0,44,53
TEST-01829,Kolfe,2025-11-05 08:00:00,49.49,39.4,61.2,36.4,65.4,39,48
TEST-01830,Megenagna,2025-11-12 05:00:00,24.2,17.1,32.5,15.0,35.4,19,25
TEST-01831,Bole,2025-11-02 13:00:00,52.43,42.1,64.5,39.0,68.8,41,50
TEST-01832,Sarbet,2025-11-10 07:00:00,54.84,44.3,67.1,41.1,71.6,43,52
TEST-01833,Megenagna,2025-11-10 09:00:00,47.88,38.0,59.4,35.0,63.5,37,46
TEST-01834,Sarbet,2025-11-13 04:00:00,7.81,3.6,12.7,2.3,14.5,7,10
TEST-01835,Megenagna,2025-11-08 12:00:00,59.78,48.7,72.6,45.4,77.2,46,56
TEST-01836,Kolfe,2025-11-01 12:00:00,43.04,33.6,54.0,30.8,57.9,34,42
TEST-01837,Kolfe,2025-11-09 10:00:00,39.31,30.3,49.8,27.6,53.5,31,39
TEST-01838,Kolfe,2025-11-02 14:00:00,46.47,36.7,57.8,33.8,61.9,36,45
TEST-01839,Sarbet,2025-11-07 16:00:00,22.93,16.0,31.0,13.9,33.9,18,24
TEST-01840,Sarbet,2025-11-08 16:00:00,37.07,28.3,47.2,25.7,50.9,29,37
TEST-01841,Bole,2025-11-11 21:00:00,44.86,35.3,56.0,32.4,60.0,35,44
TEST-01842,Gerji,2025-11-01 14:00:00,45.1,35.5,56.3,32.6,60.3,35,44
TEST-01843,Kolfe,2025-11-06 06:00:00,43.78,34.3,54.8,31.5,58.8,34,43
TEST-01844,CMC,2025-11-14 12:00:00,25.81,18.5,34.3,16.3,37.4,20,27
TEST-01845,Merkato,2025-11-07 14:00:00,107.81,93.0,125.0,88.6,131.2,83,97
TEST-01846,Megenagna,2025-11-05 11:00:00,52.85,42.5,64.9,39.3,69.3,41,50
TEST-01847,Kazanchis,2025-11-01 06:00:00,7.98,3.7,12.9,2.5,14.7,7,10
TEST-01848,Merkato,2025-11-06 12:00:00,107.79,93.0,125.0,88.6,131.1,83,97
TEST-01849,CMC,2025-11-02 11:00:00,49.18,39.1,60.8,36.1,65.0,38,47
TEST-01850,Kolfe,2025-11-09 03:00:00,5.77,2.1,10.1,1.0,11.6,5,8
TEST-01851,Ayat,2025-11-05 05:00:00,14.76,9.1,21.3,7.5,23.6,12,17
TEST-01852,Merkato,2025-11-08 08:00:00,97.27,83.2,113.6,79.0,119.5,75,88
TEST-01853,Arat Kilo,2025-11-14 02:00:00,3.43,0.5,6.9,0.0,8.1,3,6
TEST-01854,Sarbet,2025-11-06 13:00:00,20.6,14.0,28.3,12.0,31.0,16,22
TEST-01855,Kazanchis,2025-11-12 10:00:00,29.12,21.3,38.2,19.0,41.4,23,30
TEST-01856,Lideta,2025-11-06 01:00:00,6.61,2.7,11.2,1.5,12.8,6,9
TEST-01857,CMC,2025-11-07 11:00:00,25.23,18.0,33.7,15.8,36.7,20,26
TEST-01858,Bole,2025-11-07 21:00:00,79.83,67.1,94.6,63.3,100.0,62,73
TEST-01859,Kolfe,2025-11-03 00:00:00,6.17,2.4,10.6,1.2,12.2,5,9
TEST-01860,Merkato,2025-11-03 00:00:00,4.54,1.2,8.4,0.2,9.8,4,7
TEST-01861,Lideta,2025-11-14 06:00:00,37.22,28.5,47.4,25.8,51.1,29,37
TEST-01862,Sarbet,2025-11-14 06:00:00,40.94,31.8,51.6,29.0,55.4,32,40
TEST-01863,Ayat,2025-11-10 05:00:00,15.03,9.4,21.6,7.7,24.0,12,17
TEST-01864,Lideta,2025-11-11 14:00:00,37.0,28.3,47.2,25.7,50.8,29,37
TEST-01865,Merkato,2025-11-12 22:00:00,5.06,1.6,9.1,0.5,10.6,4,7
TEST-01866,Kolfe,2025-11-07 15:00:00,18.36,12.1,25.6,10.3,28.2,15,20
TEST-01867,Sarbet,2025-11-03 13:00:00,19.66,13.2,27.1,11.3,29.8,16,21
TEST-01868,Merkato,2025-11-11 05:00:00,19.26,12.9,26.7,11.0,29.3,15,21
TEST-01869,Megenagna,2025-11-02 05:00:00,16.38,10.5,23.3,8.7,25.7,13,18
TEST-01870,CMC,2025-11-09 01:00:00,6.86,2.9,11.5,1.7,13.1,6,9
TEST-01871,Bole,2025-11-13 19:00:00,60.33,49.2,73.2,45.9,77.9,47,57
TEST-01872,Arat Kilo,2025-11-10 05:00:00,6.13,2.4,10.5,1.2,12.1,5,9
TEST-01873,Kolfe,2025-11-13 23:00:00,13.27,7.9,19.5,6.3,21.7,11,15
TEST-01874,Arat Kilo,2025-11-03 12:00:00,27.58,20.0,36.4,17.7,39.5,22,28
TEST-01875,Megenagna,2025-11-12 18:00:00,98.44,84.3,114.9,80.1,120.8,76,89
TEST-01876,Kazanchis,2025-11-03 21:00:00,58.52,47.6,71.2,44.3,75.8,46,55
TEST-01877,Sarbet,2025-11-11 10:00:00,20.67,14.1,28.3,12.1,31.1,16,22
TEST-01878,Gerji,2025-11-05 23:00:00,11.68,6.6,17.5,5.1,19.7,9,14
TEST-01879,Lideta,2025-11-09 09:00:00,34.37,25.9,44.2,23.4,47.7,27,34
TEST-01880,Lideta,2025-11-01 07:00:00,18.56,12.3,25.8,10.4,28.5,15,20
TEST-01881,Arat Kilo,2025-11-02 09:00:00,14.37,8.8,20.8,7.2,23.1,12,16
TEST-01882,Gerji,2025-11-14 02:00:00,5.14,1.6,9.2,0.6,10.7,4,8
TEST-01883,Megenagna,2025-11-11 13:00:00,50.64,40.5,62.5,37.4,66.7,39,49
TEST-01884,Ayat,2025-11-11 16:00:00,17.81,11.7,25.0,9.8,27.5,14,20
TEST-01885,Piassa,2025-11-06 17:00:00,82.73,69.8,97.8,65.9,103.2,64,76
TEST-01886,Kolfe,2025-11-07 18:00:00,49.26,39.2,60.9,36.2,65.1,38,47
TEST-01887,Ayat,2025-11-13 11:00:00,17.96,11.8,25.1,10.0,27.7,14,20
TEST-01888,Bole,2025-11-05 08:00:00,51.25,41.0,63.2,38.0,67.4,40,49
TEST-01889,Arat Kilo,2025-11-12 19:00:00,54.28,43.8,66.5,40.6,70.9,42,52
TEST-01890,CMC,2025-11-10 20:00:00,45.9,36.2,57.2,33.3,61.2,36,44
TEST-01891,Arat Kilo,2025-11-07 14:00:00,33.35,25.0,43.0,22.6,46.5,26,34
TEST-01892,Merkato,2025-11-14 10:00:00,85.64,72.5,101.0,68.5,106.5,66,78
TEST-01893,Lideta,2025-11-08 05:00:00,11.63,6.6,17.5,5.1,19.6,9,14
TEST-01894,Kolfe,2025-11-01 14:00:00,40.47,31.3,51.1,28.6,54.9,32,40
TEST-01895,Ayat,2025-11-12 21:00:00,22.37,15.5,30.3,13.5,33.2,18,24
TEST-01896,Ayat,2025-11-07 03:00:00,3.67,0.6,7.2,0.0,8.5,3,6
TEST-01897,CMC,2025-11-08 09:00:00,38.03,29.2,48.3,26.5,52.0,30,38
TEST-01898,Kolfe,2025-11-11 10:00:00,20.93,14.3,28.6,12.3,31.4,17,22
TEST-01899,Piassa,2025-11-09 19:00:00,35.34,26.8,45.3,24.2,48.8,28,35
TEST-01900,Kazanchis,2025-11-04 04:00:00,5.62,2.0,9.9,0.9,11.4,5,8
TEST-01901,Sarbet,2025-11-04 22:00:00,18.98,12.7,26.3,10.8,29.0,15,21
TEST-01902,Kazanchis,2025-11-14 17:00:00,113.91,98.7,131.6,94.2,137.9,88,102
TEST-01903,Merkato,2025-11-05 00:00:00,3.94,0.8,7.6,0.0,8.9,4,6
TEST-01904,Ayat,2025-11-04 23:00:00,8.82,4.4,14.0,3.1,15.8,7,11
TEST-01905,Lideta,2025-11-08 15:00:00,45.29,35.7,56.5,32.8,60.5,35,44
TEST-01906,Piassa,2025-11-08 14:00:00,23.75,16.7,31.9,14.6,34.9,19,25
TEST-01907,Arat Kilo,2025-11-07 06:00:00,15.88,10.1,22.6,8.3,25.1,13,18
TEST-01908,Megenagna,2025-11-13 08:00:00,87.93,74.6,103.5,70.6,109.0,68,80
TEST-01909,Kolfe,2025-11-05 19:00:00,46.99,37.2,58.4,34.2,62.5,37,45
TEST-01910,Megenagna,2025-11-04 07:00:00,89.26,75.8,104.9,71.8,110.5,69,81
TEST-01911,Piassa,2025-11-11 23:00:00,9.29,4.7,14.6,3.4,16.5,8,12
TEST-01912,CMC,2025-11-07 21:00:00,39.5,30.5,50.0,27.8,53.7,31,39
TEST-01913,Sarbet,2025-11-01 23:00:00,10.55,5.7,16.1,4.3,18.2,9,13
TEST-01914,Kolfe,2025-11-13 22:00:00,21.35,14.7,29.1,12.6,31.9,17,23
TEST-01915,Kazanchis,2025-11-11 18:00:00,105.03,90.4,122.0,86.1,128.1,81,94
TEST-01916,Gerji,2025-11-03 08:00:00,49.52,39.5,61.2,36.4,65.4,39,48
TEST-01917,Bole,2025-11-05 16:00:00,35.14,26.6,45.0,24.1,48.6,28,35
TEST-01918,Piassa,2025-11-05 11:00:00,21.59,14.9,29.4,12.8,32.2,17,23
TEST-01919,Merkato,2025-11-02 13:00:00,48.49,38.5,60.1,35.5,64.2,38,47
TEST-01920,Bole,2025-11-04 05:00:00,58.76,47.8,71.5,44.5,76.1,46,55
TEST-01921,Bole,2025-11-14 09:00:00,45.09,35.5,56.3,32.6,60.3,35,44
TEST-01922,Megenagna,2025-11-14 02:00:00,9.51,4.9,14.8,3.5,16.8,8,12
TEST-01923,Kolfe,2025-11-02 09:00:00,33.82,25.5,43.5,23.0,47.0,27,34
TEST-01924,Piassa,2025-11-14 07:00:00,60.84,49.7,73.8,46.4,78.4,47,57
TEST-01925,Bole,2025-11-03 12:00:00,38.45,29.6,48.8,26.9,52.5,30,38
TEST-01926,CMC,2025-11-03 03:00:00,4.6,1.3,8.5,0.2,9.9,4,7
TEST-01927,CMC,2025-11-14 19:00:00,60.5,49.4,73.4,46.1,78.1,47,57
TEST-01928,Kolfe,2025-11-12 00:00:00,6.58,2.7,11.1,1.5,12.7,6,9
TEST-01929,Piassa,2025-11-09 06:00:00,7.78,3.6,12.7,2.3,14.4,6,10
TEST-01930,Megenagna,2025-11-02 07:00:00,30.31,22.4,39.5,20.0,42.8,24,31
TEST-01931,Merkato,2025-11-04 01:00:00,4.05,0.9,7.8,0.0,9.1,4,6
TEST-01932,Merkato,2025-11-10 09:00:00,76.55,64.1,91.1,60.3,96.3,59,71
TEST-01933,CMC,2025-11-02 22:00:00,22.77,15.9,30.8,13.8,33.7,18,24
TEST-01934,Megenagna,2025-11-01 15:00:00,66.0,54.4,79.5,50.9,84.3,51,62
TEST-01935,CMC,2025-11-06 08:00:00,52.45,42.1,64.5,39.0,68.8,41,50
TEST-01936,Merkato,2025-11-11 11:00:00,105.13,90.5,122.1,86.2,128.2,81,94
TEST-01937,Arat Kilo,2025-11-07 19:00:00,59.72,48.7,72.6,45.4,77.2,46,56
TEST-01938,Lideta,2025-11-02 02:00:00,9.52,4.9,14.9,3.5,16.8,8,12
TEST-01939,Arat Kilo,2025-11-06 08:00:00,53.61,43.1,65.8,40.0,70.2,42,51
TEST-01940,Sarbet,2025-11-14 11:00:00,19.41,13.0,26.9,11.1,29.5,15,21
TEST-01941,Ayat,2025-11-09 10:00:00,30.44,22.5,39.7,20.1,43.0,24,31
TEST-01942,Bole,2025-11-11 10:00:00,35.34,26.8,45.3,24.2,48.8,28,35
TEST-01943,Merkato,2025-11-04 06:00:00,46.85,37.1,58.2,34.1,62.3,37,45
TEST-01944,Piassa,2025-11-05 07:00:00,59.66,48.6,72.5,45.3,77.1,46,56
TEST-01945,Kolfe,2025-11-11 13:00:00,23.18,16.2,31.3,14.1,34.2,18,25
TEST-01946,Megenagna,2025-11-11 08:00:00,88.83,75.4,104.4,71.4,110.0,69,81
TEST-01947,Bole,2025-11-07 22:00:00,88.97,75.5,104.6,71.5,110.2,69,81
TEST-01948,Lideta,2025-11-12 19:00:00,56.46,45.7,69.0,42.5,73.4,44,54
TEST-01949,Kazanchis,2025-11-04 08:00:00,85.94,72.7,101.3,68.8,106.8,67,78
TEST-01950,Lideta,2025-11-03 14:00:00,37.47,28.7,47.7,26.1,51.4,29,37
TEST-01951,Merkato,2025-11-10 05:00:00,16.71,10.7,23.6,9.0,26.1,13,19
TEST-01952,Gerji,2025-11-12 20:00:00,44.68,35.1,55.8,32.2,59.8,35,43
TEST-01953,Piassa,2025-11-10 18:00:00,87.33,74.0,102.8,70.0,108.4,68,80
TEST-01954,Arat Kilo,2025-11-06 01:00:00,3.58,0.5,7.1,0.0,8.4,3,6
TEST-01955,Bole,2025-11-13 08:00:00,46.77,37.0,58.2,34.1,62.2,36,45
TEST-01956,Merkato,2025-11-04 11:00:00,105.18,90.6,122.2,86.2,128.2,81,94
TEST-01957,Ayat,2025-11-03 09:00:00,20.72,14.1,28.4,12.1,31.2,16,22
TEST-01958,Lideta,2025-11-10 16:00:00,47.69,37.8,59.2,34.9,63.3,37,46
TEST-01959,Bole,2025-11-01 13:00:00,47.9,38.0,59.4,35.0,63.5,37,46
TEST-01960,CMC,2025-11-11 15:00:00,21.21,14.5,29.0,12.5,31.8,17,23
TEST-01961,Sarbet,2025-11-04 13:00:00,20.62,14.0,28.3,12.1,31.0,16,22
TEST-01962,Merkato,2025-11-13 14:00:00,78.73,66.1,93.4,62.3,98.7,61,72
TEST-01963,Kolfe,2025-11-03 11:00:00,21.7,15.0,29.6,12.9,32.4,17,23
TEST-01964,Ayat,2025-11-04 13:00:00,19.67,13.2,27.2,11.3,29.8,16,21
TEST-01965,CMC,2025-11-02 03:00:00,6.19,2.4,10.6,1.3,12.2,5,9
TEST-01966,Arat Kilo,2025-11-01 14:00:00,17.36,11.3,24.4,9.5,27.0,14,19
TEST-01967,Lideta,2025-11-06 19:00:00,57.37,46.5,70.0,43.3,74.5,45,54
TEST-01968,Piassa,2025-11-10 13:00:00,47.39,37.5,58.9,34.6,63.0,37,46
TEST-01969,Bole,2025-11-14 05:00:00,60.65,49.5,73.6,46.2,78.2,47,57
TEST-01970,Ayat,2025-11-05 01:00:00,3.45,0.5,6.9,0.0,8.2,3,6
TEST-01971,Piassa,2025-11-01 08:00:00,14.8,9.2,21.3,7.5,23.7,12,17
TEST-01972,Piassa,2025-11-14 03:00:00,4.45,1.1,8.3,0.2,9.7,4,7
TEST-01973,Lideta,2025-11-09 18:00:00,41.29,32.1,52.0,29.3,55.8,32,40
TEST-01974,Piassa,2025-11-14 15:00:00,45.46,35.8,56.7,32.9,60.7,35,44
TEST-01975,Arat Kilo,2025-11-09 14:00:00,16.62,10.7,23.5,8.9,26.0,13,19
TEST-01976,Gerji,2025-11-06 10:00:00,24.69,17.5,33.0,15.4,36.0,19,26
TEST-01977,CMC,2025-11-08 16:00:00,45.39,35.7,56.6,32.9,60.6,35,44
TEST-01978,Lideta,2025-11-13 10:00:00,37.82,29.0,48.1,26.4,51.8,30,37
TEST-01979,Kolfe,2025-11-04 13:00:00,23.95,16.9,32.2,14.8,35.1,19,25
TEST-01980,Merkato,2025-11-04 16:00:00,77.79,65.2,92.4,61.5,97.7,60,72
TEST-01981,Ayat,2025-11-09 01:00:00,4.5,1.2,8.4,0.2,9.7,4,7
TEST-01982,Bole,2025-11-04 09:00:00,43.57,34.1,54.6,31.3,58.5,34,42
TEST-01983,Sarbet,2025-11-07 18:00:00,47.11,37.3,58.5,34.3,62.6,37,45
TEST-01984,Kolfe,2025-11-12 06:00:00,49.05,39.0,60.7,36.0,64.9,38,47
TEST-01985,Bole,2025-11-02 01:00:00,75.37,63.0,89.8,59.3,94.9,58,70
TEST-01986,CMC,2025-11-09 19:00:00,49.16,39.1,60.8,36.1,65.0,38,47
TEST-01987,Gerji,2025-11-06 22:00:00,21.36,14.7,29.1,12.7,31.9,17,23
TEST-01988,Lideta,2025-11-05 03:00:00,6.48,2.6,11.0,1.4,12.6,5,9
TEST-01989,Sarbet,2025-11-05 19:00:00,45.04,35.4,56.2,32.6,60.2,35,44
TEST-01990,Merkato,2025-11-12 02:00:00,4.11,0.9,7.8,0.0,9.2,4,6
TEST-01991,Lideta,2025-11-14 19:00:00,61.86,50.6,74.9,47.3,79.6,48,58
TEST-01992,Bole,2025-11-07 16:00:00,33.22,24.9,42.9,22.5,46.3,26,33
TEST-01993,CMC,2025-11-10 23:00:00,12.4,7.2,18.4,5.7,20.6,10,15
TEST-01994,Kolfe,2025-11-11 16:00:00,26.38,19.0,35.0,16.8,38.1,21,27
TEST-01995,Kazanchis,2025-11-02 22:00:00,17.33,11.3,24.4,9.5,26.9,14,19
TEST-01996,Arat Kilo,2025-11-09 09:00:00,12.41,7.2,18.4,5.7,20.6,10,15
TEST-01997,Lideta,2025-11-08 16:00:00,44.76,35.2,55.9,32.3,59.9,35,43
TEST-01998,CMC,2025-11-08 15:00:00,49.16,39.1,60.8,36.1,65.0,38,47
TEST-01999,Piassa,2025-11-14 11:00:00,21.27,14.6,29.0,12.6,31.8,17,23
TEST-02000,Gerji,2025-11-11 07:00:00,65.55,54.0,79.0,50.5,83.8,51,61
TEST-02001,CMC,2025-11-03 06:00:00,46.83,37.0,58.2,34.1,62.3,37,45
TEST-02002,Arat Kilo,2025-11-05 03:00:00,3.84,0.7,7.5,0.0,8.8,3,6
TEST-02003,CMC,2025-11-05 06:00:00,48.18,38.2,59.7,35.3,63.9,38,46
TEST-02004,Lideta,2025-11-07 23:00:00,7.62,3.5,12.5,2.2,14.2,6,10
TEST-02005,Kazanchis,2025-11-04 13:00:00,59.49,48.5,72.3,45.2,76.9,46,56
TEST-02006,Kazanchis,2025-11-07 08:00:00,89.72,76.2,105.4,72.2,111.0,70,82
TEST-02007,Bole,2025-11-09 19:00:00,65.16,53.6,78.6,50.2,83.4,51,61
TEST-02008,Kolfe,2025-11-06 03:00:00,4.9,1.5,8.9,0.4,10.3,4,7
TEST-02009,Sarbet,2025-11-03 21:00:00,30.14,22.2,39.3,19.9,42.6,24,31
TEST-02010,Megenagna,2025-11-04 06:00:00,53.23,42.8,65.4,39.7,69.7,41,51
TEST-02011,Bole,2025-11-12 00:00:00,13.08,7.8,19.3,6.2,21.5,11,15
TEST-02012,Kazanchis,2025-11-01 12:00:00,30.03,22.1,39.2,19.8,42.5,24,31
TEST-02013,Kolfe,2025-11-11 04:00:00,7.21,3.2,11.9,1.9,13.6,6,10
TEST-02014,Gerji,2025-11-07 08:00:00,54.56,44.0,66.8,40.8,71.2,42,52
TEST-02015,Kazanchis,2025-11-13 02:00:00,5.15,1.6,9.2,0.6,10.7,4,8
TEST-02016,Arat Kilo,2025-11-10 09:00:00,41.82,32.6,52.6,29.8,56.5,33,41
TEST-02017,Lideta,2025-11-09 08:00:00,28.28,20.6,37.2,18.3,40.4,22,29
TEST-02018,Merkato,2025-11-05 13:00:00,108.53,93.7,125.8,89.3,132.0,84,97
TEST-02019,Arat Kilo,2025-11-06 02:00:00,4.04,0.9,7.7,0.0,9.1,4,6
TEST-02020,CMC,2025-11-13 12:00:00,28.44,20.8,37.4,18.5,40.6,22,29
TEST-02021,Kolfe,2025-11-03 13:00:00,22.8,15.9,30.8,13.8,33.7,18,24
TEST-02022,Kolfe,2025-11-10 05:00:00,18.87,12.6,26.2,10.7,28.8,15,21
TEST-02023,Kolfe,2025-11-03 01:00:00,5.07,1.6,9.1,0.5,10.6,4,7
TEST-02024,Arat Kilo,2025-11-05 11:00:00,15.68,9.9,22.4,8.2,24.8,13,18
TEST-02025,Merkato,2025-11-10 10:00:00,87.3,74.0,102.8,70.0,108.3,68,80
TEST-02026,Ayat,2025-11-07 13:00:00,17.21,11.2,24.2,9.4,26.8,14,19
TEST-02027,CMC,2025-11-04 05:00:00,21.76,15.0,29.6,13.0,32.4,17,23
TEST-02028,Ayat,2025-11-11 03:00:00,3.45,0.5,6.9,0.0,8.2,3,6
TEST-02029,Arat Kilo,2025-11-05 04:00:00,3.73,0.7,7.3,0.0,8.6,3,6
TEST-02030,Ayat,2025-11-08 02:00:00,4.46,1.2,8.3,0.2,9.7,4,7
TEST-02031,Kolfe,2025-11-02 00:00:00,7.75,3.6,12.6,2.3,14.4,6,10
TEST-02032,Kazanchis,2025-11-03 23:00:00,11.13,6.2,16.9,4.7,18.9,9,13
TEST-02033,Kazanchis,2025-11-08 17:00:00,43.23,33.8,54.2,31.0,58.1,34,42
TEST-02034,Bole,2025-11-08 20:00:00,85.7,72.5,101.0,68.6,106.5,66,78
TEST-02035,Bole,2025-11-13 04:00:00,32.83,24.6,42.4,22.1,45.8,26,33
TEST-02036,Bole,2025-11-04 17:00:00,35.0,26.5,44.9,24.0,48.4,27,35
TEST-02037,Merkato,2025-11-02 18:00:00,19.6,13.2,27.1,11.2,29.8,16,21
TEST-02038,Bole,2025-11-12 12:00:00,43.62,34.2,54.6,31.3,58.6,34,42
TEST-02039,Kazanchis,2025-11-08 19:00:00,38.51,29.6,48.9,26.9,52.6,30,38
TEST-02040,Sarbet,2025-11-01 20:00:00,40.7,31.6,51.3,28.8,55.2,32,40
TEST-02041,Sarbet,2025-11-11 05:00:00,19.43,13.0,26.9,11.1,29.6,15,21
TEST-02042,Piassa,2025-11-07 17:00:00,95.18,81.3,111.3,77.1,117.1,74,86
TEST-02043,Sarbet,2025-11-01 02:00:00,5.77,2.1,10.1,1.0,11.6,5,8
TEST-02044,Gerji,2025-11-08 00:00:00,7.04,3.0,11.7,1.8,13.4,6,9
TEST-02045,Arat Kilo,2025-11-03 19:00:00,54.66,44.1,67.0,40.9,71.4,43,52
TEST-02046,Bole,2025-11-02 16:00:00,51.04,40.8,62.9,37.8,67.2,40,49
TEST-02047,Kolfe,2025-11-02 05:00:00,7.63,3.5,12.5,2.2,14.2,6,10
TEST-02048,Kolfe,2025-11-01 02:00:00,5.77,2.1,10.1,1.0,11.6,5,8
TEST-02049,Kolfe,2025-11-10 07:00:00,58.88,47.9,71.6,44.6,76.2,46,56
TEST-02050,CMC,2025-11-10 11:00:00,25.39,18.1,33.9,15.9,36.9,20,27
TEST-02051,Merkato,2025-11-02 08:00:00,42.78,33.4,53.7,30.6,57.6,33,42
TEST-02052,Merkato,2025-11-12 07:00:00,77.45,64.9,92.0,61.1,97.3,60,71
TEST-02053,Ayat,2025-11-13 09:00:00,22.02,15.2,29.9,13.2,32.8,17,23
TEST-02054,Bole,2025-11-10 06:00:00,65.63,54.1,79.1,50.6,83.9,51,61
TEST-02055,Megenagna,2025-11-03 21:00:00,25.25,18.0,33.7,15.8,36.7,20,26
TEST-02056,Kolfe,2025-11-07 23:00:00,10.87,6.0,16.6,4.5,18.6,9,13
TEST-02057,CMC,2025-11-14 00:00:00,6.71,2.8,11.3,1.6,12.9,6,9
TEST-02058,Kazanchis,2025-11-14 00:00:00,6.17,2.4,10.6,1.2,12.2,5,9
TEST-02059,Ayat,2025-11-03 06:00:00,32.77,24.5,42.3,22.1,45.8,26,33
TEST-02060,Kazanchis,2025-11-01 20:00:00,37.16,28.4,47.3,25.8,51.0,29,37
TEST-02061,Megenagna,2025-11-14 09:00:00,65.55,54.0,79.0,50.5,83.8,51,61
TEST-02062,Arat Kilo,2025-11-02 11:00:00,16.14,10.3,23.0,8.5,25.4,13,18
TEST-02063,Ayat,2025-11-02 05:00:00,5.2,1.7,9.3,0.6,10.8,4,8
TEST-02064,Gerji,2025-11-03 00:00:00,6.93,2.9,11.6,1.8,13.2,6,9
TEST-02065,Merkato,2025-11-09 13:00:00,47.04,37.2,58.5,34.3,62.5,37,45
TEST-02066,Kolfe,2025-11-03 10:00:00,18.93,12.6,26.3,10.7,28.9,15,21
TEST-02067,Ayat,2025-11-01 17:00:00,35.28,26.7,45.2,24.2,48.8,28,35
TEST-02068,Merkato,2025-11-08 04:00:00,9.43,4.9,14.8,3.5,16.7,8,12
TEST-02069,Gerji,2025-11-01 10:00:00,44.93,35.3,56.1,32.5,60.1,35,44
TEST-02070,Lideta,2025-11-10 03:00:00,6.09,2.3,10.5,1.2,12.0,5,9
TEST-02071,Megenagna,2025-11-03 07:00:00,82.78,69.8,97.9,65.9,103.3,64,76
TEST-02072,Sarbet,2025-11-02 07:00:00,16.23,10.3,23.1,8.6,25.5,13,18
TEST-02073,Lideta,2025-11-04 22:00:00,9.65,5.0,15.0,3.6,17.0,8,12
TEST-02074,Megenagna,2025-11-05 08:00:00,87.97,74.6,103.5,70.6,109.1,68,80
TEST-02075,Ayat,2025-11-01 22:00:00,16.73,10.8,23.7,9.0,26.2,13,19
TEST-02076,Bole,2025-11-13 03:00:00,15.27,9.6,21.9,7.9,24.3,12,17
TEST-02077,CMC,2025-11-01 11:00:00,50.06,39.9,61.8,36.9,66.0,39,48
TEST-02078,Arat Kilo,2025-11-03 13:00:00,34.25,25.8,44.0,23.3,47.5,27,34
TEST-02079,Merkato,2025-11-05 10:00:00,92.91,79.2,108.9,75.1,114.6,72,84
TEST-02080,Merkato,2025-11-13 22:00:00,5.22,1.7,9.3,0.6,10.8,5,8
TEST-02081,Gerji,2025-11-07 18:00:00,53.49,43.0,65.7,39.9,70.0,42,51
TEST-02082,Arat Kilo,2025-11-06 19:00:00,51.81,41.5,63.8,38.4,68.1,40,50
TEST-02083,CMC,2025-11-09 11:00:00,47.65,37.8,59.1,34.8,63.3,37,46
TEST-02084,Bole,2025-11-10 13:00:00,45.13,35.5,56.3,32.6,60.3,35,44
TEST-02085,Lideta,2025-11-10 06:00:00,37.07,28.3,47.2,25.7,50.9,29,37
TEST-02086,Arat Kilo,2025-11-06 10:00:00,18.88,12.6,26.2,10.7,28.9,15,21
TEST-02087,Bole,2025-11-03 07:00:00,58.3,47.4,71.0,44.1,75.5,45,55
TEST-02088,Gerji,2025-11-01 12:00:00,47.14,37.3,58.6,34.4,62.7,37,46
TEST-02089,Lideta,2025-11-02 22:00:00,15.92,10.1,22.7,8.3,25.1,13,18
TEST-02090,Kazanchis,2025-11-02 12:00:00,29.27,21.5,38.3,19.1,41.6,23,30
TEST-02091,Ayat,2025-11-13 19:00:00,40.01,30.9,50.6,28.2,54.3,31,39
TEST-02092,Gerji,2025-11-01 13:00:00,42.53,33.2,53.4,30.4,57.3,33,42
TEST-02093,Gerji,2025-11-03 09:00:00,29.68,21.8,38.8,19.5,42.1,23,30
TEST-02094,Ayat,2025-11-12 19:00:00,35.31,26.8,45.2,24.2,48.8,28,35
TEST-02095,CMC,2025-11-05 11:00:00,23.14,16.2,31.2,14.1,34.1,18,24
TEST-02096,Bole,2025-11-06 20:00:00,61.36,50.2,74.4,46.8,79.0,48,58
TEST-02097,Piassa,2025-11-07 19:00:00,85.37,72.2,100.7,68.3,106.2,66,78
TEST-02098,Merkato,2025-11-06 06:00:00,48.13,38.2,59.7,35.2,63.8,38,46
TEST-02099,Lideta,2025-11-14 21:00:00,20.32,13.8,27.9,11.8,30.7,16,22
TEST-02100,Arat Kilo,2025-11-01 03:00:00,3.74,0.7,7.3,0.0,8.6,3,6
TEST-02101,Arat Kilo,2025-11-08 20:00:00,23.08,16.1,31.2,14.0,34.1,18,24
TEST-02102,Kolfe,2025-11-07 00:00:00,6.88,2.9,11.5,1.7,13.2,6,9
TEST-02103,Gerji,2025-11-13 23:00:00,14.87,9.2,21.4,7.5,23.8,12,17
TEST-02104,Lideta,2025-11-03 22:00:00,10.07,5.4,15.6,3.9,17.5,8,12
TEST-02105,Merkato,2025-11-14 19:00:00,21.74,15.0,29.6,13.0,32.4,17,23
TEST-02106,Kolfe,2025-11-01 13:00:00,40.13,31.0,50.7,28.3,54.5,31,39
TEST-02107,CMC,2025-11-07 17:00:00,44.38,34.8,55.5,32.0,59.5,35,43
TEST-02108,Arat Kilo,2025-11-13 04:00:00,3.71,0.6,7.3,0.0,8.6,3,6
TEST-02109,Kazanchis,2025-11-06 07:00:00,63.99,52.6,77.3,49.2,82.0,50,60
TEST-02110,Arat Kilo,2025-11-08 22:00:00,11.09,6.2,16.8,4.7,18.9,9,13
TEST-02111,Arat Kilo,2025-11-13 10:00:00,19.2,12.8,26.6,10.9,29.3,15,21
TEST-02112,Lideta,2025-11-02 10:00:00,42.63,33.3,53.5,30.5,57.4,33,42
TEST-02113,CMC,2025-11-02 18:00:00,55.97,45.3,68.4,42.1,72.9,44,53
TEST-02114,Piassa,2025-11-01 20:00:00,32.56,24.4,42.1,21.9,45.5,26,33
TEST-02115,Ayat,2025-11-07 09:00:00,22.61,15.7,30.6,13.7,33.5,18,24
TEST-02116,Ayat,2025-11-04 10:00:00,17.19,11.1,24.2,9.3,26.7,14,19
TEST-02117,CMC,2025-11-11 14:00:00,22.84,15.9,30.9,13.9,33.8,18,24
TEST-02118,Bole,2025-11-12 21:00:00,43.88,34.4,54.9,31.6,58.9,34,43
TEST-02119,Ayat,2025-11-01 23:00:00,10.46,5.7,16.0,4.2,18.0,9,13
TEST-02120,Kolfe,2025-11-14 12:00:00,24.29,17.2,32.6,15.0,35.5,19,26
TEST-02121,Megenagna,2025-11-04 05:00:00,23.34,16.4,31.5,14.3,34.4,18,25
TEST-02122,Megenagna,2025-11-14 07:00:00,82.41,69.5,97.5,65.6,102.9,64,75
TEST-02123,Bole,2025-11-11 12:00:00,42.78,33.4,53.7,30.6,57.6,33,42
TEST-02124,Arat Kilo,2025-11-13 16:00:00,53.96,43.5,66.2,40.3,70.6,42,51
TEST-02125,Gerji,2025-11-13 00:00:00,5.71,2.0,10.0,0.9,11.5,5,8
TEST-02126,Ayat,2025-11-06 01:00:00,4.33,1.1,8.1,0.1,9.5,4,7
TEST-02127,Ayat,2025-11-06 06:00:00,31.79,23.7,41.2,21.3,44.6,25,32
TEST-02128,Merkato,2025-11-01 20:00:00,15.55,9.8,22.2,8.1,24.7,12,18
TEST-02129,Gerji,2025-11-08 06:00:00,10.52,5.7,16.1,4.3,18.1,9,13
TEST-02130,Ayat,2025-11-14 10:00:00,17.23,11.2,24.3,9.4,26.8,14,19
TEST-02131,Merkato,2025-11-01 14:00:00,137.27,120.6,156.6,115.6,163.6,106,121
TEST-02132,Piassa,2025-11-13 17:00:00,101.36,87.0,118.0,82.7,124.0,78,91
TEST-02133,Sarbet,2025-11-11 16:00:00,22.28,15.4,30.2,13.4,33.1,18,24
TEST-02134,Piassa,2025-11-04 18:00:00,96.81,82.8,113.1,78.6,118.9,75,87
TEST-02135,Bole,2025-11-10 18:00:00,49.26,39.2,60.9,36.2,65.1,38,47
TEST-02136,CMC,2025-11-11 19:00:00,59.5,48.5,72.3,45.2,76.9,46,56
TEST-02137,Lideta,2025-11-11 20:00:00,35.1,26.6,45.0,24.0,48.5,27,35
TEST-02138,Lideta,2025-11-03 23:00:00,7.98,3.7,12.9,2.5,14.7,7,10
TEST-02139,Piassa,2025-11-01 05:00:00,6.66,2.7,11.2,1.6,12.9,6,9
TEST-02140,Piassa,2025-11-09 01:00:00,5.63,2.0,9.9,0.9,11.4,5,8
TEST-02141,Kazanchis,2025-11-02 07:00:00,12.08,7.0,18.0,5.4,20.2,10,14
TEST-02142,Lideta,2025-11-13 19:00:00,60.52,49.4,73.4,46.1,78.1,47,57
TEST-02143,Kazanchis,2025-11-02 10:00:00,23.26,16.3,31.4,14.2,34.3,18,25
TEST-02144,Sarbet,2025-11-07 04:00:00,7.93,3.7,12.9,2.4,14.6,7,10
TEST-02145,Piassa,2025-11-09 13:00:00,27.13,19.6,35.9,17.4,39.0,21,28
TEST-02146,Kazanchis,2025-11-04 14:00:00,54.79,44.2,67.1,41.0,71.5,43,52
TEST-02147,Ayat,2025-11-11 17:00:00,25.6,18.3,34.1,16.1,37.1,20,27
TEST-02148,Lideta,2025-11-03 05:00:00,16.28,10.4,23.1,8.6,25.6,13,18
TEST-02149,CMC,2025-11-05 05:00:00,22.59,15.7,30.6,13.7,33.5,18,24
TEST-02150,Arat Kilo,2025-11-09 19:00:00,25.09,17.9,33.5,15.7,36.5,20,26
TEST-02151,Ayat,2025-11-10 09:00:00,20.12,13.6,27.7,11.7,30.4,16,22
TEST-02152,Ayat,2025-11-06 23:00:00,9.04,4.6,14.3,3.2,16.1,7,11
TEST-02153,Lideta,2025-11-10 00:00:00,7.21,3.1,11.9,1.9,13.6,6,10
TEST-02154,Kazanchis,2025-11-09 17:00:00,49.35,39.3,61.0,36.3,65.2,38,47
TEST-02155,Bole,2025-11-11 05:00:00,56.26,45.5,68.7,42.3,73.2,44,53
TEST-02156,Merkato,2025-11-07 18:00:00,34.13,25.7,43.9,23.2,47.4,27,34
TEST-02157,Sarbet,2025-11-08 09:00:00,31.06,23.0,40.4,20.6,43.7,24,32
TEST-02158,Gerji,2025-11-07 17:00:00,39.56,30.5,50.1,27.8,53.8,31,39
TEST-02159,Piassa,2025-11-04 07:00:00,58.53,47.6,71.2,44.3,75.8,46,55
TEST-02160,Piassa,2025-11-06 06:00:00,21.99,15.2,29.9,13.2,32.7,17,23
TEST-02161,Kolfe,2025-11-01 23:00:00,12.86,7.6,19.0,6.0,21.2,10,15
TEST-02162,Sarbet,2025-11-05 07:00:00,58.19,47.3,70.9,44.0,75.4,45,55
TEST-02163,Piassa,2025-11-08 12:00:00,25.91,18.6,34.5,16.4,37.5,20,27
TEST-02164,CMC,2025-11-11 16:00:00,29.07,21.3,38.1,19.0,41.3,23,30
TEST-02165,Piassa,2025-11-11 07:00:00,61.18,50.0,74.2,46.7,78.8,48,58
TEST-02166,Piassa,2025-11-09 02:00:00,5.28,1.7,9.4,0.7,10.9,5,8
TEST-02167,Bole,2025-11-07 23:00:00,80.42,67.6,95.3,63.8,100.6,62,74
TEST-02168,Lideta,2025-11-01 08:00:00,30.86,22.9,40.2,20.5,43.5,24,31
TEST-02169,Arat Kilo,2025-11-09 05:00:00,3.82,0.7,7.4,0.0,8.7,3,6
TEST-02170,Piassa,2025-11-05 16:00:00,65.11,53.6,78.5,50.2,83.3,51,61
TEST-02171,Merkato,2025-11-07 05:00:00,16.53,10.6,23.4,8.8,25.9,13,18
TEST-02172,Kazanchis,2025-11-06 10:00:00,28.89,21.1,37.9,18.8,41.1,23,30
TEST-02173,Ayat,2025-11-05 21:00:00,23.78,16.7,32.0,14.6,34.9,19,25
TEST-02174,Kolfe,2025-11-08 21:00:00,31.76,23.7,41.2,21.2,44.6,25,32
TEST-02175,Megenagna,2025-11-11 05:00:00,22.9,16.0,31.0,13.9,33.8,18,24
TEST-02176,Merkato,2025-11-12 17:00:00,55.71,45.0,68.1,41.9,72.6,43,53
TEST-02177,Gerji,2025-11-02 13:00:00,51.94,41.6,63.9,38.6,68.2,40,50
TEST-02178,Arat Kilo,2025-11-12 03:00:00,3.97,0.8,7.6,0.0,9.0,4,6
TEST-02179,Bole,2025-11-10 07:00:00,60.33,49.2,73.2,45.9,77.9,47,57
TEST-02180,Bole,2025-11-14 06:00:00,67.7,56.0,81.4,52.4,86.2,53,63
TEST-02181,Kazanchis,2025-11-11 04:00:00,5.88,2.2,10.2,1.1,11.7,5,8
TEST-02182,Kazanchis,2025-11-04 22:00:00,17.19,11.1,24.2,9.3,26.7,14,19
TEST-02183,Piassa,2025-11-03 16:00:00,57.15,46.3,69.7,43.1,74.2,44,54
TEST-02184,Merkato,2025-11-03 19:00:00,20.16,13.6,27.7,11.7,30.5,16,22
TEST-02185,CMC,2025-11-13 22:00:00,22.86,15.9,30.9,13.9,33.8,18,24
TEST-02186,CMC,2025-11-04 17:00:00,38.27,29.4,48.6,26.7,52.3,30,38
TEST-02187,Ayat,2025-11-02 11:00:00,33.29,25.0,42.9,22.5,46.4,26,33
TEST-02188,Gerji,2025-11-13 07:00:00,57.76,46.9,70.4,43.7,74.9,45,55
TEST-02189,Merkato,2025-11-10 04:00:00,8.15,3.9,13.1,2.6,14.9,7,11
TEST-02190,Sarbet,2025-11-01 08:00:00,25.4,18.1,33.9,15.9,36.9,20,27
TEST-02191,Ayat,2025-11-14 22:00:00,17.64,11.5,24.8,9.7,27.3,14,20
TEST-02192,Kazanchis,2025-11-07 12:00:00,41.32,32.1,52.0,29.3,55.9,32,40
TEST-02193,Gerji,2025-11-13 20:00:00,45.8,36.1,57.1,33.2,61.1,36,44
TEST-02194,Bole,2025-11-11 00:00:00,15.79,10.0,22.5,8.3,25.0,13,18
TEST-02195,CMC,2025-11-02 00:00:00,9.54,4.9,14.9,3.6,16.8,8,12
TEST-02196,Sarbet,2025-11-13 01:00:00,4.27,1.0,8.1,0.0,9.4,4,7
TEST-02197,Lideta,2025-11-14 07:00:00,60.35,49.3,73.2,45.9,77.9,47,57
TEST-02198,Ayat,2025-11-09 22:00:00,14.86,9.2,21.4,7.5,23.8,12,17
TEST-02199,Kazanchis,2025-11-02 15:00:00,29.57,21.7,38.7,19.4,41.9,23,30
TEST-02200,Piassa,2025-11-03 01:00:00,5.65,2.0,9.9,0.9,11.4,5,8
TEST-02201,Gerji,2025-11-10 02:00:00,4.1,0.9,7.8,0.0,9.2,4,6
TEST-02202,CMC,2025-11-01 01:00:00,7.66,3.5,12.5,2.2,14.2,6,10
TEST-02203,Piassa,2025-11-08 16:00:00,23.61,16.6,31.8,14.5,34.7,19,25
TEST-02204,Ayat,2025-11-04 15:00:00,16.18,10.3,23.0,8.6,25.5,13,18
TEST-02205,Gerji,2025-11-04 15:00:00,20.2,13.7,27.8,11.7,30.5,16,22
TEST-02206,Gerji,2025-11-13 01:00:00,4.91,1.5,8.9,0.4,10.3,4,7
TEST-02207,Kolfe,2025-11-07 10:00:00,21.24,14.6,29.0,12.6,31.8,17,23
TEST-02208,Arat Kilo,2025-11-06 13:00:00,34.3,25.9,44.1,23.4,47.6,27,34
TEST-02209,Piassa,2025-11-06 22:00:00,16.74,10.8,23.7,9.0,26.2,13,19
TEST-02210,Piassa,2025-11-07 05:00:00,7.41,3.3,12.2,2.1,13.9,6,10
TEST-02211,Megenagna,2025-11-04 10:00:00,47.26,37.4,58.7,34.5,62.8,37,46
TEST-02212,Kolfe,2025-11-08 06:00:00,10.9,6.0,16.6,4.6,18.6,9,13
TEST-02213,Kolfe,2025-11-14 18:00:00,49.75,39.7,61.5,36.6,65.7,39,48
TEST-02214,Bole,2025-11-05 00:00:00,13.35,8.0,19.6,6.4,21.8,11,16
TEST-02215,Lideta,2025-11-05 00:00:00,6.22,2.4,10.6,1.3,12.2,5,9
TEST-02216,Kazanchis,2025-11-06 22:00:00,18.2,12.0,25.4,10.1,28.0,14,20
TEST-02217,Arat Kilo,2025-11-11 11:00:00,15.69,9.9,22.4,8.2,24.8,13,18
TEST-02218,Sarbet,2025-11-12 20:00:00,39.5,30.5,50.0,27.8,53.7,31,39
TEST-02219,Sarbet,2025-11-11 20:00:00,40.25,31.2,50.8,28.4,54.6,31,40
TEST-02220,Ayat,2025-11-06 10:00:00,18.79,12.5,26.1,10.6,28.7,15,21
TEST-02221,Sarbet,2025-11-08 05:00:00,6.45,2.6,11.0,1.4,12.6,5,9
TEST-02222,Piassa,2025-11-04 14:00:00,44.29,34.8,55.4,31.9,59.4,35,43
TEST-02223,Sarbet,2025-11-14 13:00:00,21.52,14.8,29.3,12.8,32.1,17,23
TEST-02224,Merkato,2025-11-11 14:00:00,96.86,82.8,113.2,78.7,119.0,75,88
TEST-02225,Megenagna,2025-11-08 18:00:00,53.09,42.7,65.2,39.6,69.6,41,51
TEST-02226,Gerji,2025-11-09 13:00:00,46.96,37.2,58.4,34.2,62.5,37,45
TEST-02227,Lideta,2025-11-13 17:00:00,84.89,71.8,100.2,67.8,105.6,66,78
TEST-02228,Megenagna,2025-11-04 03:00:00,9.39,4.8,14.7,3.5,16.6,8,12
TEST-02229,Sarbet,2025-11-01 09:00:00,32.13,24.0,41.6,21.5,45.0,25,32
TEST-02230,CMC,2025-11-09 03:00:00,6.0,2.3,10.4,1.1,11.9,5,8
TEST-02231,Sarbet,2025-11-08 12:00:00,40.35,31.2,50.9,28.5,54.7,32,40
TEST-02232,Bole,2025-11-04 21:00:00,45.39,35.7,56.6,32.9,60.6,35,44
TEST-02233,Merkato,2025-11-07 15:00:00,92.2,78.5,108.1,74.4,113.8,71,84
TEST-02234,Kazanchis,2025-11-11 15:00:00,46.3,36.6,57.6,33.6,61.7,36,45
TEST-02235,Arat Kilo,2025-11-03 23:00:00,5.8,2.1,10.1,1.0,11.6,5,8
TEST-02236,Piassa,2025-11-02 16:00:00,27.18,19.7,35.9,17.4,39.1,21,28
TEST-02237,Kazanchis,2025-11-04 15:00:00,47.3,37.5,58.8,34.5,62.9,37,46
TEST-02238,CMC,2025-11-13 21:00:00,33.58,25.3,43.3,22.8,46.7,26,34
TEST-02239,Arat Kilo,2025-11-12 13:00:00,37.41,28.6,47.6,26.0,51.3,29,37
TEST-02240,Kazanchis,2025-11-14 16:00:00,68.25,56.5,82.0,52.9,86.9,53,64
TEST-02241,Kolfe,2025-11-01 04:00:00,5.34,1.8,9.5,0.7,11.0,5,8
TEST-02242,Kazanchis,2025-11-14 06:00:00,23.34,16.4,31.5,14.3,34.4,18,25
TEST-02243,Lideta,2025-11-14 08:00:00,68.04,56.3,81.7,52.8,86.6,53,63
TEST-02244,Merkato,2025-11-07 22:00:00,5.15,1.6,9.2,0.6,10.7,4,8
TEST-02245,Bole,2025-11-14 10:00:00,37.75,28.9,48.0,26.3,51.7,30,37
TEST-02246,Ayat,2025-11-13 15:00:00,20.92,14.3,28.6,12.3,31.4,17,22
TEST-02247,Merkato,2025-11-14 09:00:00,79.27,66.6,94.0,62.8,99.3,61,73
TEST-02248,Ayat,2025-11-09 16:00:00,31.62,23.5,41.0,21.1,44.4,25,32
TEST-02249,Megenagna,2025-11-06 01:00:00,8.95,4.5,14.1,3.1,16.0,7,11
TEST-02250,Megenagna,2025-11-02 14:00:00,67.33,55.6,80.9,52.1,85.8,52,63
TEST-02251,Ayat,2025-11-13 12:00:00,19.49,13.1,26.9,11.2,29.6,15,21
TEST-02252,Kolfe,2025-11-06 10:00:00,22.4,15.6,30.4,13.5,33.2,18,24
TEST-02253,Megenagna,2025-11-12 00:00:00,8.09,3.8,13.1,2.5,14.8,7,11
TEST-02254,CMC,2025-11-10 06:00:00,49.16,39.1,60.8,36.1,65.0,38,47
TEST-02255,Piassa,2025-11-01 00:00:00,7.24,3.2,12.0,2.0,13.7,6,10
TEST-02256,Sarbet,2025-11-04 03:00:00,4.78,1.4,8.7,0.4,10.2,4,7
TEST-02257,Gerji,2025-11-12 16:00:00,28.24,20.6,37.1,18.3,40.3,22,29
TEST-02258,Sarbet,2025-11-10 19:00:00,44.4,34.9,55.5,32.0,59.5,35,43
TEST-02259,Bole,2025-11-06 11:00:00,35.78,27.2,45.8,24.6,49.4,28,36
TEST-02260,Merkato,2025-11-05 07:00:00,75.52,63.1,89.9,59.4,95.1,59,70
TEST-02261,Sarbet,2025-11-02 11:00:00,42.96,33.6,53.9,30.8,57.8,34,42
TEST-02262,Kolfe,2025-11-11 03:00:00,5.68,2.0,9.9,0.9,11.5,5,8
TEST-02263,Megenagna,2025-11-12 15:00:00,51.26,41.0,63.2,38.0,67.4,40,49
TEST-02264,Merkato,2025-11-02 03:00:00,3.45,0.5,6.9,0.0,8.2,3,6
TEST-02265,Kazanchis,2025-11-12 23:00:00,8.33,4.0,13.4,2.7,15.2,7,11
TEST-02266,Merkato,2025-11-09 03:00:00,3.33,0.4,6.8,0.0,8.0,3,6
TEST-02267,CMC,2025-11-13 05:00:00,21.19,14.5,28.9,12.5,31.7,17,23
TEST-02268,Merkato,2025-11-10 18:00:00,36.22,27.6,46.3,25.0,49.9,28,36
TEST-02269,Piassa,2025-11-14 23:00:00,8.76,4.3,13.9,3.0,15.8,7,11
TEST-02270,Arat Kilo,2025-11-01 07:00:00,7.07,3.0,11.7,1.8,13.4,6,9
TEST-02271,Merkato,2025-11-08 06:00:00,57.55,46.7,70.2,43.5,74.7,45,54
TEST-02272,Ayat,2025-11-04 03:00:00,3.64,0.6,7.2,0.0,8.5,3,6
TEST-02273,Sarbet,2025-11-05 09:00:00,24.51,17.4,32.8,15.2,35.8,19,26
TEST-02274,Bole,2025-11-13 13:00:00,48.82,38.8,60.4,35.8,64.6,38,47
TEST-02275,Sarbet,2025-11-13 07:00:00,55.67,45.0,68.1,41.8,72.5,43,53
TEST-02276,Bole,2025-11-02 09:00:00,23.53,16.5,31.7,14.4,34.6,19,25
TEST-02277,Ayat,2025-11-02 23:00:00,10.08,5.4,15.6,4.0,17.5,8,12
TEST-02278,Lideta,2025-11-05 11:00:00,35.91,27.3,45.9,24.7,49.5,28,36
TEST-02279,Merkato,2025-11-04 18:00:00,35.08,26.6,45.0,24.0,48.5,27,35
TEST-02280,Gerji,2025-11-02 05:00:00,7.62,3.5,12.5,2.2,14.2,6,10
TEST-02281,Piassa,2025-11-05 00:00:00,5.67,2.0,9.9,0.9,11.4,5,8
TEST-02282,Megenagna,2025-11-07 06:00:00,54.86,44.3,67.2,41.1,71.6,43,52
TEST-02283,Bole,2025-11-04 20:00:00,52.75,42.4,64.8,39.3,69.2,41,50
TEST-02284,Ayat,2025-11-12 03:00:00,3.96,0.8,7.6,0.0,8.9,4,6
TEST-02285,Gerji,2025-11-10 08:00:00,50.57,40.4,62.4,37.4,66.6,39,48
TEST-02286,Megenagna,2025-11-14 01:00:00,8.5,4.1,13.6,2.8,15.4,7,11
TEST-02287,Kolfe,2025-11-09 07:00:00,17.17,11.1,24.2,9.3,26.7,14,19
TEST-02288,Ayat,2025-11-04 12:00:00,15.63,9.9,22.3,8.1,24.8,13,18
TEST-02289,Lideta,2025-11-08 09:00:00,31.49,23.4,40.9,21.0,44.2,25,32
TEST-02290,Piassa,2025-11-02 22:00:00,15.64,9.9,22.4,8.1,24.8,13,18
TEST-02291,Piassa,2025-11-07 18:00:00,109.67,94.8,127.0,90.3,133.2,85,98
TEST-02292,Arat Kilo,2025-11-06 20:00:00,34.81,26.3,44.7,23.8,48.2,27,35
TEST-02293,Sarbet,2025-11-13 10:00:00,21.11,14.4,28.9,12.5,31.6,17,23
TEST-02294,CMC,2025-11-11 04:00:00,9.6,5.0,15.0,3.6,16.9,8,12
TEST-02295,Piassa,2025-11-13 07:00:00,59.25,48.3,72.0,45.0,76.6,46,56
TEST-02296,Kolfe,2025-11-06 08:00:00,47.42,37.6,58.9,34.6,63.0,37,46
TEST-02297,Ayat,2025-11-05 10:00:00,16.17,10.3,23.0,8.5,25.4,13,18
TEST-02298,Megenagna,2025-11-01 06:00:00,23.4,16.4,31.5,14.3,34.5,18,25
TEST-02299,CMC,2025-11-01 15:00:00,52.06,41.7,64.1,38.7,68.4,41,50
TEST-02300,CMC,2025-11-01 02:00:00,6.07,2.3,10.5,1.2,12.0,5,9
TEST-02301,Kazanchis,2025-11-13 23:00:00,10.95,6.1,16.6,4.6,18.7,9,13
TEST-02302,Gerji,2025-11-07 10:00:00,22.37,15.5,30.3,13.5,33.2,18,24
TEST-02303,Kazanchis,2025-11-03 08:00:00,79.7,67.0,94.5,63.2,99.8,62,73
TEST-02304,Gerji,2025-11-08 08:00:00,28.48,20.8,37.4,18.5,40.6,22,29
TEST-02305,Gerji,2025-11-07 06:00:00,47.58,37.7,59.1,34.8,63.2,37,46
TEST-02306,Kazanchis,2025-11-03 07:00:00,64.52,53.1,77.9,49.6,82.6,50,60
TEST-02307,Arat Kilo,2025-11-13 14:00:00,39.75,30.7,50.3,28.0,54.0,31,39
TEST-02308,Sarbet,2025-11-05 12:00:00,19.02,12.7,26.4,10.8,29.0,15,21
TEST-02309,Lideta,2025-11-14 10:00:00,36.96,28.2,47.1,25.6,50.7,29,37
TEST-02310,CMC,2025-11-07 20:00:00,54.55,44.0,66.8,40.8,71.2,42,52
TEST-02311,Ayat,2025-11-14 04:00:00,5.81,2.1,10.1,1.0,11.7,5,8
TEST-02312,Kazanchis,2025-11-07 02:00:00,5.24,1.7,9.4,0.6,10.8,5,8
TEST-02313,Gerji,2025-11-02 06:00:00,12.97,7.7,19.1,6.1,21.3,10,15
TEST-02314,Sarbet,2025-11-02 17:00:00,69.27,57.4,83.1,53.8,88.0,54,64
TEST-02315,CMC,2025-11-05 16:00:00,28.58,20.9,37.5,18.6,40.8,22,29
TEST-02316,Lideta,2025-11-08 18:00:00,43.35,33.9,54.3,31.1,58.3,34,42
TEST-02317,Arat Kilo,2025-11-08 13:00:00,17.88,11.7,25.0,9.9,27.6,14,20
TEST-02318,Lideta,2025-11-11 11:00:00,36.92,28.2,47.1,25.6,50.7,29,37
TEST-02319,Megenagna,2025-11-12 07:00:00,84.36,71.3,99.6,67.4,105.0,65,77
TEST-02320,Merkato,2025-11-10 00:00:00,4.3,1.0,8.1,0.1,9.5,4,7
TEST-02321,Kazanchis,2025-11-08 12:00:00,28.64,20.9,37.6,18.6,40.8,23,29
TEST-02322,Bole,2025-11-06 06:00:00,66.08,54.5,79.6,51.0,84.4,51,62
TEST-02323,Arat Kilo,2025-11-05 16:00:00,45.08,35.5,56.3,32.6,60.3,35,44
TEST-02324,Kolfe,2025-11-02 18:00:00,48.27,38.3,59.8,35.4,64.0,38,46
TEST-02325,CMC,2025-11-09 13:00:00,52.22,41.9,64.2,38.8,68.6,41,50
TEST-02326,Bole,2025-11-11 08:00:00,52.57,42.2,64.6,39.1,69.0,41,50
TEST-02327,Merkato,2025-11-08 09:00:00,97.1,83.1,113.4,78.9,119.3,75,88
TEST-02328,Kolfe,2025-11-04 16:00:00,28.22,20.6,37.1,18.3,40.3,22,29
TEST-02329,Bole,2025-11-14 11:00:00,34.84,26.4,44.7,23.8,48.2,27,35
TEST-02330,Kolfe,2025-11-14 13:00:00,22.8,15.9,30.8,13.8,33.7,18,24
TEST-02331,Merkato,2025-11-03 05:00:00,16.96,11.0,23.9,9.2,26.4,14,19
TEST-02332,Kazanchis,2025-11-07 11:00:00,23.67,16.6,31.9,14.5,34.8,19,25
TEST-02333,Arat Kilo,2025-11-09 10:00:00,15.52,9.8,22.2,8.0,24.6,12,18
TEST-02334,Kazanchis,2025-11-01 01:00:00,6.16,2.4,10.6,1.2,12.1,5,9
TEST-02335,Kolfe,2025-11-05 02:00:00,4.8,1.4,8.8,0.4,10.2,4,7
TEST-02336,Sarbet,2025-11-02 16:00:00,41.88,32.6,52.7,29.8,56.5,33,41
TEST-02337,CMC,2025-11-10 08:00:00,52.66,42.3,64.7,39.2,69.0,41,50
TEST-02338,Merkato,2025-11-07 21:00:00,6.91,2.9,11.5,1.7,13.2,6,9
TEST-02339,Megenagna,2025-11-08 02:00:00,12.53,7.3,18.6,5.8,20.8,10,15
TEST-02340,Kazanchis,2025-11-10 02:00:00,5.15,1.6,9.2,0.6,10.7,4,8
TEST-02341,Arat Kilo,2025-11-11 02:00:00,3.36,0.4,6.8,0.0,8.0,3,6
TEST-02342,Ayat,2025-11-14 20:00:00,35.95,27.3,46.0,24.8,49.6,28,36
TEST-02343,Megenagna,2025-11-03 11:00:00,48.16,38.2,59.7,35.3,63.9,38,46
TEST-02344,Lideta,2025-11-02 08:00:00,28.66,20.9,37.6,18.6,40.8,23,29
TEST-02345,Kolfe,2025-11-12 05:00:00,22.39,15.5,30.4,13.5,33.2,18,24
TEST-02346,Kazanchis,2025-11-13 08:00:00,86.84,73.6,102.3,69.6,107.8,67,79
TEST-02347,Kolfe,2025-11-05 20:00:00,41.92,32.6,52.7,29.9,56.6,33,41
TEST-02348,Gerji,2025-11-07 05:00:00,20.75,14.1,28.4,12.2,31.2,16,22
TEST-02349,Kazanchis,2025-11-05 10:00:00,28.34,20.7,37.3,18.4,40.5,22,29
TEST-02350,Piassa,2025-11-05 04:00:00,5.05,1.6,9.1,0.5,10.6,4,7
TEST-02351,Gerji,2025-11-02 22:00:00,21.11,14.4,28.9,12.5,31.6,17,23
TEST-02352,Kazanchis,2025-11-07 03:00:00,5.85,2.1,10.2,1.0,11.7,5,8
TEST-02353,Ayat,2025-11-10 22:00:00,15.75,9.9,22.5,8.2,24.9,13,18
TEST-02354,Bole,2025-11-14 13:00:00,46.22,36.5,57.5,33.6,61.6,36,45
TEST-02355,Lideta,2025-11-14 14:00:00,38.85,29.9,49.3,27.2,53.0,30,38
TEST-02356,Piassa,2025-11-03 02:00:00,4.88,1.4,8.9,0.4,10.3,4,7
TEST-02357,Lideta,2025-11-12 17:00:00,66.65,55.0,80.2,51.5,85.1,52,62
TEST-02358,Merkato,2025-11-14 08:00:00,75.94,63.5,90.4,59.8,95.6,59,70
TEST-02359,Gerji,2025-11-11 03:00:00,5.21,1.7,9.3,0.6,10.8,5,8
TEST-02360,Ayat,2025-11-14 21:00:00,27.08,19.6,35.8,17.3,38.9,21,28
TEST-02361,Piassa,2025-11-03 06:00:00,20.97,14.3,28.7,12.3,31.5,17,23
TEST-02362,Megenagna,2025-11-01 23:00:00,15.89,10.1,22.7,8.3,25.1,13,18
TEST-02363,Gerji,2025-11-03 06:00:00,41.96,32.7,52.8,29.9,56.6,33,41
TEST-02364,Kazanchis,2025-11-12 19:00:00,83.76,70.7,98.9,66.8,104.4,65,77
TEST-02365,Lideta,2025-11-13 13:00:00,43.86,34.4,54.9,31.5,58.9,34,43
TEST-02366,Lideta,2025-11-03 18:00:00,68.33,56.5,82.0,53.0,87.0,53,64
TEST-02367,Ayat,2025-11-09 20:00:00,31.05,23.0,40.4,20.6,43.7,24,32
TEST-02368,Arat Kilo,2025-11-09 13:00:00,17.13,11.1,24.1,9.3,26.7,14,19
TEST-02369,Megenagna,2025-11-07 10:00:00,48.76,38.8,60.4,35.8,64.5,38,47
TEST-02370,Kolfe,2025-11-13 14:00:00,28.3,20.6,37.2,18.3,40.4,22,29
TEST-02371,Ayat,2025-11-03 07:00:00,44.59,35.0,55.7,32.2,59.7,35,43
TEST-02372,Ayat,2025-11-01 20:00:00,33.54,25.2,43.2,22.7,46.7,26,34
TEST-02373,Ayat,2025-11-13 00:00:00,4.16,0.9,7.9,0.0,9.2,4,7
TEST-02374,Lideta,2025-11-07 18:00:00,78.29,65.7,93.0,61.9,98.2,61,72
TEST-02375,Merkato,2025-11-09 06:00:00,24.22,17.1,32.5,15.0,35.5,19,25
TEST-02376,Lideta,2025-11-05 16:00:00,51.49,41.2,63.4,38.2,67.7,40,49
TEST-02377,Sarbet,2025-11-14 16:00:00,23.29,16.3,31.4,14.2,34.3,18,25
TEST-02378,Arat Kilo,2025-11-11 19:00:00,59.28,48.3,72.1,45.0,76.7,46,56
TEST-02379,Megenagna,2025-11-13 12:00:00,52.81,42.4,64.9,39.3,69.2,41,50
TEST-02380,Megenagna,2025-11-13 17:00:00,105.63,91.0,122.6,86.6,128.7,82,95
TEST-02381,Megenagna,2025-11-02 20:00:00,41.12,31.9,51.8,29.2,55.6,32,40
TEST-02382,Sarbet,2025-11-06 10:00:00,21.69,14.9,29.5,12.9,32.3,17,23
TEST-02383,Arat Kilo,2025-11-10 10:00:00,19.18,12.8,26.6,10.9,29.2,15,21
TEST-02384,Ayat,2025-11-08 08:00:00,18.06,11.9,25.3,10.0,27.8,14,20
TEST-02385,Sarbet,2025-11-06 18:00:00,42.77,33.4,53.7,30.6,57.6,33,42
TEST-02386,Ayat,2025-11-13 08:00:00,34.37,25.9,44.2,23.4,47.7,27,34
TEST-02387,Piassa,2025-11-10 15:00:00,41.77,32.5,52.5,29.7,56.4,33,41
TEST-02388,Arat Kilo,2025-11-11 18:00:00,69.69,57.8,83.5,54.2,88.5,54,65
TEST-02389,Lideta,2025-11-02 04:00:00,9.47,4.9,14.8,3.5,16.7,8,12
TEST-02390,Arat Kilo,2025-11-14 09:00:00,43.38,33.9,54.4,31.1,58.3,34,42
TEST-02391,Megenagna,2025-11-09 16:00:00,60.22,49.1,73.1,45.8,77.7,47,57
TEST-02392,CMC,2025-11-09 16:00:00,44.32,34.8,55.4,31.9,59.4,35,43
TEST-02393,Kolfe,2025-11-08 00:00:00,8.4,4.1,13.4,2.8,15.3,7,11
TEST-02394,Piassa,2025-11-05 01:00:00,4.63,1.3,8.5,0.3,9.9,4,7
TEST-02395,Lideta,2025-11-10 20:00:00,35.35,26.8,45.3,24.3,48.8,28,35
TEST-02396,Megenagna,2025-11-06 00:00:00,9.79,5.1,15.2,3.7,17.1,8,12
TEST-02397,Ayat,2025-11-11 06:00:00,33.86,25.5,43.6,23.0,47.1,27,34
TEST-02398,Ayat,2025-11-10 21:00:00,25.13,17.9,33.6,15.7,36.6,20,26
TEST-02399,Gerji,2025-11-07 21:00:00,38.14,29.3,48.4,26.6,52.1,30,38
TEST-02400,Piassa,2025-11-05 05:00:00,8.35,4.0,13.4,2.7,15.2,7,11
TEST-02401,Arat Kilo,2025-11-10 17:00:00,60.26,49.2,73.2,45.9,77.8,47,57
TEST-02402,Lideta,2025-11-14 17:00:00,74.32,62.0,88.6,58.3,93.7,58,69
TEST-02403,Merkato,2025-11-06 18:00:00,34.43,26.0,44.2,23.5,47.7,27,34
TEST-02404,Merkato,2025-11-11 16:00:00,79.11,66.4,93.8,62.6,99.1,61,73
TEST-02405,Piassa,2025-11-07 15:00:00,45.31,35.7,56.5,32.8,60.5,35,44
TEST-02406,Arat Kilo,2025-11-11 17:00:00,60.58,49.5,73.5,46.1,78.1,47,57
TEST-02407,CMC,2025-11-11 03:00:00,5.33,1.8,9.5,0.7,11.0,5,8
TEST-02408,Megenagna,2025-11-12 08:00:00,88.2,74.8,103.8,70.8,109.3,68,80
TEST-02409,Piassa,2025-11-12 20:00:00,50.47,40.3,62.3,37.3,66.5,39,48
TEST-02410,Megenagna,2025-11-12 06:00:00,51.02,40.8,62.9,37.8,67.2,40,49
TEST-02411,Piassa,2025-11-09 21:00:00,23.29,16.3,31.4,14.2,34.3,18,25
TEST-02412,Bole,2025-11-09 07:00:00,35.42,26.9,45.4,24.3,48.9,28,35
TEST-02413,Gerji,2025-11-04 11:00:00,22.2,15.4,30.1,13.3,33.0,18,24
TEST-02414,Ayat,2025-11-04 09:00:00,20.53,14.0,28.2,12.0,30.9,16,22
TEST-02415,Piassa,2025-11-10 10:00:00,27.85,20.2,36.7,18.0,39.9,22,29
TEST-02416,Sarbet,2025-11-12 00:00:00,5.99,2.2,10.3,1.1,11.9,5,8
TEST-02417,Ayat,2025-11-12 09:00:00,26.48,19.1,35.1,16.8,38.2,21,27
TEST-02418,Lideta,2025-11-11 00:00:00,6.23,2.4,10.7,1.3,12.2,5,9
TEST-02419,Megenagna,2025-11-04 14:00:00,54.74,44.2,67.0,41.0,71.5,43,52
TEST-02420,Arat Kilo,2025-11-13 07:00:00,42.15,32.8,53.0,30.1,56.9,33,41
TEST-02421,Gerji,2025-11-11 16:00:00,25.62,18.3,34.1,16.1,37.2,20,27
TEST-02422,Gerji,2025-11-08 22:00:00,19.52,13.1,27.0,11.2,29.7,16,21
TEST-02423,Arat Kilo,2025-11-04 05:00:00,6.33,2.5,10.8,1.3,12.4,5,9
TEST-02424,Kazanchis,2025-11-14 20:00:00,68.14,56.4,81.8,52.8,86.8,53,63
TEST-02425,Piassa,2025-11-06 15:00:00,41.05,31.9,51.7,29.1,55.6,32,40
TEST-02426,Ayat,2025-11-11 23:00:00,8.42,4.1,13.5,2.8,15.3,7,11
TEST-02427,CMC,2025-11-05 20:00:00,47.07,37.2,58.5,34.3,62.6,37,45
TEST-02428,Arat Kilo,2025-11-05 07:00:00,42.83,33.5,53.7,30.6,57.6,33,42
TEST-02429,Merkato,2025-11-07 07:00:00,80.58,67.8,95.5,64.0,100.8,62,74
TEST-02430,Megenagna,2025-11-12 09:00:00,81.33,68.5,96.3,64.6,101.6,63,75
TEST-02431,Ayat,2025-11-01 02:00:00,4.33,1.1,8.1,0.1,9.5,4,7
TEST-02432,Piassa,2025-11-14 13:00:00,52.32,42.0,64.3,38.9,68.7,41,50
TEST-02433,Bole,2025-11-07 06:00:00,68.26,56.5,82.0,52.9,86.9,53,64
TEST-02434,Gerji,2025-11-13 05:00:00,18.78,12.5,26.1,10.6,28.7,15,21
TEST-02435,Ayat,2025-11-12 11:00:00,19.97,13.5,27.5,11.5,30.2,16,22
TEST-02436,Arat Kilo,2025-11-10 00:00:00,3.91,0.8,7.6,0.0,8.9,4,6
TEST-02437,Arat Kilo,2025-11-10 03:00:00,3.29,0.4,6.7,0.0,7.9,3,6
TEST-02438,Arat Kilo,2025-11-05 00:00:00,4.2,1.0,8.0,0.0,9.3,4,7
TEST-02439,Kazanchis,2025-11-03 11:00:00,24.86,17.7,33.2,15.5,36.2,20,26
TEST-02440,Megenagna,2025-11-01 00:00:00,11.83,6.8,17.7,5.2,19.8,10,14
TEST-02441,Kazanchis,2025-11-13 07:00:00,66.16,54.6,79.7,51.1,84.5,51,62
TEST-02442,Ayat,2025-11-11 00:00:00,5.12,1.6,9.2,0.6,10.7,4,8
TEST-02443,Ayat,2025-11-09 07:00:00,14.6,9.0,21.1,7.3,23.4,12,17
TEST-02444,Arat Kilo,2025-11-01 21:00:00,18.21,12.0,25.4,10.1,28.0,15,20
TEST-02445,Kazanchis,2025-11-09 03:00:00,5.96,2.2,10.3,1.1,11.9,5,8
TEST-02446,Sarbet,2025-11-10 09:00:00,26.45,19.0,35.1,16.8,38.2,21,27
TEST-02447,CMC,2025-11-06 13:00:00,23.37,16.4,31.5,14.3,34.4,18,25
TEST-02448,Bole,2025-11-03 13:00:00,43.96,34.5,55.0,31.6,59.0,34,43
TEST-02449,CMC,2025-11-03 20:00:00,44.9,35.3,56.1,32.4,60.1,35,44
TEST-02450,Kolfe,2025-11-05 09:00:00,27.31,19.8,36.1,17.5,39.2,22,28
TEST-02451,Sarbet,2025-11-07 22:00:00,20.48,13.9,28.1,12.0,30.9,16,22
TEST-02452,Lideta,2025-11-06 09:00:00,46.91,37.1,58.3,34.2,62.4,37,45
TEST-02453,Bole,2025-11-14 01:00:00,12.46,7.3,18.5,5.7,20.7,10,15
TEST-02454,Kolfe,2025-11-11 09:00:00,29.58,21.7,38.7,19.4,42.0,23,30
TEST-02455,Merkato,2025-11-13 10:00:00,94.32,80.5,110.4,76.4,116.2,73,85
TEST-02456,Merkato,2025-11-14 05:00:00,15.68,9.9,22.4,8.2,24.8,13,18
TEST-02457,Bole,2025-11-06 14:00:00,42.31,33.0,53.1,30.2,57.0,33,41
TEST-02458,CMC,2025-11-03 01:00:00,5.36,1.8,9.5,0.7,11.0,5,8
TEST-02459,Gerji,2025-11-06 20:00:00,45.38,35.7,56.6,32.9,60.6,35,44
TEST-02460,Merkato,2025-11-14 11:00:00,100.26,86.0,116.8,81.7,122.8,78,90
TEST-02461,Kazanchis,2025-11-10 15:00:00,46.98,37.2,58.4,34.2,62.5,37,45
TEST-02462,Megenagna,2025-11-08 04:00:00,13.39,8.0,19.6,6.4,21.9,11,16
TEST-02463,Lideta,2025-11-05 01:00:00,6.9,2.9,11.5,1.7,13.2,6,9
TEST-02464,Gerji,2025-11-14 18:00:00,54.72,44.1,67.0,41.0,71.4,43,52
TEST-02465,Sarbet,2025-11-03 02:00:00,4.05,0.9,7.8,0.0,9.1,4,6
TEST-02466,Bole,2025-11-10 02:00:00,12.03,6.9,18.0,5.4,20.1,10,14
TEST-02467,Ayat,2025-11-12 07:00:00,45.01,35.4,56.2,32.5,60.2,35,44
TEST-02468,Kolfe,2025-11-07 05:00:00,19.51,13.1,27.0,11.2,29.6,16,21
TEST-02469,Sarbet,2025-11-05 00:00:00,5.87,2.2,10.2,1.0,11.7,5,8
TEST-02470,Gerji,2025-11-13 08:00:00,48.09,38.2,59.6,35.2,63.8,37,46
TEST-02471,Ayat,2025-11-09 02:00:00,4.17,0.9,7.9,0.0,9.3,4,7
TEST-02472,Bole,2025-11-03 15:00:00,34.54,26.1,44.4,23.6,47.9,27,35
TEST-02473,Kolfe,2025-11-14 10:00:00,20.83,14.2,28.5,12.2,31.3,17,22
TEST-02474,Ayat,2025-11-03 11:00:00,17.04,11.0,24.0,9.2,26.5,14,19
TEST-02475,Kazanchis,2025-11-08 08:00:00,16.02,10.2,22.8,8.4,25.3,13,18
TEST-02476,Arat Kilo,2025-11-07 18:00:00,68.8,57.0,82.6,53.4,87.5,53,64
TEST-02477,CMC,2025-11-13 09:00:00,35.27,26.7,45.2,24.2,48.7,28,35
TEST-02478,Kazanchis,2025-11-04 16:00:00,69.87,57.9,83.7,54.4,88.7,54,65
TEST-02479,Piassa,2025-11-05 14:00:00,43.72,34.2,54.7,31.4,58.7,34,43
TEST-02480,Piassa,2025-11-11 11:00:00,20.59,14.0,28.2,12.0,31.0,16,22
TEST-02481,CMC,2025-11-09 18:00:00,52.32,42.0,64.4,38.9,68.7,41,50
TEST-02482,Merkato,2025-11-14 03:00:00,5.46,1.9,9.6,0.8,11.1,5,8
TEST-02483,Sarbet,2025-11-02 00:00:00,7.08,3.1,11.8,1.9,13.4,6,10
TEST-02484,Bole,2025-11-13 20:00:00,62.97,51.6,76.1,48.3,80.9,49,59
TEST-02485,Bole,2025-11-04 18:00:00,48.71,38.7,60.3,35.7,64.5,38,47
TEST-02486,Sarbet,2025-11-10 14:00:00,20.32,13.8,27.9,11.8,30.7,16,22
TEST-02487,Gerji,2025-11-08 20:00:00,45.65,36.0,56.9,33.1,60.9,36,44
TEST-02488,Bole,2025-11-07 07:00:00,59.65,48.6,72.5,45.3,77.1,46,56
TEST-02489,Bole,2025-11-01 22:00:00,115.28,100.0,133.0,95.4,139.4,89,103
TEST-02490,Lideta,2025-11-10 19:00:00,56.6,45.9,69.1,42.6,73.6,44,54
TEST-02491,Bole,2025-11-10 14:00:00,45.37,35.7,56.6,32.8,60.6,35,44
TEST-02492,Kazanchis,2025-11-09 22:00:00,16.7,10.7,23.6,9.0,26.1,13,19
TEST-02493,Arat Kilo,2025-11-02 22:00:00,11.71,6.7,17.6,5.1,19.7,10,14
TEST-02494,Ayat,2025-11-14 01:00:00,3.99,0.8,7.7,0.0,9.0,4,6
TEST-02495,Gerji,2025-11-08 16:00:00,40.84,31.7,51.5,28.9,55.3,32,40
TEST-02496,Megenagna,2025-11-05 03:00:00,9.13,4.6,14.4,3.3,16.2,8,12
TEST-02497,Bole,2025-11-02 21:00:00,77.58,65.0,92.2,61.3,97.4,60,71
TEST-02498,Bole,2025-11-09 06:00:00,53.86,43.4,66.1,40.2,70.4,42,51
TEST-02499,Sarbet,2025-11-01 13:00:00,42.17,32.9,53.0,30.1,56.9,33,41
TEST-02500,Sarbet,2025-11-10 18:00:00,40.42,31.3,51.0,28.6,54.8,32,40
TEST-02501,Bole,2025-11-01 03:00:00,27.72,20.1,36.5,17.9,39.7,22,29
TEST-02502,Piassa,2025-11-11 09:00:00,61.54,50.3,74.6,47.0,79.2,48,58
TEST-02503,Gerji,2025-11-13 21:00:00,34.53,26.1,44.4,23.6,47.9,27,35
TEST-02504,Megenagna,2025-11-01 20:00:00,41.01,31.8,51.7,29.1,55.5,32,40
TEST-02505,Kolfe,2025-11-09 09:00:00,31.04,23.0,40.4,20.6,43.7,24,32
TEST-02506,Megenagna,2025-11-02 11:00:00,58.6,47.7,71.3,44.4,75.9,46,55
TEST-02507,Bole,2025-11-11 16:00:00,29.99,22.1,39.2,19.7,42.4,24,31
TEST-02508,Megenagna,2025-11-04 12:00:00,53.1,42.7,65.2,39.6,69.6,41,51
TEST-02509,Merkato,2025-11-05 05:00:00,18.63,12.4,25.9,10.5,28.5,15,20
TEST-02510,Piassa,2025-11-14 08:00:00,80.1,67.3,94.9,63.5,100.3,62,73
TEST-02511,Sarbet,2025-11-07 17:00:00,35.93,27.3,45.9,24.7,49.5,28,36
TEST-02512,Kolfe,2025-11-01 15:00:00,41.04,31.9,51.7,29.1,55.6,32,40
TEST-02513,Merkato,2025-11-01 16:00:00,111.59,96.6,129.1,92.1,135.3,86,100
TEST-02514,Piassa,2025-11-07 13:00:00,52.16,41.8,64.2,38.7,68.5,41,50
TEST-02515,Merkato,2025-11-10 12:00:00,119.34,103.8,137.4,99.2,143.9,92,106
TEST-02516,Arat Kilo,2025-11-09 18:00:00,24.95,17.7,33.3,15.6,36.3,20,26
TEST-02517,Kolfe,2025-11-02 07:00:00,17.09,11.1,24.1,9.3,26.6,14,19
TEST-02518,CMC,2025-11-02 06:00:00,12.02,6.9,18.0,5.4,20.1,10,14
TEST-02519,Lideta,2025-11-02 18:00:00,44.97,35.4,56.1,32.5,60.1,35,44
TEST-02520,Megenagna,2025-11-08 21:00:00,28.48,20.8,37.4,18.5,40.6,22,29
TEST-02521,Bole,2025-11-07 01:00:00,12.04,6.9,18.0,5.4,20.1,10,14
TEST-02522,Kazanchis,2025-11-11 06:00:00,25.16,17.9,33.6,15.7,36.6,20,26
TEST-02523,Kazanchis,2025-11-05 15:00:00,45.56,35.9,56.8,33.0,60.8,36,44
TEST-02524,Merkato,2025-11-13 02:00:00,4.9,1.5,8.9,0.4,10.3,4,7
TEST-02525,CMC,2025-11-03 05:00:00,22.72,15.8,30.7,13.8,33.6,18,24
TEST-02526,Merkato,2025-11-11 21:00:00,6.37,2.5,10.8,1.4,12.4,5,9
TEST-02527,Piassa,2025-11-06 04:00:00,4.74,1.3,8.7,0.3,10.1,4,7
TEST-02528,Merkato,2025-11-08 23:00:00,5.93,2.2,10.3,1.1,11.8,5,8
TEST-02529,Arat Kilo,2025-11-02 16:00:00,19.69,13.2,27.2,11.3,29.9,16,21
TEST-02530,Kazanchis,2025-11-13 05:00:00,8.68,4.3,13.8,3.0,15.6,7,11
TEST-02531,Ayat,2025-11-09 09:00:00,25.78,18.5,34.3,16.3,37.4,20,27
TEST-02532,Megenagna,2025-11-03 18:00:00,90.34,76.8,106.1,72.8,111.7,70,82
TEST-02533,Piassa,2025-11-13 03:00:00,4.57,1.2,8.5,0.2,9.8,4,7
TEST-02534,Lideta,2025-11-02 23:00:00,12.56,7.3,18.6,5.8,20.8,10,15
TEST-02535,Ayat,2025-11-07 19:00:00,45.02,35.4,56.2,32.5,60.2,35,44
TEST-02536,Kolfe,2025-11-03 20:00:00,41.31,32.1,52.0,29.3,55.9,32,40
TEST-02537,Arat Kilo,2025-11-07 20:00:00,39.96,30.9,50.5,28.2,54.3,31,39
TEST-02538,Arat Kilo,2025-11-13 22:00:00,11.73,6.7,17.6,5.2,19.7,10,14
TEST-02539,Lideta,2025-11-07 11:00:00,36.08,27.5,46.1,24.9,49.7,28,36
TEST-02540,Bole,2025-11-06 15:00:00,34.3,25.9,44.1,23.4,47.6,27,34
TEST-02541,Lideta,2025-11-01 06:00:00,17.09,11.1,24.1,9.3,26.6,14,19
TEST-02542,Kolfe,2025-11-11 22:00:00,20.33,13.8,27.9,11.8,30.7,16,22
TEST-02543,Kazanchis,2025-11-14 04:00:00,5.61,2.0,9.8,0.9,11.4,5,8
TEST-02544,Kolfe,2025-11-10 23:00:00,11.53,6.5,17.4,5.0,19.4,9,14
TEST-02545,Lideta,2025-11-12 06:00:00,37.43,28.7,47.6,26.0,51.3,29,37
TEST-02546,Kazanchis,2025-11-05 03:00:00,5.58,1.9,9.8,0.9,11.3,5,8
TEST-02547,Kolfe,2025-11-10 02:00:00,4.41,1.1,8.2,0.1,9.6,4,7
TEST-02548,Lideta,2025-11-13 09:00:00,48.28,38.3,59.8,35.4,64.0,38,46
TEST-02549,CMC,2025-11-06 07:00:00,62.87,51.6,76.0,48.2,80.8,49,59
TEST-02550,Sarbet,2025-11-03 22:00:00,19.05,12.7,26.4,10.8,29.1,15,21
TEST-02551,Piassa,2025-11-01 23:00:00,11.89,6.8,17.8,5.3,19.9,10,14
TEST-02552,Sarbet,2025-11-10 20:00:00,40.11,31.0,50.7,28.3,54.5,31,39
TEST-02553,Merkato,2025-11-09 20:00:00,6.14,2.4,10.5,1.2,12.1,5,9
TEST-02554,Merkato,2025-11-08 15:00:00,124.71,108.8,143.2,104.1,149.8,96,111
TEST-02555,Piassa,2025-11-05 10:00:00,26.74,19.3,35.4,17.0,38.5,21,28
TEST-02556,Bole,2025-11-10 15:00:00,35.45,26.9,45.4,24.3,49.0,28,35
TEST-02557,Kolfe,2025-11-11 00:00:00,6.11,2.3,10.5,1.2,12.1,5,9
TEST-02558,Gerji,2025-11-03 14:00:00,20.48,13.9,28.1,11.9,30.8,16,22
TEST-02559,Arat Kilo,2025-11-09 11:00:00,16.33,10.4,23.2,8.7,25.6,13,18
TEST-02560,Lideta,2025-11-09 02:00:00,9.06,4.6,14.3,3.2,16.2,7,11
TEST-02561,Megenagna,2025-11-05 13:00:00,50.92,40.7,62.8,37.7,67.0,40,49
TEST-02562,Merkato,2025-11-09 16:00:00,35.68,27.1,45.7,24.5,49.2,28,36
TEST-02563,Merkato,2025-11-10 06:00:00,42.6,33.3,53.5,30.5,57.4,33,42
TEST-02564,Arat Kilo,2025-11-03 00:00:00,3.76,0.7,7.4,0.0,8.6,3,6
TEST-02565,Bole,2025-11-06 10:00:00,34.92,26.4,44.8,23.9,48.3,27,35
TEST-02566,Kolfe,2025-11-02 22:00:00,21.72,15.0,29.6,13.0,32.4,17,23
TEST-02567,Sarbet,2025-11-11 12:00:00,21.28,14.6,29.1,12.6,31.8,17,23
TEST-02568,Bole,2025-11-03 14:00:00,44.19,34.7,55.3,31.8,59.2,34,43
TEST-02569,Ayat,2025-11-14 14:00:00,15.51,9.8,22.2,8.0,24.6,12,18
TEST-02570,Sarbet,2025-11-10 13:00:00,19.72,13.3,27.2,11.3,29.9,16,21
TEST-02571,Gerji,2025-11-08 03:00:00,5.21,1.7,9.3,0.6,10.8,5,8
TEST-02572,Sarbet,2025-11-05 18:00:00,41.5,32.3,52.2,29.5,56.1,32,41
TEST-02573,Kazanchis,2025-11-08 00:00:00,7.02,3.0,11.7,1.8,13.4,6,9
TEST-02574,Sarbet,2025-11-11 01:00:00,3.99,0.8,7.7,0.0,9.0,4,6
TEST-02575,Gerji,2025-11-07 14:00:00,20.18,13.7,27.8,11.7,30.5,16,22
TEST-02576,Megenagna,2025-11-08 00:00:00,11.43,6.4,17.2,4.9,19.3,9,14
TEST-02577,Ayat,2025-11-06 17:00:00,27.57,20.0,36.4,17.7,39.5,22,28
TEST-02578,Bole,2025-11-05 17:00:00,48.96,39.0,60.6,36.0,64.8,38,47
TEST-02579,Piassa,2025-11-09 04:00:00,4.81,1.4,8.8,0.4,10.2,4,7
TEST-02580,Piassa,2025-11-09 11:00:00,23.02,16.1,31.1,14.0,34.0,18,24
TEST-02581,Bole,2025-11-04 07:00:00,59.55,48.5,72.4,45.2,77.0,46,56
TEST-02582,Kazanchis,2025-11-08 15:00:00,27.83,20.2,36.7,17.9,39.8,22,29
TEST-02583,Lideta,2025-11-10 02:00:00,6.19,2.4,10.6,1.3,12.2,5,9
TEST-02584,Merkato,2025-11-04 07:00:00,78.97,66.3,93.7,62.5,99.0,61,73
TEST-02585,Kazanchis,2025-11-01 14:00:00,31.98,23.8,41.4,21.4,44.8,25,32
TEST-02586,Kazanchis,2025-11-12 00:00:00,5.81,2.1,10.1,1.0,11.6,5,8
TEST-02587,CMC,2025-11-01 00:00:00,10.04,5.3,15.5,3.9,17.5,8,12
TEST-02588,Bole,2025-11-03 22:00:00,33.62,25.3,43.3,22.8,46.8,26,34
TEST-02589,Merkato,2025-11-11 19:00:00,21.05,14.4,28.8,12.4,31.6,17,23
TEST-02590,Sarbet,2025-11-07 12:00:00,19.95,13.5,27.5,11.5,30.2,16,22
TEST-02591,Sarbet,2025-11-11 15:00:00,18.81,12.5,26.1,10.6,28.8,15,21
TEST-02592,Megenagna,2025-11-09 04:00:00,10.91,6.0,16.6,4.6,18.6,9,13
TEST-02593,Arat Kilo,2025-11-13 11:00:00,15.64,9.9,22.4,8.1,24.8,13,18
TEST-02594,Kolfe,2025-11-09 00:00:00,7.66,3.5,12.5,2.2,14.2,6,10
TEST-02595,Kolfe,2025-11-05 12:00:00,21.6,14.9,29.4,12.9,32.2,17,23
TEST-02596,Sarbet,2025-11-08 13:00:00,40.37,31.3,51.0,28.5,54.8,32,40
TEST-02597,Kazanchis,2025-11-11 14:00:00,56.79,46.0,69.3,42.8,73.8,44,54
TEST-02598,Bole,2025-11-12 04:00:00,32.22,24.1,41.7,21.6,45.1,25,33
TEST-02599,Merkato,2025-11-01 02:00:00,6.18,2.4,10.6,1.3,12.2,5,9
TEST-02600,Kolfe,2025-11-08 22:00:00,20.64,14.0,28.3,12.1,31.0,16,22
TEST-02601,Gerji,2025-11-04 16:00:00,27.38,19.8,36.2,17.6,39.3,22,28
TEST-02602,Kolfe,2025-11-14 11:00:00,22.88,16.0,30.9,13.9,33.8,18,24
TEST-02603,Sarbet,2025-11-01 12:00:00,43.2,33.8,54.2,31.0,58.1,34,42
TEST-02604,Bole,2025-11-10 11:00:00,35.1,26.6,45.0,24.0,48.5,27,35
TEST-02605,Lideta,2025-11-05 04:00:00,7.59,3.4,12.4,2.2,14.1,6,10
TEST-02606,Megenagna,2025-11-14 10:00:00,49.3,39.3,61.0,36.3,65.2,38,47
TEST-02607,Bole,2025-11-06 02:00:00,11.62,6.6,17.5,5.1,19.6,9,14
TEST-02608,Lideta,2025-11-04 01:00:00,5.71,2.0,10.0,0.9,11.5,5,8
TEST-02609,Kazanchis,2025-11-01 03:00:00,5.81,2.1,10.1,1.0,11.7,5,8
TEST-02610,Kazanchis,2025-11-01 23:00:00,10.78,5.9,16.4,4.5,18.5,9,13
TEST-02611,Piassa,2025-11-05 06:00:00,24.62,17.4,33.0,15.3,35.9,19,26
TEST-02612,Megenagna,2025-11-01 13:00:00,64.09,52.7,77.4,49.2,82.1,50,60
TEST-02613,Sarbet,2025-11-09 04:00:00,5.66,2.0,9.9,0.9,11.4,5,8
TEST-02614,Arat Kilo,2025-11-05 21:00:00,21.83,15.1,29.7,13.0,32.5,17,23
TEST-02615,CMC,2025-11-13 07:00:00,60.29,49.2,73.2,45.9,77.8,47,57
TEST-02616,CMC,2025-11-09 17:00:00,47.43,37.6,58.9,34.6,63.0,37,46
TEST-02617,Kolfe,2025-11-10 08:00:00,47.74,37.9,59.2,34.9,63.4,37,46
TEST-02618,Arat Kilo,2025-11-14 08:00:00,60.04,49.0,72.9,45.7,77.5,47,57
TEST-02619,Kolfe,2025-11-14 06:00:00,45.03,35.4,56.2,32.5,60.2,35,44
TEST-02620,CMC,2025-11-01 05:00:00,8.96,4.5,14.2,3.2,16.0,7,11
TEST-02621,Merkato,2025-11-08 05:00:00,22.66,15.8,30.7,13.7,33.5,18,24
TEST-02622,Bole,2025-11-06 00:00:00,24.36,17.2,32.7,15.1,35.6,19,26
TEST-02623,Kazanchis,2025-11-07 21:00:00,38.42,29.5,48.8,26.9,52.5,30,38
TEST-02624,Piassa,2025-11-07 11:00:00,20.96,14.3,28.7,12.3,31.4,17,23
TEST-02625,CMC,2025-11-01 17:00:00,51.15,40.9,63.1,37.9,67.3,40,49
TEST-02626,Kolfe,2025-11-01 09:00:00,34.99,26.5,44.9,24.0,48.4,27,35
TEST-02627,Kolfe,2025-11-07 22:00:00,22.46,15.6,30.4,13.5,33.3,18,24
TEST-02628,Lideta,2025-11-13 22:00:00,9.68,5.1,15.1,3.7,17.0,8,12
TEST-02629,CMC,2025-11-08 13:00:00,47.62,37.7,59.1,34.8,63.2,37,46
TEST-02630,Sarbet,2025-11-01 05:00:00,6.87,2.9,11.5,1.7,13.2,6,9
TEST-02631,Bole,2025-11-05 18:00:00,62.66,51.4,75.8,48.0,80.5,49,59
TEST-02632,Gerji,2025-11-14 22:00:00,24.54,17.4,32.9,15.2,35.9,19,26
TEST-02633,CMC,2025-11-06 00:00:00,7.01,3.0,11.7,1.8,13.3,6,9
TEST-02634,CMC,2025-11-11 20:00:00,48.39,38.4,60.0,35.5,64.1,38,47
TEST-02635,Ayat,2025-11-07 05:00:00,14.9,9.3,21.5,7.6,23.8,12,17
TEST-02636,CMC,2025-11-05 22:00:00,20.03,13.5,27.6,11.6,30.3,16,22
TEST-02637,Ayat,2025-11-10 03:00:00,3.71,0.6,7.3,0.0,8.6,3,6
TEST-02638,Gerji,2025-11-02 04:00:00,7.25,3.2,12.0,2.0,13.7,6,10
TEST-02639,Piassa,2025-11-04 19:00:00,78.09,65.5,92.7,61.7,98.0,61,72
TEST-02640,Bole,2025-11-03 04:00:00,29.7,21.9,38.8,19.5,42.1,23,30
TEST-02641,CMC,2025-11-14 16:00:00,28.29,20.6,37.2,18.3,40.4,22,29
TEST-02642,Kazanchis,2025-11-14 15:00:00,44.59,35.0,55.7,32.2,59.7,35,43
TEST-02643,Arat Kilo,2025-11-01 18:00:00,26.16,18.8,34.7,16.6,37.8,21,27
TEST-02644,Kazanchis,2025-11-10 08:00:00,80.75,67.9,95.6,64.1,101.0,63,74
TEST-02645,Sarbet,2025-11-04 16:00:00,24.61,17.4,32.9,15.3,35.9,19,26
TEST-02646,Megenagna,2025-11-08 23:00:00,16.05,10.2,22.9,8.5,25.3,13,18
TEST-02647,CMC,2025-11-03 21:00:00,36.42,27.8,46.5,25.2,50.1,29,36
TEST-02648,Megenagna,2025-11-12 10:00:00,49.69,39.6,61.4,36.6,65.6,39,48
TEST-02649,Merkato,2025-11-09 23:00:00,2.96,0.1,6.2,0.0,7.4,3,5
TEST-02650,Megenagna,2025-11-06 02:00:00,9.35,4.8,14.7,3.4,16.6,8,12
TEST-02651,Kazanchis,2025-11-06 04:00:00,5.81,2.1,10.1,1.0,11.6,5,8
TEST-02652,CMC,2025-11-12 03:00:00,6.28,2.5,10.7,1.3,12.3,5,9
TEST-02653,Ayat,2025-11-03 13:00:00,16.81,10.8,23.8,9.0,26.3,13,19
TEST-02654,Kolfe,2025-11-04 00:00:00,5.99,2.2,10.3,1.1,11.9,5,8
TEST-02655,Gerji,2025-11-08 11:00:00,45.07,35.5,56.3,32.6,60.3,35,44
TEST-02656,Ayat,2025-11-03 17:00:00,27.36,19.8,36.1,17.6,39.3,22,28
TEST-02657,Merkato,2025-11-02 00:00:00,2.96,0.1,6.2,0.0,7.4,3,5
TEST-02658,Merkato,2025-11-08 01:00:00,5.02,1.5,9.1,0.5,10.5,4,7
TEST-02659,Merkato,2025-11-01 17:00:00,77.22,64.7,91.8,60.9,97.0,60,71
TEST-02660,Gerji,2025-11-04 19:00:00,48.8,38.8,60.4,35.8,64.6,38,47
TEST-02661,Piassa,2025-11-01 01:00:00,6.39,2.5,10.9,1.4,12.5,5,9
TEST-02662,Kazanchis,2025-11-06 03:00:00,5.63,2.0,9.9,0.9,11.4,5,8
TEST-02663,Merkato,2025-11-09 09:00:00,41.22,32.0,51.9,29.3,55.8,32,40
TEST-02664,CMC,2025-11-12 23:00:00,12.52,7.3,18.6,5.8,20.7,10,15
TEST-02665,Piassa,2025-11-05 22:00:00,15.98,10.1,22.8,8.4,25.2,13,18
TEST-02666,Merkato,2025-11-02 04:00:00,5.03,1.5,9.1,0.5,10.5,4,7
TEST-02667,Bole,2025-11-04 12:00:00,42.4,33.1,53.3,30.3,57.1,33,41
TEST-02668,CMC,2025-11-11 05:00:00,22.1,15.3,30.0,13.3,32.9,17,24
TEST-02669,Ayat,2025-11-13 02:00:00,2.7,0.0,5.9,0.0,7.0,3,5
TEST-02670,Arat Kilo,2025-11-04 11:00:00,16.03,10.2,22.8,8.4,25.3,13,18
TEST-02671,Megenagna,2025-11-03 22:00:00,13.09,7.8,19.3,6.2,21.5,11,15
TEST-02672,Merkato,2025-11-03 02:00:00,4.38,1.1,8.2,0.1,9.6,4,7
TEST-02673,Arat Kilo,2025-11-10 12:00:00,27.17,19.7,35.9,17.4,39.0,21,28
TEST-02674,Lideta,2025-11-08 22:00:00,16.01,10.2,22.8,8.4,25.2,13,18
TEST-02675,Kazanchis,2025-11-12 11:00:00,27.5,19.9,36.3,17.7,39.4,22,28
TEST-02676,Megenagna,2025-11-10 18:00:00,73.35,61.1,87.6,57.5,92.7,57,68
TEST-02677,Merkato,2025-11-05 03:00:00,6.19,2.4,10.6,1.3,12.2,5,9
TEST-02678,CMC,2025-11-07 10:00:00,24.71,17.5,33.1,15.4,36.1,20,26
TEST-02679,Arat Kilo,2025-11-04 06:00:00,17.14,11.1,24.2,9.3,26.7,14,19
TEST-02680,Bole,2025-11-11 23:00:00,19.18,12.8,26.6,10.9,29.2,15,21
TEST-02681,Kolfe,2025-11-12 23:00:00,11.16,6.2,16.9,4.7,19.0,9,13
TEST-02682,Arat Kilo,2025-11-03 20:00:00,37.44,28.7,47.7,26.0,51.3,29,37
TEST-02683,Lideta,2025-11-07 19:00:00,62.81,51.5,76.0,48.1,80.7,49,59
TEST-02684,Gerji,2025-11-07 15:00:00,22.25,15.4,30.2,13.4,33.0,18,24
TEST-02685,Lideta,2025-11-10 08:00:00,64.78,53.3,78.1,49.9,82.9,50,61
TEST-02686,Sarbet,2025-11-02 05:00:00,6.38,2.5,10.9,1.4,12.5,5,9
TEST-02687,Sarbet,2025-11-02 08:00:00,26.61,19.2,35.3,16.9,38.4,21,28
TEST-02688,Arat Kilo,2025-11-07 08:00:00,61.27,50.1,74.3,46.8,78.9,48,58
TEST-02689,Piassa,2025-11-08 11:00:00,25.53,18.2,34.0,16.1,37.1,20,27
TEST-02690,Lideta,2025-11-04 02:00:00,7.34,3.2,12.1,2.0,13.8,6,10
TEST-02691,CMC,2025-11-03 23:00:00,12.7,7.5,18.8,5.9,21.0,10,15
TEST-02692,Kazanchis,2025-11-10 22:00:00,22.59,15.7,30.6,13.6,33.5,18,24
TEST-02693,Merkato,2025-11-01 19:00:00,27.47,19.9,36.3,17.6,39.4,22,28
TEST-02694,Gerji,2025-11-05 04:00:00,8.54,4.2,13.6,2.9,15.5,7,11
TEST-02695,Sarbet,2025-11-12 12:00:00,19.42,13.0,26.9,11.1,29.5,15,21
TEST-02696,CMC,2025-11-06 23:00:00,11.73,6.7,17.6,5.2,19.7,10,14
TEST-02697,Arat Kilo,2025-11-12 08:00:00,59.97,48.9,72.8,45.6,77.4,47,56
TEST-02698,Megenagna,2025-11-06 17:00:00,89.27,75.8,104.9,71.8,110.5,69,81
TEST-02699,Kazanchis,2025-11-02 01:00:00,7.38,3.3,12.1,2.1,13.9,6,10
TEST-02700,Sarbet,2025-11-09 17:00:00,43.14,33.7,54.1,30.9,58.0,34,42
TEST-02701,Arat Kilo,2025-11-11 06:00:00,17.02,11.0,24.0,9.2,26.5,14,19
TEST-02702,Kazanchis,2025-11-08 14:00:00,31.47,23.4,40.9,21.0,44.2,25,32
TEST-02703,Kolfe,2025-11-03 21:00:00,33.52,25.2,43.2,22.7,46.7,26,34
TEST-02704,Kazanchis,2025-11-05 11:00:00,24.97,17.7,33.4,15.6,36.4,20,26
TEST-02705,Sarbet,2025-11-05 06:00:00,43.38,33.9,54.4,31.1,58.3,34,42
TEST-02706,Bole,2025-11-03 03:00:00,15.9,10.1,22.7,8.3,25.1,13,18
TEST-02707,CMC,2025-11-07 23:00:00,12.21,7.1,18.2,5.5,20.3,10,14
TEST-02708,Lideta,2025-11-13 16:00:00,60.13,49.1,73.0,45.7,77.6,47,57
TEST-02709,Piassa,2025-11-11 12:00:00,38.77,29.8,49.2,27.2,52.9,30,38
TEST-02710,Bole,2025-11-01 06:00:00,57.44,46.6,70.0,43.4,74.5,45,54
TEST-02711,Gerji,2025-11-02 15:00:00,50.11,40.0,61.9,37.0,66.1,39,48
TEST-02712,Gerji,2025-11-03 13:00:00,22.83,15.9,30.9,13.8,33.8,18,24
TEST-02713,Kazanchis,2025-11-10 12:00:00,41.47,32.2,52.2,29.5,56.1,32,41
TEST-02714,Sarbet,2025-11-10 11:00:00,20.92,14.3,28.6,12.3,31.4,17,22
TEST-02715,Arat Kilo,2025-11-03 16:00:00,43.85,34.4,54.9,31.5,58.8,34,43
TEST-02716,Piassa,2025-11-05 03:00:00,4.55,1.2,8.4,0.2,9.8,4,7
TEST-02717,Gerji,2025-11-08 04:00:00,6.92,2.9,11.6,1.7,13.2,6,9
TEST-02718,CMC,2025-11-13 03:00:00,4.67,1.3,8.6,0.3,10.0,4,7
TEST-02719,Sarbet,2025-11-12 07:00:00,59.67,48.6,72.5,45.3,77.1,46,56
TEST-02720,Megenagna,2025-11-13 21:00:00,24.03,16.9,32.3,14.8,35.2,19,25
TEST-02721,Lideta,2025-11-01 17:00:00,47.59,37.7,59.1,34.8,63.2,37,46
TEST-02722,Gerji,2025-11-14 21:00:00,39.19,30.2,49.6,27.5,53.4,31,39
TEST-02723,Sarbet,2025-11-02 15:00:00,42.8,33.4,53.7,30.6,57.6,33,42
TEST-02724,Ayat,2025-11-03 19:00:00,36.82,28.1,46.9,25.5,50.6,29,37
TEST-02725,Arat Kilo,2025-11-09 23:00:00,6.54,2.6,11.1,1.5,12.7,6,9
TEST-02726,Gerji,2025-11-14 11:00:00,23.27,16.3,31.4,14.2,34.3,18,25
TEST-02727,Ayat,2025-11-07 22:00:00,16.75,10.8,23.7,9.0,26.2,13,19
TEST-02728,Arat Kilo,2025-11-01 10:00:00,15.36,9.6,22.0,7.9,24.4,12,17
TEST-02729,Gerji,2025-11-11 17:00:00,35.56,27.0,45.5,24.4,49.1,28,35
TEST-02730,Ayat,2025-11-14 05:00:00,14.82,9.2,21.4,7.5,23.7,12,17
TEST-02731,Merkato,2025-11-06 23:00:00,4.93,1.5,8.9,0.4,10.4,4,7
TEST-02732,Sarbet,2025-11-11 07:00:00,56.91,46.1,69.4,42.9,73.9,44,54
TEST-02733,Lideta,2025-11-12 02:00:00,6.12,2.3,10.5,1.2,12.1,5,9
TEST-02734,Arat Kilo,2025-11-11 23:00:00,6.07,2.3,10.5,1.2,12.0,5,9
TEST-02735,Kolfe,2025-11-02 01:00:00,6.46,2.6,11.0,1.4,12.6,5,9
TEST-02736,Ayat,2025-11-05 06:00:00,33.41,25.1,43.1,22.6,46.5,26,34
TEST-02737,Ayat,2025-11-02 01:00:00,5.19,1.7,9.3,0.6,10.8,4,8
TEST-02738,Kazanchis,2025-11-02 06:00:00,8.68,4.3,13.8,3.0,15.6,7,11
TEST-02739,Kolfe,2025-11-13 18:00:00,57.49,46.7,70.1,43.4,74.6,45,54
TEST-02740,Bole,2025-11-14 22:00:00,88.48,75.1,104.1,71.1,109.6,69,81
TEST-02741,CMC,2025-11-05 19:00:00,53.26,42.8,65.4,39.7,69.7,41,51
TEST-02742,Arat Kilo,2025-11-13 18:00:00,83.92,70.9,99.1,67.0,104.5,65,77
TEST-02743,Kazanchis,2025-11-11 07:00:00,67.23,55.5,80.8,52.0,85.7,52,63
TEST-02744,Lideta,2025-11-10 09:00:00,48.61,38.6,60.2,35.6,64.4,38,47
TEST-02745,Arat Kilo,2025-11-01 23:00:00,7.8,3.6,12.7,2.3,14.4,6,10
TEST-02746,CMC,2025-11-09 09:00:00,37.26,28.5,47.5,25.9,51.1,29,37
TEST-02747,Megenagna,2025-11-12 02:00:00,9.07,4.6,14.3,3.2,16.2,7,11
TEST-02748,Sarbet,2025-11-02 22:00:00,18.67,12.4,26.0,10.5,28.6,15,20
TEST-02749,Kazanchis,2025-11-10 14:00:00,48.54,38.6,60.1,35.6,64.3,38,47
TEST-02750,Bole,2025-11-13 18:00:00,63.16,51.8,76.4,48.4,81.1,49,59
TEST-02751,Sarbet,2025-11-12 02:00:00,4.32,1.1,8.1,0.1,9.5,4,7
TEST-02752,CMC,2025-11-03 17:00:00,40.78,31.6,51.4,28.9,55.2,32,40
TEST-02753,Ayat,2025-11-04 00:00:00,4.93,1.5,8.9,0.4,10.4,4,7
TEST-02754,Lideta,2025-11-11 18:00:00,74.21,61.9,88.5,58.3,93.6,58,69
TEST-02755,Sarbet,2025-11-07 11:00:00,19.81,13.3,27.3,11.4,30.0,16,21
TEST-02756,Piassa,2025-11-12 08:00:00,74.75,62.4,89.1,58.7,94.2,58,69
TEST-02757,Gerji,2025-11-11 13:00:00,24.15,17.1,32.4,14.9,35.4,19,25
TEST-02758,Piassa,2025-11-10 17:00:00,88.94,75.5,104.6,71.5,110.2,69,81
TEST-02759,CMC,2025-11-01 06:00:00,13.11,7.8,19.3,6.2,21.5,11,15
TEST-02760,Sarbet,2025-11-05 16:00:00,23.88,16.8,32.1,14.7,35.0,19,25
TEST-02761,Merkato,2025-11-05 20:00:00,12.97,7.7,19.1,6.1,21.3,10,15
TEST-02762,Arat Kilo,2025-11-07 12:00:00,26.78,19.3,35.5,17.1,38.6,21,28
TEST-02763,Megenagna,2025-11-10 07:00:00,55.08,44.5,67.4,41.3,71.8,43,52
TEST-02764,Merkato,2025-11-02 15:00:00,45.44,35.8,56.7,32.9,60.7,35,44
TEST-02765,Megenagna,2025-11-06 09:00:00,63.33,52.0,76.5,48.6,81.3,49,59
TEST-02766,Ayat,2025-11-11 05:00:00,16.75,10.8,23.7,9.0,26.2,13,19
TEST-02767,Gerji,2025-11-10 14:00:00,21.14,14.5,28.9,12.5,31.7,17,23
TEST-02768,Piassa,2025-11-13 14:00:00,59.21,48.2,72.0,44.9,76.6,46,56
TEST-02769,CMC,2025-11-03 12:00:00,26.17,18.8,34.8,16.6,37.8,21,27
TEST-02770,Bole,2025-11-09 04:00:00,31.9,23.8,41.3,21.3,44.7,25,32
TEST-02771,Megenagna,2025-11-03 08:00:00,84.02,71.0,99.2,67.1,104.7,65,77
TEST-02772,Sarbet,2025-11-07 03:00:00,4.37,1.1,8.2,0.1,9.6,4,7
TEST-02773,Megenagna,2025-11-03 17:00:00,89.12,75.7,104.8,71.7,110.4,69,81
TEST-02774,CMC,2025-11-06 06:00:00,49.39,39.3,61.1,36.3,65.3,38,47
TEST-02775,CMC,2025-11-05 07:00:00,67.5,55.8,81.1,52.3,86.0,52,63
TEST-02776,Merkato,2025-11-09 01:00:00,2.64,0.0,5.8,0.0,6.9,3,5
TEST-02777,Kazanchis,2025-11-07 16:00:00,69.85,57.9,83.7,54.4,88.7,54,65
TEST-02778,Kazanchis,2025-11-01 21:00:00,27.4,19.8,36.2,17.6,39.3,22,28
TEST-02779,CMC,2025-11-06 09:00:00,34.38,26.0,44.2,23.4,47.7,27,34
TEST-02780,Sarbet,2025-11-01 16:00:00,39.32,30.3,49.8,27.6,53.5,31,39
TEST-02781,Ayat,2025-11-11 15:00:00,15.17,9.5,21.8,7.8,24.2,12,17
TEST-02782,Arat Kilo,2025-11-09 21:00:00,16.51,10.6,23.4,8.8,25.9,13,18
TEST-02783,Kazanchis,2025-11-14 05:00:00,9.33,4.8,14.6,3.4,16.5,8,12
TEST-02784,Kazanchis,2025-11-07 17:00:00,110.39,95.4,127.8,91.0,134.0,85,99
TEST-02785,Merkato,2025-11-05 14:00:00,106.2,91.5,123.3,87.1,129.4,82,95
TEST-02786,Megenagna,2025-11-05 01:00:00,9.97,5.3,15.4,3.9,17.4,8,12
TEST-02787,Piassa,2025-11-04 04:00:00,5.67,2.0,9.9,0.9,11.5,5,8
TEST-02788,Lideta,2025-11-09 03:00:00,9.42,4.8,14.7,3.5,16.6,8,12
TEST-02789,Arat Kilo,2025-11-01 13:00:00,18.31,12.1,25.5,10.2,28.1,15,20
TEST-02790,Piassa,2025-11-01 21:00:00,26.26,18.9,34.9,16.7,38.0,21,27
TEST-02791,Sarbet,2025-11-08 23:00:00,10.29,5.5,15.8,4.1,17.8,8,13
TEST-02792,Gerji,2025-11-01 03:00:00,5.37,1.8,9.5,0.7,11.0,5,8
TEST-02793,CMC,2025-11-07 03:00:00,4.64,1.3,8.5,0.3,10.0,4,7
TEST-02794,Piassa,2025-11-07 21:00:00,33.97,25.6,43.7,23.1,47.2,27,34
TEST-02795,Sarbet,2025-11-06 14:00:00,19.67,13.2,27.2,11.3,29.8,16,21
TEST-02796,Sarbet,2025-11-03 06:00:00,41.69,32.4,52.4,29.7,56.3,33,41
TEST-02797,Bole,2025-11-08 12:00:00,38.91,30.0,49.3,27.3,53.0,30,38
TEST-02798,Merkato,2025-11-05 11:00:00,109.74,94.8,127.1,90.4,133.3,85,98
TEST-02799,Megenagna,2025-11-05 06:00:00,51.95,41.6,63.9,38.6,68.2,40,50
TEST-02800,Lideta,2025-11-02 03:00:00,9.94,5.3,15.4,3.9,17.3,8,12
TEST-02801,Bole,2025-11-08 15:00:00,49.4,39.3,61.1,36.3,65.3,38,47
TEST-02802,Sarbet,2025-11-05 02:00:00,4.6,1.2,8.5,0.2,9.9,4,7
TEST-02803,Kazanchis,2025-11-12 12:00:00,46.26,36.5,57.6,33.6,61.6,36,45
TEST-02804,Arat Kilo,2025-11-01 22:00:00,11.26,6.3,17.0,4.8,19.1,9,14
TEST-02805,Megenagna,2025-11-06 07:00:00,83.62,70.6,98.8,66.7,104.2,65,76
TEST-02806,Lideta,2025-11-03 10:00:00,36.07,27.4,46.1,24.9,49.7,28,36
TEST-02807,Megenagna,2025-11-12 16:00:00,68.97,57.1,82.7,53.6,87.7,54,64
TEST-02808,Piassa,2025-11-13 19:00:00,73.12,60.9,87.3,57.3,92.4,57,68
TEST-02809,Merkato,2025-11-04 09:00:00,78.9,66.2,93.6,62.5,98.9,61,72
TEST-02810,CMC,2025-11-14 08:00:00,56.16,45.5,68.6,42.3,73.1,44,53
TEST-02811,Gerji,2025-11-01 20:00:00,47.99,38.1,59.5,35.1,63.7,37,46
TEST-02812,Lideta,2025-11-12 11:00:00,40.01,30.9,50.6,28.2,54.3,31,39
TEST-02813,Megenagna,2025-11-11 21:00:00,22.79,15.9,30.8,13.8,33.7,18,24
TEST-02814,Merkato,2025-11-07 12:00:00,104.09,89.6,121.0,85.2,127.0,81,94
TEST-02815,Kazanchis,2025-11-07 22:00:00,20.22,13.7,27.8,11.7,30.5,16,22
TEST-02816,Piassa,2025-11-07 23:00:00,8.48,4.1,13.5,2.8,15.4,7,11
TEST-02817,Gerji,2025-11-11 20:00:00,45.69,36.0,56.9,33.1,61.0,36,44
TEST-02818,CMC,2025-11-10 00:00:00,7.15,3.1,11.8,1.9,13.5,6,10
TEST-02819,Megenagna,2025-11-05 21:00:00,23.79,16.7,32.0,14.6,34.9,19,25
TEST-02820,Kazanchis,2025-11-02 09:00:00,19.87,13.4,27.4,11.5,30.1,16,22
TEST-02821,Kazanchis,2025-11-02 05:00:00,7.1,3.1,11.8,1.9,13.5,6,10
TEST-02822,Lideta,2025-11-13 03:00:00,7.05,3.0,11.7,1.8,13.4,6,9
TEST-02823,Merkato,2025-11-14 01:00:00,4.48,1.2,8.3,0.2,9.7,4,7
TEST-02824,Piassa,2025-11-06 07:00:00,57.88,47.0,70.5,43.8,75.1,45,55
TEST-02825,Ayat,2025-11-08 20:00:00,31.82,23.7,41.3,21.3,44.6,25,32
TEST-02826,Kolfe,2025-11-04 22:00:00,19.29,12.9,26.7,11.0,29.4,15,21
TEST-02827,Lideta,2025-11-01 09:00:00,32.97,24.7,42.6,22.2,46.0,26,33
TEST-02828,Kazanchis,2025-11-11 17:00:00,99.04,84.9,115.5,80.6,121.4,77,89
TEST-02829,CMC,2025-11-14 10:00:00,24.27,17.2,32.6,15.0,35.5,19,26
TEST-02830,Sarbet,2025-11-04 15:00:00,18.51,12.3,25.8,10.4,28.4,15,20
TEST-02831,Sarbet,2025-11-07 21:00:00,33.61,25.3,43.3,22.8,46.8,26,34
TEST-02832,CMC,2025-11-01 09:00:00,40.18,31.1,50.7,28.4,54.5,31,39
TEST-02833,Bole,2025-11-13 02:00:00,12.47,7.3,18.5,5.7,20.7,10,15
TEST-02834,CMC,2025-11-10 02:00:00,4.73,1.3,8.7,0.3,10.1,4,7
TEST-02835,CMC,2025-11-07 13:00:00,23.97,16.9,32.2,14.8,35.2,19,25
TEST-02836,Merkato,2025-11-04 05:00:00,19.27,12.9,26.7,11.0,29.3,15,21
TEST-02837,Ayat,2025-11-04 20:00:00,33.63,25.3,43.3,22.8,46.8,26,34
TEST-02838,Bole,2025-11-04 06:00:00,70.14,58.2,84.0,54.6,89.0,54,65
TEST-02839,Arat Kilo,2025-11-05 22:00:00,10.43,5.6,16.0,4.2,18.0,9,13
TEST-02840,CMC,2025-11-06 16:00:00,27.73,20.1,36.6,17.9,39.7,22,29
TEST-02841,Arat Kilo,2025-11-13 17:00:00,82.92,69.9,98.0,66.1,103.4,64,76
TEST-02842,Ayat,2025-11-07 14:00:00,15.76,10.0,22.5,8.2,24.9,13,18
TEST-02843,Bole,2025-11-09 15:00:00,50.17,40.0,61.9,37.0,66.2,39,48
TEST-02844,Megenagna,2025-11-07 12:00:00,53.37,42.9,65.5,39.8,69.9,42,51
TEST-02845,Megenagna,2025-11-14 03:00:00,9.73,5.1,15.1,3.7,17.1,8,12
TEST-02846,Piassa,2025-11-08 05:00:00,6.4,2.5,10.9,1.4,12.5,5,9
TEST-02847,Megenagna,2025-11-11 15:00:00,52.9,42.5,65.0,39.4,69.3,41,50
TEST-02848,Arat Kilo,2025-11-14 05:00:00,5.58,1.9,9.8,0.9,11.3,5,8
TEST-02849,Sarbet,2025-11-03 23:00:00,10.43,5.6,16.0,4.2,18.0,9,13
TEST-02850,Bole,2025-11-09 02:00:00,38.94,30.0,49.4,27.3,53.1,30,38
TEST-02851,Gerji,2025-11-07 20:00:00,51.32,41.1,63.2,38.0,67.5,40,49
TEST-02852,Arat Kilo,2025-11-03 06:00:00,16.28,10.4,23.1,8.6,25.6,13,18
TEST-02853,Piassa,2025-11-04 23:00:00,9.79,5.1,15.2,3.7,17.1,8,12
TEST-02854,Kolfe,2025-11-08 02:00:00,5.92,2.2,10.3,1.1,11.8,5,8
TEST-02855,Kolfe,2025-11-09 06:00:00,10.36,5.6,15.9,4.2,17.9,8,13
TEST-02856,Lideta,2025-11-01 13:00:00,47.58,37.7,59.1,34.8,63.2,37,46
TEST-02857,Kazanchis,2025-11-10 10:00:00,27.02,19.5,35.7,17.3,38.9,21,28
TEST-02858,Gerji,2025-11-06 05:00:00,19.62,13.2,27.1,11.3,29.8,16,21
TEST-02859,Megenagna,2025-11-06 22:00:00,13.43,8.0,19.7,6.4,21.9,11,16
TEST-02860,Sarbet,2025-11-05 23:00:00,9.21,4.7,14.5,3.3,16.4,8,12
TEST-02861,Bole,2025-11-08 08:00:00,22.39,15.5,30.4,13.5,33.2,18,24
TEST-02862,Merkato,2025-11-05 15:00:00,96.38,82.4,112.6,78.2,118.5,75,87
TEST-02863,Ayat,2025-11-06 09:00:00,20.88,14.3,28.6,12.3,31.3,17,22
TEST-02864,Kazanchis,2025-11-07 19:00:00,99.84,85.6,116.4,81.4,122.3,77,90
TEST-02865,Bole,2025-11-07 04:00:00,32.67,24.5,42.2,22.0,45.7,26,33
TEST-02866,Gerji,2025-11-01 23:00:00,12.43,7.2,18.5,5.7,20.6,10,15
TEST-02867,Ayat,2025-11-01 06:00:00,9.61,5.0,15.0,3.6,16.9,8,12
TEST-02868,Arat Kilo,2025-11-08 14:00:00,16.53,10.6,23.4,8.8,25.9,13,18
TEST-02869,Merkato,2025-11-01 10:00:00,118.43,103.0,136.4,98.3,142.9,92,105
TEST-02870,Kolfe,2025-11-14 21:00:00,36.57,27.9,46.7,25.3,50.3,29,36
TEST-02871,Kazanchis,2025-11-06 12:00:00,40.14,31.1,50.7,28.3,54.5,31,39
TEST-02872,Megenagna,2025-11-02 02:00:00,11.01,6.1,16.7,4.6,18.8,9,13
TEST-02873,Lideta,2025-11-09 10:00:00,40.48,31.4,51.1,28.6,54.9,32,40
TEST-02874,Ayat,2025-11-04 08:00:00,36.61,27.9,46.7,25.3,50.3,29,36
TEST-02875,Arat Kilo,2025-11-06 06:00:00,14.89,9.2,21.5,7.6,23.8,12,17
TEST-02876,CMC,2025-11-04 07:00:00,66.62,55.0,80.2,51.5,85.0,52,62
TEST-02877,Gerji,2025-11-02 21:00:00,35.0,26.5,44.9,24.0,48.4,27,35
TEST-02878,Lideta,2025-11-13 06:00:00,36.46,27.8,46.5,25.2,50.2,29,36
TEST-02879,Megenagna,2025-11-07 21:00:00,27.29,19.8,36.0,17.5,39.2,21,28
TEST-02880,Arat Kilo,2025-11-03 10:00:00,18.46,12.2,25.7,10.3,28.3,15,20
TEST-02881,Piassa,2025-11-13 16:00:00,81.52,68.7,96.5,64.8,101.8,63,75
TEST-02882,Ayat,2025-11-04 07:00:00,46.22,36.5,57.5,33.6,61.6,36,45
TEST-02883,Merkato,2025-11-09 17:00:00,28.01,20.4,36.9,18.1,40.1,22,29
TEST-02884,Megenagna,2025-11-01 22:00:00,23.64,16.6,31.8,14.5,34.8,19,25
TEST-02885,Kazanchis,2025-11-08 23:00:00,10.58,5.8,16.2,4.3,18.2,9,13
TEST-02886,Lideta,2025-11-12 14:00:00,36.14,27.5,46.2,24.9,49.8,28,36
TEST-02887,Ayat,2025-11-02 12:00:00,36.98,28.2,47.1,25.6,50.8,29,37
TEST-02888,Megenagna,2025-11-05 02:00:00,9.23,4.7,14.5,3.3,16.4,8,12
TEST-02889,Kolfe,2025-11-01 17:00:00,46.77,37.0,58.2,34.0,62.2,36,45
TEST-02890,Bole,2025-11-11 15:00:00,36.39,27.7,46.5,25.1,50.1,28,36
TEST-02891,Bole,2025-11-13 10:00:00,34.08,25.7,43.8,23.2,47.3,27,34
TEST-02892,Sarbet,2025-11-12 01:00:00,3.88,0.7,7.5,0.0,8.8,3,6
TEST-02893,Sarbet,2025-11-02 19:00:00,45.51,35.8,56.7,33.0,60.8,36,44
TEST-02894,Ayat,2025-11-13 18:00:00,46.34,36.6,57.7,33.7,61.7,36,45
TEST-02895,Lideta,2025-11-06 22:00:00,9.89,5.2,15.3,3.8,17.3,8,12
TEST-02896,Kolfe,2025-11-09 13:00:00,44.61,35.0,55.7,32.2,59.7,35,43
TEST-02897,Arat Kilo,2025-11-07 10:00:00,19.11,12.8,26.5,10.9,29.1,15,21
TEST-02898,Kolfe,2025-11-14 02:00:00,4.38,1.1,8.2,0.1,9.6,4,7
TEST-02899,Sarbet,2025-11-06 20:00:00,39.86,30.8,50.4,28.1,54.2,31,39
TEST-02900,CMC,2025-11-12 15:00:00,20.07,13.6,27.6,11.6,30.3,16,22
TEST-02901,CMC,2025-11-11 13:00:00,28.17,20.5,37.1,18.2,40.3,22,29
TEST-02902,Lideta,2025-11-07 00:00:00,6.13,2.3,10.5,1.2,12.1,5,9
TEST-02903,CMC,2025-11-02 15:00:00,50.9,40.7,62.8,37.6,67.0,40,49
TEST-02904,Piassa,2025-11-11 13:00:00,53.19,42.8,65.3,39.6,69.7,41,51
TEST-02905,Gerji,2025-11-09 10:00:00,44.61,35.0,55.7,32.2,59.7,35,43
TEST-02906,Piassa,2025-11-10 21:00:00,31.47,23.4,40.9,21.0,44.2,25,32
TEST-02907,Gerji,2025-11-06 03:00:00,4.91,1.5,8.9,0.4,10.4,4,7
TEST-02908,Arat Kilo,2025-11-09 02:00:00,3.55,0.5,7.1,0.0,8.3,3,6
TEST-02909,Kolfe,2025-11-13 02:00:00,4.53,1.2,8.4,0.2,9.8,4,7
TEST-02910,Arat Kilo,2025-11-12 22:00:00,10.65,5.8,16.3,4.4,18.3,9,13
TEST-02911,Sarbet,2025-11-09 06:00:00,9.59,5.0,14.9,3.6,16.9,8,12
TEST-02912,Megenagna,2025-11-10 13:00:00,38.57,29.7,48.9,27.0,52.6,30,38
TEST-02913,Kolfe,2025-11-06 07:00:00,58.7,47.8,71.4,44.5,76.0,46,55
TEST-02914,Merkato,2025-11-05 08:00:00,77.73,65.2,92.3,61.4,97.6,60,71
TEST-02915,Merkato,2025-11-12 15:00:00,101.61,87.3,118.3,83.0,124.3,79,91
TEST-02916,Arat Kilo,2025-11-08 08:00:00,11.09,6.2,16.8,4.7,18.9,9,13
TEST-02917,Piassa,2025-11-04 21:00:00,32.45,24.3,42.0,21.8,45.4,25,33
TEST-02918,Kazanchis,2025-11-02 14:00:00,36.42,27.8,46.5,25.2,50.1,29,36
TEST-02919,Merkato,2025-11-13 01:00:00,4.13,0.9,7.9,0.0,9.2,4,7
TEST-02920,Megenagna,2025-11-08 09:00:00,41.49,32.3,52.2,29.5,56.1,32,41
TEST-02921,CMC,2025-11-04 03:00:00,5.3,1.7,9.4,0.7,10.9,5,8
TEST-02922,Lideta,2025-11-12 10:00:00,38.6,29.7,49.0,27.0,52.7,30,38
TEST-02923,CMC,2025-11-07 00:00:00,6.55,2.7,11.1,1.5,12.7,6,9
TEST-02924,Megenagna,2025-11-03 09:00:00,65.43,53.9,78.9,50.4,83.7,51,61
TEST-02925,Gerji,2025-11-01 18:00:00,50.13,40.0,61.9,37.0,66.1,39,48
TEST-02926,Merkato,2025-11-03 03:00:00,5.44,1.8,9.6,0.8,11.1,5,8
TEST-02927,Lideta,2025-11-06 00:00:00,6.01,2.3,10.4,1.1,11.9,5,8
TEST-02928,Kazanchis,2025-11-06 13:00:00,56.47,45.7,69.0,42.5,73.4,44,54
TEST-02929,CMC,2025-11-05 23:00:00,12.23,7.1,18.2,5.5,20.4,10,14
TEST-02930,Merkato,2025-11-03 08:00:00,76.29,63.8,90.8,60.1,96.0,59,70
TEST-02931,Piassa,2025-11-01 13:00:00,26.15,18.8,34.7,16.6,37.8,21,27
TEST-02932,Arat Kilo,2025-11-02 23:00:00,6.91,2.9,11.5,1.7,13.2,6,9
TEST-02933,Sarbet,2025-11-01 11:00:00,44.48,34.9,55.6,32.1,59.6,35,43
TEST-02934,Megenagna,2025-11-05 04:00:00,10.77,5.9,16.4,4.5,18.4,9,13
TEST-02935,Piassa,2025-11-14 04:00:00,5.3,1.7,9.4,0.7,10.9,5,8
TEST-02936,Lideta,2025-11-06 04:00:00,7.81,3.6,12.7,2.3,14.4,7,10
TEST-02937,Arat Kilo,2025-11-02 00:00:00,4.93,1.5,8.9,0.4,10.4,4,7
TEST-02938,Megenagna,2025-11-05 18:00:00,103.18,88.7,120.0,84.4,126.0,80,93
TEST-02939,Bole,2025-11-14 08:00:00,49.43,39.4,61.1,36.4,65.3,39,47
TEST-02940,Piassa,2025-11-02 20:00:00,31.05,23.0,40.4,20.6,43.7,24,32
TEST-02941,Arat Kilo,2025-11-14 13:00:00,38.14,29.3,48.4,26.6,52.1,30,38
TEST-02942,Gerji,2025-11-05 13:00:00,21.62,14.9,29.4,12.9,32.3,17,23
TEST-02943,Piassa,2025-11-02 06:00:00,8.05,3.8,13.0,2.5,14.8,7,10
TEST-02944,Lideta,2025-11-12 23:00:00,7.13,3.1,11.8,1.9,13.5,6,10
TEST-02945,Ayat,2025-11-06 14:00:00,18.44,12.2,25.7,10.3,28.3,15,20
TEST-02946,CMC,2025-11-07 07:00:00,64.58,53.1,77.9,49.7,82.7,50,60
TEST-02947,Kolfe,2025-11-13 09:00:00,28.39,20.7,37.3,18.4,40.5,22,29
TEST-02948,Kazanchis,2025-11-03 17:00:00,155.03,137.3,175.6,132.0,183.0,120,136
TEST-02949,CMC,2025-11-13 08:00:00,53.04,42.6,65.2,39.5,69.5,41,51
TEST-02950,Merkato,2025-11-09 08:00:00,39.2,30.2,49.6,27.5,53.4,31,39
TEST-02951,CMC,2025-11-12 16:00:00,28.81,21.1,37.8,18.8,41.0,23,30
TEST-02952,CMC,2025-11-01 12:00:00,50.63,40.5,62.5,37.4,66.7,39,49
TEST-02953,Arat Kilo,2025-11-04 12:00:00,27.74,20.1,36.6,17.9,39.7,22,29
TEST-02954,Piassa,2025-11-09 08:00:00,15.73,9.9,22.5,8.2,24.9,13,18
TEST-02955,Ayat,2025-11-08 19:00:00,35.77,27.2,45.8,24.6,49.3,28,36
TEST-02956,Merkato,2025-11-07 06:00:00,48.48,38.5,60.1,35.5,64.2,38,47
TEST-02957,Sarbet,2025-11-08 03:00:00,5.34,1.8,9.5,0.7,11.0,5,8
TEST-02958,Gerji,2025-11-09 22:00:00,20.32,13.8,27.9,11.8,30.7,16,22
TEST-02959,Gerji,2025-11-09 17:00:00,44.24,34.7,55.3,31.9,59.3,35,43
TEST-02960,Merkato,2025-11-10 07:00:00,80.72,67.9,95.6,64.1,100.9,63,74
TEST-02961,Arat Kilo,2025-11-07 02:00:00,3.49,0.5,7.0,0.0,8.2,3,6
TEST-02962,CMC,2025-11-09 04:00:00,5.67,2.0,9.9,0.9,11.5,5,8
TEST-02963,CMC,2025-11-08 10:00:00,45.59,35.9,56.8,33.0,60.9,36,44
TEST-02964,Piassa,2025-11-13 02:00:00,5.19,1.7,9.3,0.6,10.8,4,8
TEST-02965,Piassa,2025-11-04 06:00:00,22.38,15.5,30.3,13.5,33.2,18,24
TEST-02966,Kazanchis,2025-11-12 20:00:00,58.44,47.5,71.1,44.3,75.7,45,55
TEST-02967,Sarbet,2025-11-10 03:00:00,4.73,1.3,8.7,0.3,10.1,4,7
TEST-02968,Kazanchis,2025-11-14 12:00:00,41.77,32.5,52.5,29.7,56.4,33,41
TEST-02969,Lideta,2025-11-08 04:00:00,9.49,4.9,14.8,3.5,16.7,8,12
TEST-02970,Lideta,2025-11-04 11:00:00,35.68,27.1,45.7,24.5,49.2,28,36
TEST-02971,Bole,2025-11-11 09:00:00,44.43,34.9,55.5,32.0,59.5,35,43
TEST-02972,Kazanchis,2025-11-08 07:00:00,10.29,5.5,15.8,4.1,17.8,8,13
TEST-02973,Gerji,2025-11-04 21:00:00,33.45,25.1,43.1,22.6,46.6,26,34
TEST-02974,Merkato,2025-11-01 08:00:00,97.8,83.7,114.2,79.5,120.0,76,88
TEST-02975,Merkato,2025-11-12 18:00:00,34.99,26.5,44.9,23.9,48.4,27,35
TEST-02976,Bole,2025-11-06 18:00:00,49.88,39.8,61.6,36.8,65.8,39,48
TEST-02977,Kazanchis,2025-11-05 20:00:00,58.04,47.2,70.7,43.9,75.2,45,55
TEST-02978,CMC,2025-11-12 12:00:00,26.1,18.7,34.7,16.5,37.7,21,27
TEST-02979,Gerji,2025-11-11 12:00:00,26.94,19.5,35.7,17.2,38.8,21,28
TEST-02980,Arat Kilo,2025-11-03 15:00:00,30.25,22.3,39.5,20.0,42.8,24,31
TEST-02981,CMC,2025-11-08 23:00:00,14.04,8.5,20.4,6.9,22.7,11,16
TEST-02982,Merkato,2025-11-10 20:00:00,11.77,6.7,17.7,5.2,19.8,10,14
TEST-02983,Kazanchis,2025-11-12 06:00:00,23.9,16.8,32.1,14.7,35.1,19,25
TEST-02984,Lideta,2025-11-11 15:00:00,37.77,29.0,48.0,26.3,51.7,30,37
TEST-02985,Piassa,2025-11-04 09:00:00,59.81,48.8,72.7,45.5,77.3,47,56
TEST-02986,Piassa,2025-11-10 11:00:00,20.43,13.9,28.1,11.9,30.8,16,22
TEST-02987,CMC,2025-11-14 17:00:00,45.62,35.9,56.9,33.1,60.9,36,44
TEST-02988,Ayat,2025-11-13 22:00:00,15.68,9.9,22.4,8.2,24.8,13,18
TEST-02989,Bole,2025-11-14 17:00:00,41.53,32.3,52.3,29.5,56.1,32,41
TEST-02990,Gerji,2025-11-03 15:00:00,20.48,13.9,28.1,12.0,30.9,16,22
TEST-02991,Kazanchis,2025-11-05 13:00:00,54.08,43.6,66.3,40.4,70.7,42,51
TEST-02992,Kazanchis,2025-11-07 07:00:00,62.18,50.9,75.3,47.6,80.0,48,58
TEST-02993,Merkato,2025-11-03 09:00:00,72.81,60.6,87.0,57.0,92.0,57,67
TEST-02994,Bole,2025-11-08 18:00:00,61.33,50.1,74.3,46.8,79.0,48,58
TEST-02995,CMC,2025-11-08 07:00:00,17.01,11.0,24.0,9.2,26.5,14,19
TEST-02996,Ayat,2025-11-10 23:00:00,9.65,5.0,15.0,3.6,17.0,8,12
TEST-02997,Gerji,2025-11-11 08:00:00,50.18,40.1,62.0,37.0,66.2,39,48
TEST-02998,Gerji,2025-11-06 19:00:00,48.39,38.4,60.0,35.5,64.1,38,47
TEST-02999,Ayat,2025-11-07 10:00:00,18.35,12.1,25.6,10.3,28.2,15,20
TEST-03000,Lideta,2025-11-13 11:00:00,38.22,29.4,48.5,26.7,52.2,30,38
TEST-03001,Merkato,2025-11-06 08:00:00,81.23,68.4,96.2,64.5,101.5,63,74
TEST-03002,Sarbet,2025-11-09 03:00:00,4.21,1.0,8.0,0.0,9.3,4,7
TEST-03003,Kolfe,2025-11-04 01:00:00,4.32,1.1,8.1,0.1,9.5,4,7
TEST-03004,Bole,2025-11-09 14:00:00,46.42,36.7,57.8,33.8,61.8,36,45
TEST-03005,Gerji,2025-11-14 07:00:00,62.47,51.2,75.6,47.8,80.3,49,59
TEST-03006,Ayat,2025-11-10 02:00:00,2.9,0.1,6.1,0.0,7.3,3,5
TEST-03007,Kazanchis,2025-11-04 05:00:00,9.51,4.9,14.9,3.5,16.8,8,12
TEST-03008,Bole,2025-11-02 23:00:00,61.97,50.7,75.0,47.4,79.7,48,58
TEST-03009,Kolfe,2025-11-06 16:00:00,23.9,16.8,32.1,14.7,35.1,19,25
TEST-03010,Piassa,2025-11-06 12:00:00,37.52,28.7,47.7,26.1,51.4,29,37
TEST-03011,Kazanchis,2025-11-02 18:00:00,52.77,42.4,64.9,39.3,69.2,41,50
TEST-03012,Ayat,2025-11-10 14:00:00,15.98,10.1,22.8,8.4,25.2,13,18
TEST-03013,Merkato,2025-11-12 23:00:00,4.58,1.2,8.5,0.2,9.9,4,7
TEST-03014,Kolfe,2025-11-03 09:00:00,29.99,22.1,39.2,19.7,42.5,24,31
TEST-03015,Arat Kilo,2025-11-11 22:00:00,11.65,6.6,17.5,5.1,19.6,9,14
TEST-03016,Merkato,2025-11-10 14:00:00,102.95,88.5,119.8,84.2,125.8,80,93
TEST-03017,Sarbet,2025-11-13 05:00:00,18.36,12.1,25.6,10.3,28.2,15,20
TEST-03018,Ayat,2025-11-10 00:00:00,5.04,1.6,9.1,0.5,10.5,4,7
TEST-03019,Bole,2025-11-02 07:00:00,36.49,27.8,46.6,25.2,50.2,29,36
TEST-03020,Arat Kilo,2025-11-09 03:00:00,2.85,0.1,6.1,0.0,7.2,3,5
TEST-03021,Sarbet,2025-11-02 13:00:00,44.92,35.3,56.1,32.5,60.1,35,44
TEST-03022,Piassa,2025-11-01 02:00:00,5.32,1.8,9.5,0.7,10.9,5,8
TEST-03023,Gerji,2025-11-14 17:00:00,41.76,32.5,52.5,29.7,56.4,33,41
TEST-03024,Sarbet,2025-11-07 23:00:00,10.53,5.7,16.1,4.3,18.1,9,13
TEST-03025,Bole,2025-11-09 13:00:00,47.24,37.4,58.7,34.5,62.8,37,46
TEST-03026,Gerji,2025-11-05 07:00:00,62.3,51.0,75.4,47.7,80.1,48,58
TEST-03027,Merkato,2025-11-03 15:00:00,92.61,78.9,108.6,74.8,114.3,72,84
TEST-03028,Arat Kilo,2025-11-02 05:00:00,4.11,0.9,7.8,0.0,9.2,4,6
TEST-03029,Kolfe,2025-11-08 11:00:00,44.77,35.2,55.9,32.3,59.9,35,43
TEST-03030,Ayat,2025-11-14 17:00:00,30.35,22.4,39.6,20.1,42.9,24,31
TEST-03031,Megenagna,2025-11-05 16:00:00,68.88,57.0,82.6,53.5,87.6,53,64
TEST-03032,Gerji,2025-11-07 07:00:00,59.74,48.7,72.6,45.4,77.2,46,56
TEST-03033,Megenagna,2025-11-14 19:00:00,92.72,79.0,108.7,74.9,114.4,72,84
TEST-03034,Merkato,2025-11-14 02:00:00,4.46,1.1,8.3,0.2,9.7,4,7
TEST-03035,Ayat,2025-11-08 17:00:00,33.62,25.3,43.3,22.8,46.8,26,34
TEST-03036,Merkato,2025-11-03 17:00:00,53.13,42.7,65.3,39.6,69.6,41,51
TEST-03037,Kazanchis,2025-11-01 22:00:00,17.13,11.1,24.1,9.3,26.7,14,19
TEST-03038,Kazanchis,2025-11-04 21:00:00,34.42,26.0,44.2,23.5,47.7,27,34
TEST-03039,Megenagna,2025-11-01 19:00:00,50.59,40.4,62.4,37.4,66.7,39,48
TEST-03040,Gerji,2025-11-12 11:00:00,24.95,17.7,33.3,15.6,36.3,20,26
TEST-03041,Gerji,2025-11-08 18:00:00,48.06,38.1,59.6,35.2,63.7,37,46
TEST-03042,Lideta,2025-11-06 21:00:00,17.73,11.6,24.9,9.8,27.4,14,20
TEST-03043,Ayat,2025-11-13 13:00:00,19.23,12.9,26.6,11.0,29.3,15,21
TEST-03044,Ayat,2025-11-14 19:00:00,45.57,35.9,56.8,33.0,60.8,36,44
TEST-03045,Kolfe,2025-11-10 09:00:00,29.17,21.4,38.2,19.1,41.5,23,30
TEST-03046,Ayat,2025-11-02 00:00:00,5.71,2.0,10.0,0.9,11.5,5,8
TEST-03047,Arat Kilo,2025-11-04 22:00:00,11.46,6.5,17.3,5.0,19.4,9,14
TEST-03048,Lideta,2025-11-04 18:00:00,71.32,59.3,85.3,55.7,90.3,55,66
TEST-03049,Ayat,2025-11-06 04:00:00,6.25,2.4,10.7,1.3,12.3,5,9
TEST-03050,Lideta,2025-11-10 11:00:00,35.77,27.2,45.8,24.6,49.3,28,36
TEST-03051,Bole,2025-11-08 21:00:00,99.72,85.5,116.3,81.3,122.2,77,90
TEST-03052,Merkato,2025-11-10 15:00:00,100.16,85.9,116.7,81.7,122.7,78,90
TEST-03053,Lideta,2025-11-01 04:00:00,9.66,5.0,15.0,3.7,17.0,8,12
TEST-03054,Lideta,2025-11-05 15:00:00,38.79,29.9,49.2,27.2,52.9,30,38
TEST-03055,Sarbet,2025-11-11 00:00:00,5.7,2.0,10.0,0.9,11.5,5,8
TEST-03056,Kolfe,2025-11-08 19:00:00,47.48,37.6,58.9,34.7,63.1,37,46
TEST-03057,Lideta,2025-11-14 23:00:00,7.59,3.4,12.4,2.2,14.1,6,10
TEST-03058,Lideta,2025-11-07 02:00:00,6.88,2.9,11.5,1.7,13.2,6,9
TEST-03059,Bole,2025-11-11 20:00:00,55.83,45.1,68.2,42.0,72.7,43,53
TEST-03060,Bole,2025-11-01 20:00:00,87.0,73.7,102.5,69.7,108.0,67,79
TEST-03061,Lideta,2025-11-06 23:00:00,7.4,3.3,12.2,2.1,13.9,6,10
TEST-03062,Gerji,2025-11-11 23:00:00,11.74,6.7,17.6,5.2,19.7,10,14
TEST-03063,Megenagna,2025-11-13 18:00:00,114.63,99.4,132.3,94.8,138.7,89,102
TEST-03064,Ayat,2025-11-02 02:00:00,4.23,1.0,8.0,0.0,9.4,4,7
TEST-03065,CMC,2025-11-08 20:00:00,47.49,37.6,59.0,34.7,63.1,37,46
TEST-03066,Piassa,2025-11-07 22:00:00,17.68,11.6,24.8,9.7,27.3,14,20
TEST-03067,Megenagna,2025-11-01 08:00:00,41.59,32.3,52.3,29.6,56.2,32,41
TEST-03068,Gerji,2025-11-13 02:00:00,4.12,0.9,7.8,0.0,9.2,4,6
TEST-03069,Sarbet,2025-11-12 23:00:00,9.87,5.2,15.3,3.8,17.3,8,12
TEST-03070,Ayat,2025-11-14 03:00:00,3.44,0.5,6.9,0.0,8.2,3,6
TEST-03071,Ayat,2025-11-10 01:00:00,3.06,0.2,6.4,0.0,7.6,3,5
TEST-03072,Merkato,2025-11-06 21:00:00,6.23,2.4,10.7,1.3,12.2,5,9
TEST-03073,Bole,2025-11-05 12:00:00,42.61,33.3,53.5,30.5,57.4,33,42
TEST-03074,Sarbet,2025-11-10 06:00:00,42.68,33.3,53.6,30.5,57.5,33,42
TEST-03075,Kazanchis,2025-11-10 19:00:00,92.1,78.4,108.0,74.3,113.7,71,84
TEST-03076,Gerji,2025-11-08 01:00:00,6.32,2.5,10.8,1.3,12.4,5,9
TEST-03077,Gerji,2025-11-04 13:00:00,24.36,17.2,32.7,15.1,35.6,19,26
TEST-03078,CMC,2025-11-08 14:00:00,47.79,37.9,59.3,34.9,63.4,37,46
TEST-03079,CMC,2025-11-09 07:00:00,17.57,11.5,24.7,9.6,27.2,14,19
TEST-03080,Kazanchis,2025-11-04 06:00:00,24.73,17.5,33.1,15.4,36.1,20,26
TEST-03081,Piassa,2025-11-04 13:00:00,53.45,43.0,65.6,39.9,70.0,42,51
TEST-03082,Merkato,2025-11-13 20:00:00,11.97,6.9,17.9,5.3,20.0,10,14
TEST-03083,Lideta,2025-11-11 23:00:00,7.06,3.0,11.7,1.8,13.4,6,9
TEST-03084,Bole,2025-11-07 08:00:00,54.19,43.7,66.4,40.5,70.8,42,52
TEST-03085,Lideta,2025-11-05 10:00:00,36.77,28.1,46.9,25.5,50.5,29,37
TEST-03086,CMC,2025-11-14 20:00:00,56.14,45.4,68.6,42.2,73.1,44,53
TEST-03087,Bole,2025-11-10 09:00:00,43.51,34.1,54.5,31.2,58.4,34,42
TEST-03088,CMC,2025-11-13 02:00:00,5.11,1.6,9.2,0.6,10.6,4,8
TEST-03089,Lideta,2025-11-02 19:00:00,37.6,28.8,47.8,26.2,51.5,29,37
TEST-03090,Gerji,2025-11-01 11:00:00,46.69,36.9,58.1,34.0,62.1,36,45
TEST-03091,Sarbet,2025-11-11 09:00:00,29.77,21.9,38.9,19.6,42.2,23,30
TEST-03092,Lideta,2025-11-03 00:00:00,6.96,3.0,11.6,1.8,13.3,6,9
TEST-03093,Arat Kilo,2025-11-09 07:00:00,8.82,4.4,14.0,3.1,15.8,7,11
TEST-03094,Megenagna,2025-11-03 03:00:00,8.79,4.4,13.9,3.0,15.8,7,11
TEST-03095,Piassa,2025-11-02 03:00:00,5.09,1.6,9.2,0.6,10.6,4,8
TEST-03096,Kolfe,2025-11-05 03:00:00,4.54,1.2,8.4,0.2,9.8,4,7
TEST-03097,CMC,2025-11-06 20:00:00,47.36,37.5,58.8,34.6,62.9,37,46
TEST-03098,Bole,2025-11-05 09:00:00,42.36,33.0,53.2,30.2,57.1,33,41
TEST-03099,Kazanchis,2025-11-01 18:00:00,49.06,39.0,60.7,36.0,64.9,38,47
TEST-03100,Megenagna,2025-11-13 19:00:00,79.62,66.9,94.4,63.1,99.7,62,73
TEST-03101,Ayat,2025-11-01 09:00:00,25.64,18.3,34.1,16.1,37.2,20,27
TEST-03102,Ayat,2025-11-01 01:00:00,4.28,1.0,8.1,0.1,9.4,4,7
TEST-03103,Lideta,2025-11-09 06:00:00,15.0,9.3,21.6,7.6,24.0,12,17
TEST-03104,Gerji,2025-11-10 01:00:00,4.75,1.4,8.7,0.3,10.1,4,7
TEST-03105,Sarbet,2025-11-09 11:00:00,42.75,33.4,53.6,30.6,57.6,33,42
TEST-03106,Bole,2025-11-14 14:00:00,40.06,31.0,50.6,28.3,54.4,31,39
TEST-03107,Sarbet,2025-11-06 00:00:00,6.2,2.4,10.6,1.3,12.2,5,9
TEST-03108,Sarbet,2025-11-10 00:00:00,4.96,1.5,9.0,0.5,10.4,4,7
TEST-03109,Kolfe,2025-11-07 03:00:00,4.5,1.2,8.4,0.2,9.8,4,7
TEST-03110,Megenagna,2025-11-14 21:00:00,27.07,19.6,35.8,17.3,38.9,21,28
TEST-03111,Bole,2025-11-12 17:00:00,40.82,31.7,51.5,28.9,55.3,32,40
TEST-03112,Kazanchis,2025-11-04 03:00:00,4.44,1.1,8.3,0.1,9.7,4,7
TEST-03113,Piassa,2025-11-08 02:00:00,5.72,2.0,10.0,1.0,11.5,5,8
TEST-03114,Gerji,2025-11-08 15:00:00,43.82,34.3,54.8,31.5,58.8,34,43
TEST-03115,Kolfe,2025-11-07 16:00:00,22.92,16.0,31.0,13.9,33.9,18,24
TEST-03116,Bole,2025-11-12 10:00:00,34.91,26.4,44.8,23.9,48.3,27,35
TEST-03117,CMC,2025-11-04 21:00:00,36.01,27.4,46.0,24.8,49.6,28,36
TEST-03118,Arat Kilo,2025-11-12 04:00:00,3.56,0.5,7.1,0.0,8.3,3,6
TEST-03119,Piassa,2025-11-05 12:00:00,38.59,29.7,48.9,27.0,52.7,30,38
TEST-03120,Ayat,2025-11-10 17:00:00,29.23,21.4,38.3,19.1,41.5,23,30
TEST-03121,CMC,2025-11-14 06:00:00,47.77,37.9,59.3,34.9,63.4,37,46
TEST-03122,Megenagna,2025-11-07 18:00:00,109.14,94.3,126.4,89.8,132.6,84,98
TEST-03123,Gerji,2025-11-08 05:00:00,8.74,4.3,13.9,3.0,15.7,7,11
TEST-03124,Arat Kilo,2025-11-08 10:00:00,15.01,9.3,21.6,7.6,24.0,12,17
TEST-03125,Arat Kilo,2025-11-07 16:00:00,41.42,32.2,52.2,29.4,56.0,32,41
TEST-03126,Gerji,2025-11-07 13:00:00,23.2,16.2,31.3,14.1,34.2,18,25
TEST-03127,Gerji,2025-11-03 04:00:00,8.31,4.0,13.3,2.7,15.1,7,11
TEST-03128,Gerji,2025-11-09 12:00:00,49.43,39.4,61.1,36.4,65.3,39,47
TEST-03129,Piassa,2025-11-14 19:00:00,85.3,72.1,100.6,68.2,106.1,66,78
TEST-03130,Piassa,2025-11-13 01:00:00,4.61,1.3,8.5,0.3,9.9,4,7
TEST-03131,Kazanchis,2025-11-09 18:00:00,58.84,47.9,71.6,44.6,76.2,46,56
TEST-03132,Kolfe,2025-11-02 23:00:00,11.84,6.8,17.7,5.2,19.9,10,14
TEST-03133,Sarbet,2025-11-02 12:00:00,46.8,37.0,58.2,34.1,62.3,36,45
TEST-03134,Bole,2025-11-08 10:00:00,27.9,20.3,36.8,18.0,39.9,22,29
TEST-03135,Merkato,2025-11-11 07:00:00,76.76,64.3,91.3,60.5,96.5,60,71
TEST-03136,Sarbet,2025-11-04 21:00:00,29.24,21.4,38.3,19.1,41.5,23,30
TEST-03137,Merkato,2025-11-01 06:00:00,59.49,48.5,72.3,45.2,76.9,46,56
TEST-03138,Bole,2025-11-10 23:00:00,23.65,16.6,31.8,14.5,34.8,19,25
TEST-03139,Merkato,2025-11-13 12:00:00,106.71,92.0,123.8,87.6,129.9,83,96
TEST-03140,Arat Kilo,2025-11-10 11:00:00,16.64,10.7,23.6,8.9,26.0,13,19
TEST-03141,CMC,2025-11-11 01:00:00,5.32,1.8,9.5,0.7,10.9,5,8
TEST-03142,Megenagna,2025-11-13 05:00:00,21.68,14.9,29.5,12.9,32.3,17,23
TEST-03143,Bole,2025-11-05 01:00:00,13.11,7.8,19.3,6.2,21.5,11,15
TEST-03144,Lideta,2025-11-10 01:00:00,6.28,2.5,10.7,1.3,12.3,5,9
TEST-03145,Sarbet,2025-11-08 21:00:00,29.68,21.8,38.8,19.5,42.1,23,30
TEST-03146,Megenagna,2025-11-01 09:00:00,43.57,34.1,54.6,31.3,58.5,34,42
TEST-03147,Kazanchis,2025-11-04 18:00:00,106.21,91.5,123.3,87.2,129.4,82,95
TEST-03148,Kolfe,2025-11-14 23:00:00,10.56,5.7,16.2,4.3,18.2,9,13
TEST-03149,CMC,2025-11-11 09:00:00,33.02,24.8,42.6,22.3,46.1,26,33
TEST-03150,Merkato,2025-11-02 20:00:00,6.59,2.7,11.1,1.5,12.8,6,9
TEST-03151,Merkato,2025-11-12 00:00:00,3.9,0.8,7.5,0.0,8.9,3,6
TEST-03152,Lideta,2025-11-07 10:00:00,37.54,28.7,47.8,26.1,51.4,29,37
TEST-03153,Megenagna,2025-11-04 08:00:00,86.23,73.0,101.6,69.0,107.1,67,79
TEST-03154,Piassa,2025-11-14 02:00:00,4.92,1.5,8.9,0.4,10.4,4,7
TEST-03155,Sarbet,2025-11-06 12:00:00,21.63,14.9,29.5,12.9,32.3,17,23
TEST-03156,Merkato,2025-11-13 21:00:00,6.44,2.6,10.9,1.4,12.5,5,9
TEST-03157,Bole,2025-11-12 16:00:00,36.79,28.1,46.9,25.5,50.6,29,37
TEST-03158,Bole,2025-11-11 07:00:00,62.83,51.5,76.0,48.1,80.7,49,59
TEST-03159,Merkato,2025-11-08 12:00:00,134.69,118.2,153.9,113.3,160.8,104,119
TEST-03160,Lideta,2025-11-07 09:00:00,46.46,36.7,57.8,33.8,61.9,36,45
TEST-03161,Kolfe,2025-11-08 23:00:00,13.41,8.0,19.7,6.4,21.9,11,16
TEST-03162,Lideta,2025-11-06 08:00:00,62.77,51.5,75.9,48.1,80.6,49,59
TEST-03163,Arat Kilo,2025-11-04 00:00:00,3.27,0.3,6.7,0.0,7.9,3,6
TEST-03164,CMC,2025-11-04 16:00:00,32.06,23.9,41.5,21.5,44.9,25,32
TEST-03165,CMC,2025-11-11 07:00:00,67.19,55.5,80.8,52.0,85.7,52,63
TEST-03166,Kazanchis,2025-11-02 03:00:00,6.57,2.7,11.1,1.5,12.7,6,9
TEST-03167,Kazanchis,2025-11-08 04:00:00,6.04,2.3,10.4,1.2,12.0,5,8
TEST-03168,Megenagna,2025-11-13 13:00:00,57.89,47.0,70.5,43.8,75.1,45,55
TEST-03169,CMC,2025-11-11 08:00:00,50.82,40.6,62.7,37.6,66.9,40,49
TEST-03170,CMC,2025-11-14 09:00:00,30.64,22.7,39.9,20.3,43.2,24,31
TEST-03171,Ayat,2025-11-05 09:00:00,20.25,13.7,27.8,11.8,30.6,16,22
TEST-03172,Lideta,2025-11-07 20:00:00,39.7,30.7,50.2,28.0,54.0,31,39
TEST-03173,Gerji,2025-11-10 10:00:00,22.73,15.8,30.7,13.8,33.6,18,24
TEST-03174,Sarbet,2025-11-12 11:00:00,22.23,15.4,30.2,13.4,33.0,18,24
TEST-03175,Gerji,2025-11-05 21:00:00,31.43,23.4,40.8,20.9,44.2,25,32
TEST-03176,Piassa,2025-11-13 04:00:00,4.38,1.1,8.2,0.1,9.6,4,7
TEST-03177,Merkato,2025-11-04 00:00:00,4.99,1.5,9.0,0.5,10.5,4,7
TEST-03178,Kolfe,2025-11-13 16:00:00,31.98,23.8,41.4,21.4,44.8,25,32
TEST-03179,Sarbet,2025-11-03 12:00:00,23.21,16.2,31.3,14.2,34.2,18,25
TEST-03180,Kazanchis,2025-11-12 16:00:00,76.13,63.7,90.6,60.0,95.8,59,70
TEST-03181,Megenagna,2025-11-11 12:00:00,54.34,43.8,66.6,40.7,71.0,42,52
TEST-03182,Sarbet,2025-11-08 02:00:00,5.77,2.1,10.1,1.0,11.6,5,8
TEST-03183,Gerji,2025-11-11 19:00:00,51.74,41.5,63.7,38.4,68.0,40,49
TEST-03184,Gerji,2025-11-09 14:00:00,45.48,35.8,56.7,32.9,60.7,35,44
TEST-03185,Piassa,2025-11-07 01:00:00,4.83,1.4,8.8,0.4,10.2,4,7
TEST-03186,Ayat,2025-11-07 04:00:00,6.19,2.4,10.6,1.3,12.2,5,9
TEST-03187,Megenagna,2025-11-08 07:00:00,27.08,19.6,35.8,17.3,38.9,21,28
TEST-03188,Gerji,2025-11-12 07:00:00,60.99,49.8,74.0,46.5,78.6,47,57
TEST-03189,Bole,2025-11-05 04:00:00,32.78,24.5,42.4,22.1,45.8,26,33
TEST-03190,Sarbet,2025-11-01 15:00:00,40.36,31.2,51.0,28.5,54.8,32,40
TEST-03191,Lideta,2025-11-08 20:00:00,30.22,22.3,39.4,19.9,42.7,24,31
TEST-03192,Bole,2025-11-05 05:00:00,60.64,49.5,73.6,46.2,78.2,47,57
TEST-03193,Sarbet,2025-11-08 15:00:00,38.12,29.3,48.4,26.6,52.1,30,38
TEST-03194,Megenagna,2025-11-11 09:00:00,66.57,54.9,80.1,51.4,85.0,52,62
TEST-03195,Gerji,2025-11-10 18:00:00,44.11,34.6,55.2,31.8,59.1,34,43
TEST-03196,Piassa,2025-11-01 09:00:00,17.03,11.0,24.0,9.2,26.5,14,19
TEST-03197,Bole,2025-11-08 17:00:00,56.14,45.4,68.6,42.2,73.1,44,53
TEST-03198,Gerji,2025-11-13 22:00:00,21.29,14.6,29.1,12.6,31.9,17,23
TEST-03199,Megenagna,2025-11-11 11:00:00,51.65,41.4,63.6,38.3,67.9,40,49
TEST-03200,Lideta,2025-11-13 08:00:00,63.49,52.1,76.7,48.7,81.5,49,59
TEST-03201,Lideta,2025-11-04 10:00:00,36.76,28.1,46.9,25.4,50.5,29,37
TEST-03202,Gerji,2025-11-03 10:00:00,22.1,15.3,30.0,13.3,32.9,17,24
TEST-03203,Bole,2025-11-08 02:00:00,38.51,29.6,48.9,26.9,52.6,30,38
TEST-03204,Gerji,2025-11-14 01:00:00,4.56,1.2,8.4,0.2,9.8,4,7
TEST-03205,CMC,2025-11-09 06:00:00,12.2,7.1,18.2,5.5,20.3,10,14
TEST-03206,Piassa,2025-11-04 03:00:00,5.41,1.8,9.6,0.8,11.1,5,8
TEST-03207,Merkato,2025-11-06 14:00:00,106.99,92.3,124.1,87.9,130.3,83,96
TEST-03208,Kolfe,2025-11-11 15:00:00,19.59,13.2,27.1,11.2,29.8,16,21
TEST-03209,Piassa,2025-11-11 18:00:00,95.56,81.6,111.7,77.5,117.6,74,86
TEST-03210,Arat Kilo,2025-11-11 14:00:00,36.1,27.5,46.1,24.9,49.7,28,36
TEST-03211,Megenagna,2025-11-11 04:00:00,10.81,5.9,16.5,4.5,18.5,9,13
TEST-03212,Ayat,2025-11-13 07:00:00,44.13,34.6,55.2,31.8,59.2,34,43
TEST-03213,Kolfe,2025-11-09 20:00:00,36.38,27.7,46.5,25.1,50.1,28,36
TEST-03214,Lideta,2025-11-06 17:00:00,61.37,50.2,74.4,46.8,79.0,48,58
TEST-03215,CMC,2025-11-10 05:00:00,21.49,14.8,29.3,12.8,32.1,17,23
TEST-03216,Sarbet,2025-11-07 00:00:00,5.88,2.2,10.2,1.1,11.7,5,8
TEST-03217,Ayat,2025-11-05 20:00:00,33.27,25.0,42.9,22.5,46.4,26,33
TEST-03218,Kazanchis,2025-11-08 21:00:00,26.17,18.8,34.8,16.6,37.8,21,27
TEST-03219,Piassa,2025-11-14 06:00:00,22.49,15.6,30.5,13.6,33.3,18,24
TEST-03220,Kazanchis,2025-11-10 00:00:00,6.13,2.3,10.5,1.2,12.1,5,9
TEST-03221,Kazanchis,2025-11-02 04:00:00,6.18,2.4,10.6,1.2,12.2,5,9
TEST-03222,Lideta,2025-11-12 12:00:00,41.59,32.3,52.3,29.6,56.2,32,41
TEST-03223,Sarbet,2025-11-09 10:00:00,35.97,27.4,46.0,24.8,49.6,28,36
TEST-03224,Piassa,2025-11-05 13:00:00,50.18,40.0,62.0,37.0,66.2,39,48
TEST-03225,Merkato,2025-11-10 08:00:00,75.22,62.9,89.6,59.2,94.8,58,69
TEST-03226,Kazanchis,2025-11-06 14:00:00,49.87,39.8,61.6,36.7,65.8,39,48
TEST-03227,Arat Kilo,2025-11-12 05:00:00,5.88,2.2,10.2,1.1,11.7,5,8
TEST-03228,Gerji,2025-11-07 00:00:00,7.14,3.1,11.8,1.9,13.5,6,10
TEST-03229,Ayat,2025-11-13 16:00:00,28.1,20.5,37.0,18.2,40.2,22,29
TEST-03230,Ayat,2025-11-05 14:00:00,15.88,10.1,22.6,8.3,25.1,13,18
TEST-03231,Merkato,2025-11-01 18:00:00,47.06,37.2,58.5,34.3,62.6,37,45
TEST-03232,Sarbet,2025-11-11 17:00:00,30.72,22.7,40.0,20.4,43.3,24,31
TEST-03233,Kolfe,2025-11-04 14:00:00,19.93,13.5,27.5,11.5,30.2,16,22
TEST-03234,Kolfe,2025-11-12 15:00:00,19.46,13.1,26.9,11.1,29.6,15,21
TEST-03235,Sarbet,2025-11-02 10:00:00,37.38,28.6,47.6,26.0,51.2,29,37
TEST-03236,Kazanchis,2025-11-14 21:00:00,39.68,30.6,50.2,27.9,53.9,31,39
TEST-03237,Piassa,2025-11-02 21:00:00,25.52,18.2,34.0,16.0,37.0,20,27
TEST-03238,Lideta,2025-11-05 23:00:00,7.35,3.3,12.1,2.0,13.8,6,10
TEST-03239,CMC,2025-11-12 09:00:00,37.83,29.0,48.1,26.4,51.8,30,37
TEST-03240,Ayat,2025-11-14 13:00:00,17.29,11.2,24.3,9.4,26.9,14,19
TEST-03241,Piassa,2025-11-08 20:00:00,30.44,22.5,39.7,20.1,43.0,24,31
TEST-03242,Piassa,2025-11-12 03:00:00,4.61,1.3,8.5,0.3,9.9,4,7
TEST-03243,Bole,2025-11-11 01:00:00,11.17,6.2,16.9,4.7,19.0,9,13
TEST-03244,Kolfe,2025-11-01 16:00:00,45.03,35.4,56.2,32.5,60.2,35,44
TEST-03245,Kolfe,2025-11-06 23:00:00,11.34,6.4,17.1,4.9,19.2,9,14
TEST-03246,Bole,2025-11-08 07:00:00,37.36,28.6,47.6,26.0,51.2,29,37
TEST-03247,Sarbet,2025-11-08 07:00:00,14.96,9.3,21.5,7.6,23.9,12,17
TEST-03248,Lideta,2025-11-03 03:00:00,6.11,2.3,10.5,1.2,12.1,5,9
TEST-03249,Gerji,2025-11-01 00:00:00,7.44,3.3,12.2,2.1,13.9,6,10
TEST-03250,Lideta,2025-11-04 21:00:00,17.2,11.2,24.2,9.4,26.8,14,19
TEST-03251,Megenagna,2025-11-04 04:00:00,11.07,6.1,16.8,4.7,18.8,9,13
TEST-03252,Arat Kilo,2025-11-06 23:00:00,6.1,2.3,10.5,1.2,12.1,5,9
TEST-03253,Piassa,2025-11-06 20:00:00,53.17,42.7,65.3,39.6,69.6,41,51
TEST-03254,CMC,2025-11-04 04:00:00,9.3,4.8,14.6,3.4,16.5,8,12
TEST-03255,Gerji,2025-11-09 18:00:00,47.5,37.6,59.0,34.7,63.1,37,46
TEST-03256,Megenagna,2025-11-10 22:00:00,12.99,7.7,19.1,6.1,21.4,10,15
TEST-03257,Sarbet,2025-11-14 07:00:00,55.64,45.0,68.0,41.8,72.5,43,53
TEST-03258,Piassa,2025-11-05 02:00:00,4.53,1.2,8.4,0.2,9.8,4,7
TEST-03259,Gerji,2025-11-06 11:00:00,23.58,16.6,31.8,14.5,34.7,19,25
TEST-03260,Gerji,2025-11-07 19:00:00,57.71,46.9,70.3,43.6,74.9,45,55
TEST-03261,Bole,2025-11-11 22:00:00,32.35,24.2,41.9,21.7,45.3,25,33
TEST-03262,Lideta,2025-11-11 05:00:00,16.75,10.8,23.7,9.0,26.2,13,19
TEST-03263,Megenagna,2025-11-09 18:00:00,55.1,44.5,67.4,41.3,71.9,43,52
TEST-03264,Kolfe,2025-11-05 13:00:00,21.83,15.1,29.7,13.0,32.5,17,23
TEST-03265,Piassa,2025-11-14 22:00:00,17.22,11.2,24.2,9.4,26.8,14,19
TEST-03266,Sarbet,2025-11-13 13:00:00,23.34,16.4,31.5,14.3,34.4,18,25
TEST-03267,Megenagna,2025-11-10 15:00:00,34.68,26.2,44.5,23.7,48.1,27,35
TEST-03268,Gerji,2025-11-14 20:00:00,52.76,42.4,64.8,39.3,69.2,41,50
TEST-03269,Sarbet,2025-11-12 13:00:00,21.72,15.0,29.6,12.9,32.4,17,23
TEST-03270,CMC,2025-11-09 22:00:00,22.25,15.4,30.2,13.4,33.0,18,24
TEST-03271,Megenagna,2025-11-11 07:00:00,89.05,75.6,104.7,71.6,110.3,69,81
TEST-03272,CMC,2025-11-12 05:00:00,22.15,15.3,30.1,13.3,32.9,18,24
TEST-03273,Bole,2025-11-04 11:00:00,35.22,26.7,45.1,24.1,48.7,28,35
TEST-03274,Bole,2025-11-06 12:00:00,39.84,30.8,50.4,28.1,54.1,31,39
TEST-03275,Bole,2025-11-09 16:00:00,47.9,38.0,59.4,35.0,63.6,37,46
TEST-03276,Arat Kilo,2025-11-01 04:00:00,4.04,0.9,7.7,0.0,9.1,4,6
TEST-03277,Kolfe,2025-11-08 15:00:00,38.77,29.8,49.2,27.2,52.9,30,38
TEST-03278,Arat Kilo,2025-11-07 21:00:00,26.58,19.1,35.2,16.9,38.3,21,28
TEST-03279,Arat Kilo,2025-11-04 15:00:00,31.46,23.4,40.8,21.0,44.2,25,32
TEST-03280,Kolfe,2025-11-03 05:00:00,20.5,13.9,28.1,12.0,30.9,16,22
TEST-03281,CMC,2025-11-05 08:00:00,55.55,44.9,67.9,41.7,72.4,43,53
TEST-03282,Lideta,2025-11-02 13:00:00,51.05,40.8,62.9,37.8,67.2,40,49
TEST-03283,Bole,2025-11-08 00:00:00,93.92,80.1,110.0,76.0,115.7,73,85
TEST-03284,Bole,2025-11-07 10:00:00,37.95,29.1,48.2,26.5,51.9,30,38
TEST-03285,Kolfe,2025-11-14 08:00:00,48.9,38.9,60.5,35.9,64.7,38,47
TEST-03286,Bole,2025-11-08 23:00:00,121.58,105.9,139.8,101.2,146.4,94,108
TEST-03287,CMC,2025-11-12 21:00:00,36.08,27.5,46.1,24.9,49.7,28,36
TEST-03288,Arat Kilo,2025-11-06 16:00:00,40.59,31.5,51.2,28.7,55.0,32,40
TEST-03289,Sarbet,2025-11-10 21:00:00,31.26,23.2,40.6,20.8,44.0,25,32
TEST-03290,CMC,2025-11-05 00:00:00,6.61,2.7,11.2,1.5,12.8,6,9
TEST-03291,Lideta,2025-11-04 09:00:00,49.54,39.5,61.2,36.5,65.4,39,48
TEST-03292,Ayat,2025-11-09 19:00:00,34.35,25.9,44.1,23.4,47.7,27,34
TEST-03293,Megenagna,2025-11-10 19:00:00,58.76,47.8,71.5,44.5,76.1,46,55
TEST-03294,Kolfe,2025-11-13 03:00:00,5.04,1.6,9.1,0.5,10.5,4,7
TEST-03295,CMC,2025-11-03 14:00:00,21.71,15.0,29.6,12.9,32.4,17,23
TEST-03296,Piassa,2025-11-04 16:00:00,62.52,51.2,75.6,47.9,80.4,49,59
TEST-03297,Gerji,2025-11-08 13:00:00,42.19,32.9,53.0,30.1,56.9,33,41
TEST-03298,Ayat,2025-11-11 18:00:00,37.2,28.4,47.4,25.8,51.0,29,37
TEST-03299,Sarbet,2025-11-10 02:00:00,4.23,1.0,8.0,0.0,9.3,4,7
TEST-03300,Arat Kilo,2025-11-06 09:00:00,38.66,29.7,49.0,27.1,52.8,30,38
TEST-03301,Kazanchis,2025-11-14 10:00:00,27.91,20.3,36.8,18.0,39.9,22,29
TEST-03302,Gerji,2025-11-06 17:00:00,36.55,27.9,46.6,25.3,50.3,29,36
TEST-03303,CMC,2025-11-11 11:00:00,24.98,17.8,33.4,15.6,36.4,20,26
TEST-03304,Merkato,2025-11-06 01:00:00,4.36,1.1,8.2,0.1,9.5,4,7
TEST-03305,Kolfe,2025-11-06 05:00:00,18.85,12.5,26.2,10.7,28.8,15,21
TEST-03306,Kazanchis,2025-11-05 02:00:00,6.01,2.3,10.4,1.1,11.9,5,8
TEST-03307,Kazanchis,2025-11-12 14:00:00,50.96,40.8,62.8,37.7,67.1,40,49
TEST-03308,Gerji,2025-11-14 13:00:00,23.69,16.7,31.9,14.5,34.8,19,25
TEST-03309,CMC,2025-11-12 17:00:00,39.68,30.6,50.2,27.9,53.9,31,39
TEST-03310,Kolfe,2025-11-01 11:00:00,46.74,37.0,58.1,34.0,62.2,36,45
TEST-03311,Merkato,2025-11-04 08:00:00,79.72,67.0,94.5,63.2,99.8,62,73
TEST-03312,Piassa,2025-11-11 02:00:00,4.27,1.0,8.0,0.0,9.4,4,7
TEST-03313,Megenagna,2025-11-13 00:00:00,9.26,4.7,14.5,3.4,16.4,8,12
TEST-03314,Merkato,2025-11-11 06:00:00,45.95,36.2,57.2,33.3,61.3,36,44
TEST-03315,Piassa,2025-11-08 15:00:00,23.38,16.4,31.5,14.3,34.4,18,25
TEST-03316,Megenagna,2025-11-10 16:00:00,45.99,36.3,57.3,33.4,61.3,36,45
TEST-03317,CMC,2025-11-12 01:00:00,4.3,1.0,8.1,0.1,9.5,4,7
TEST-03318,Kazanchis,2025-11-06 09:00:00,62.2,50.9,75.3,47.6,80.0,48,58
TEST-03319,Merkato,2025-11-12 19:00:00,21.79,15.0,29.6,13.0,32.5,17,23
TEST-03320,Lideta,2025-11-14 12:00:00,36.91,28.2,47.1,25.6,50.7,29,37
TEST-03321,Sarbet,2025-11-11 11:00:00,20.79,14.2,28.5,12.2,31.2,16,22
TEST-03322,Bole,2025-11-05 10:00:00,33.37,25.1,43.0,22.6,46.5,26,34
TEST-03323,Megenagna,2025-11-13 10:00:00,52.59,42.2,64.6,39.1,69.0,41,50
TEST-03324,Lideta,2025-11-04 17:00:00,60.74,49.6,73.7,46.3,78.3,47,57
TEST-03325,Piassa,2025-11-01 12:00:00,27.98,20.4,36.9,18.1,40.0,22,29
TEST-03326,Lideta,2025-11-08 07:00:00,18.47,12.2,25.7,10.4,28.3,15,20
TEST-03327,CMC,2025-11-10 09:00:00,31.63,23.5,41.0,21.1,44.4,25,32
TEST-03328,Megenagna,2025-11-07 15:00:00,48.13,38.2,59.7,35.2,63.8,38,46
TEST-03329,Bole,2025-11-03 09:00:00,42.71,33.3,53.6,30.5,57.5,33,42
TEST-03330,Lideta,2025-11-14 05:00:00,16.15,10.3,23.0,8.5,25.4,13,18
TEST-03331,Gerji,2025-11-05 19:00:00,50.0,39.9,61.8,36.9,66.0,39,48
TEST-03332,Gerji,2025-11-11 22:00:00,21.23,14.5,29.0,12.6,31.8,17,23
TEST-03333,Ayat,2025-11-11 13:00:00,19.61,13.2,27.1,11.3,29.8,16,21
TEST-03334,Bole,2025-11-02 03:00:00,23.98,16.9,32.2,14.8,35.2,19,25
TEST-03335,Ayat,2025-11-07 11:00:00,17.91,11.7,25.1,9.9,27.6,14,20
TEST-03336,Kazanchis,2025-11-14 18:00:00,120.35,104.7,138.5,100.1,145.0,93,107
TEST-03337,Ayat,2025-11-09 23:00:00,9.79,5.1,15.2,3.7,17.1,8,12
TEST-03338,Sarbet,2025-11-03 16:00:00,22.13,15.3,30.1,13.3,32.9,18,24
TEST-03339,Merkato,2025-11-04 17:00:00,53.93,43.4,66.1,40.3,70.5,42,51
TEST-03340,Arat Kilo,2025-11-01 11:00:00,19.61,13.2,27.1,11.3,29.8,16,21
TEST-03341,Kolfe,2025-11-04 23:00:00,11.69,6.6,17.6,5.1,19.7,9,14
TEST-03342,Merkato,2025-11-06 04:00:00,8.45,4.1,13.5,2.8,15.3,7,11
TEST-03343,Ayat,2025-11-09 13:00:00,34.37,25.9,44.2,23.4,47.7,27,34
TEST-03344,Ayat,2025-11-14 02:00:00,3.65,0.6,7.2,0.0,8.5,3,6
TEST-03345,Sarbet,2025-11-03 19:00:00,45.07,35.5,56.3,32.6,60.3,35,44
TEST-03346,Piassa,2025-11-13 21:00:00,32.6,24.4,42.1,21.9,45.6,26,33
TEST-03347,Ayat,2025-11-05 19:00:00,34.22,25.8,44.0,23.3,47.5,27,34
TEST-03348,Kolfe,2025-11-10 20:00:00,41.93,32.6,52.7,29.9,56.6,33,41
TEST-03349,Bole,2025-11-14 18:00:00,51.85,41.6,63.8,38.5,68.1,40,50
TEST-03350,Gerji,2025-11-09 15:00:00,44.32,34.8,55.4,31.9,59.4,35,43
TEST-03351,Kolfe,2025-11-09 12:00:00,45.43,35.8,56.7,32.9,60.7,35,44
TEST-03352,CMC,2025-11-04 06:00:00,48.78,38.8,60.4,35.8,64.6,38,47
TEST-03353,Arat Kilo,2025-11-14 15:00:00,30.06,22.2,39.2,19.8,42.5,24,31
TEST-03354,Arat Kilo,2025-11-13 03:00:00,3.65,0.6,7.2,0.0,8.5,3,6
TEST-03355,Merkato,2025-11-07 11:00:00,101.23,86.9,117.9,82.6,123.9,78,91
TEST-03356,CMC,2025-11-09 20:00:00,46.11,36.4,57.4,33.5,61.5,36,45
TEST-03357,CMC,2025-11-01 19:00:00,56.17,45.5,68.6,42.3,73.1,44,53
TEST-03358,Piassa,2025-11-08 22:00:00,15.29,9.6,21.9,7.9,24.3,12,17
TEST-03359,Megenagna,2025-11-12 14:00:00,51.51,41.2,63.4,38.2,67.7,40,49
TEST-03360,Lideta,2025-11-08 23:00:00,13.28,7.9,19.5,6.3,21.7,11,15
TEST-03361,Kazanchis,2025-11-06 20:00:00,58.79,47.8,71.5,44.6,76.1,46,55
TEST-03362,Merkato,2025-11-05 17:00:00,54.78,44.2,67.1,41.0,71.5,43,52
TEST-03363,Lideta,2025-11-06 11:00:00,38.09,29.2,48.4,26.6,52.1,30,38
TEST-03364,Kolfe,2025-11-13 12:00:00,23.33,16.3,31.5,14.3,34.4,18,25
TEST-03365,CMC,2025-11-09 05:00:00,8.58,4.2,13.7,2.9,15.5,7,11
TEST-03366,Ayat,2025-11-02 15:00:00,34.21,25.8,44.0,23.3,47.5,27,34
TEST-03367,CMC,2025-11-07 08:00:00,57.64,46.8,70.3,43.5,74.8,45,55
TEST-03368,Arat Kilo,2025-11-09 00:00:00,4.87,1.4,8.9,0.4,10.3,4,7
TEST-03369,Ayat,2025-11-08 05:00:00,4.78,1.4,8.7,0.4,10.2,4,7
TEST-03370,Gerji,2025-11-12 12:00:00,25.09,17.9,33.5,15.7,36.5,20,26
TEST-03371,Kolfe,2025-11-13 21:00:00,31.68,23.6,41.1,21.2,44.5,25,32
TEST-03372,Sarbet,2025-11-05 22:00:00,18.72,12.4,26.0,10.5,28.7,15,20
TEST-03373,Sarbet,2025-11-07 05:00:00,18.98,12.6,26.3,10.8,29.0,15,21
TEST-03374,Gerji,2025-11-02 03:00:00,5.79,2.1,10.1,1.0,11.6,5,8
TEST-03375,Megenagna,2025-11-04 17:00:00,88.31,74.9,103.9,70.9,109.5,68,80
TEST-03376,Merkato,2025-11-06 13:00:00,106.19,91.5,123.2,87.1,129.4,82,95
TEST-03377,Kazanchis,2025-11-08 03:00:00,5.72,2.1,10.0,1.0,11.5,5,8
TEST-03378,Arat Kilo,2025-11-04 10:00:00,18.37,12.1,25.6,10.3,28.2,15,20
TEST-03379,Kolfe,2025-11-09 21:00:00,28.23,20.6,37.1,18.3,40.3,22,29
TEST-03380,Ayat,2025-11-05 15:00:00,14.67,9.1,21.2,7.4,23.5,12,17
TEST-03381,Megenagna,2025-11-06 18:00:00,95.76,81.8,112.0,77.7,117.8,74,87
TEST-03382,Gerji,2025-11-13 03:00:00,4.93,1.5,8.9,0.4,10.4,4,7
TEST-03383,Gerji,2025-11-02 18:00:00,50.74,40.6,62.6,37.5,66.8,40,49
TEST-03384,Ayat,2025-11-10 04:00:00,5.63,2.0,9.9,0.9,11.4,5,8
TEST-03385,Lideta,2025-11-05 14:00:00,34.79,26.3,44.6,23.8,48.2,27,35
TEST-03386,Kazanchis,2025-11-10 21:00:00,52.98,42.6,65.1,39.5,69.4,41,51
TEST-03387,Ayat,2025-11-14 07:00:00,47.42,37.6,58.9,34.6,63.0,37,46
TEST-03388,Megenagna,2025-11-03 06:00:00,49.56,39.5,61.3,36.5,65.5,39,48
TEST-03389,Merkato,2025-11-10 17:00:00,54.08,43.6,66.3,40.4,70.7,42,51
TEST-03390,Ayat,2025-11-04 11:00:00,17.86,11.7,25.0,9.9,27.6,14,20
TEST-03391,Lideta,2025-11-03 01:00:00,6.28,2.5,10.7,1.3,12.3,5,9
TEST-03392,Merkato,2025-11-01 01:00:00,5.2,1.7,9.3,0.6,10.8,4,8
TEST-03393,Kolfe,2025-11-13 05:00:00,18.69,12.4,26.0,10.5,28.6,15,20
TEST-03394,Piassa,2025-11-12 14:00:00,44.36,34.8,55.4,32.0,59.4,35,43
TEST-03395,Kazanchis,2025-11-04 00:00:00,5.94,2.2,10.3,1.1,11.8,5,8
TEST-03396,Gerji,2025-11-03 20:00:00,43.64,34.2,54.7,31.3,58.6,34,43
TEST-03397,Arat Kilo,2025-11-11 08:00:00,60.58,49.5,73.5,46.1,78.1,47,57
TEST-03398,Kazanchis,2025-11-02 23:00:00,12.76,7.5,18.9,5.9,21.1,10,15
TEST-03399,Merkato,2025-11-05 09:00:00,76.27,63.8,90.8,60.1,95.9,59,70
TEST-03400,CMC,2025-11-05 04:00:00,8.81,4.4,14.0,3.0,15.8,7,11
TEST-03401,Lideta,2025-11-08 17:00:00,44.79,35.2,55.9,32.3,59.9,35,43
TEST-03402,Merkato,2025-11-07 04:00:00,8.37,4.0,13.4,2.7,15.2,7,11
TEST-03403,Kazanchis,2025-11-02 00:00:00,7.62,3.5,12.5,2.2,14.2,6,10
TEST-03404,Sarbet,2025-11-06 03:00:00,4.59,1.2,8.5,0.2,9.9,4,7
TEST-03405,Arat Kilo,2025-11-03 02:00:00,4.01,0.8,7.7,0.0,9.0,4,6
TEST-03406,Bole,2025-11-03 05:00:00,59.36,48.4,72.2,45.1,76.7,46,56
TEST-03407,Megenagna,2025-11-06 16:00:00,62.32,51.0,75.4,47.7,80.1,48,58
TEST-03408,Kazanchis,2025-11-06 01:00:00,5.79,2.1,10.1,1.0,11.6,5,8
TEST-03409,Megenagna,2025-11-05 19:00:00,83.28,70.3,98.4,66.4,103.8,65,76
TEST-03410,Merkato,2025-11-01 15:00:00,131.16,114.9,150.1,110.0,156.9,101,116
TEST-03411,Piassa,2025-11-13 05:00:00,7.29,3.2,12.0,2.0,13.7,6,10
TEST-03412,Kazanchis,2025-11-01 02:00:00,5.55,1.9,9.8,0.8,11.3,5,8
TEST-03413,Kazanchis,2025-11-11 01:00:00,5.98,2.2,10.3,1.1,11.9,5,8
TEST-03414,Lideta,2025-11-13 20:00:00,36.66,28.0,46.8,25.4,50.4,29,36
TEST-03415,Gerji,2025-11-14 00:00:00,7.01,3.0,11.7,1.8,13.3,6,9
TEST-03416,Merkato,2025-11-12 04:00:00,8.47,4.1,13.5,2.8,15.4,7,11
TEST-03417,Gerji,2025-11-04 10:00:00,19.07,12.7,26.4,10.8,29.1,15,21
TEST-03418,Kazanchis,2025-11-05 18:00:00,109.22,94.4,126.5,89.9,132.7,85,98
TEST-03419,Ayat,2025-11-09 08:00:00,18.55,12.3,25.8,10.4,28.4,15,20
TEST-03420,Kazanchis,2025-11-12 13:00:00,54.0,43.5,66.2,40.4,70.6,42,51
TEST-03421,Arat Kilo,2025-11-12 20:00:00,37.76,28.9,48.0,26.3,51.7,30,37
TEST-03422,Merkato,2025-11-06 22:00:00,5.13,1.6,9.2,0.6,10.7,4,8
TEST-03423,Bole,2025-11-03 21:00:00,46.28,36.5,57.6,33.6,61.7,36,45
TEST-03424,Kazanchis,2025-11-02 21:00:00,28.76,21.0,37.7,18.7,41.0,23,29
TEST-03425,Ayat,2025-11-10 20:00:00,33.33,25.0,43.0,22.6,46.4,26,34
TEST-03426,Merkato,2025-11-08 10:00:00,112.49,97.4,130.0,92.9,136.3,87,100
TEST-03427,Piassa,2025-11-12 00:00:00,5.7,2.0,10.0,0.9,11.5,5,8
TEST-03428,Sarbet,2025-11-11 21:00:00,29.97,22.1,39.1,19.7,42.4,24,31
TEST-03429,Piassa,2025-11-07 16:00:00,61.01,49.9,74.0,46.5,78.6,47,57
TEST-03430,Sarbet,2025-11-14 01:00:00,4.37,1.1,8.2,0.1,9.6,4,7
TEST-03431,Lideta,2025-11-01 22:00:00,16.89,10.9,23.9,9.1,26.4,13,19
TEST-03432,Ayat,2025-11-04 18:00:00,35.55,27.0,45.5,24.4,49.1,28,35
TEST-03433,Merkato,2025-11-13 07:00:00,76.89,64.4,91.4,60.7,96.6,60,71
TEST-03434,CMC,2025-11-14 15:00:00,20.54,14.0,28.2,12.0,30.9,16,22
TEST-03435,Bole,2025-11-13 14:00:00,53.82,43.3,66.0,40.2,70.4,42,51
TEST-03436,Gerji,2025-11-07 11:00:00,23.11,16.2,31.2,14.1,34.1,18,24
TEST-03437,Sarbet,2025-11-14 23:00:00,10.44,5.7,16.0,4.2,18.0,9,13
TEST-03438,Bole,2025-11-14 19:00:00,59.55,48.5,72.4,45.2,77.0,46,56
TEST-03439,Kolfe,2025-11-05 05:00:00,20.58,14.0,28.2,12.0,31.0,16,22
TEST-03440,Ayat,2025-11-06 08:00:00,35.04,26.5,44.9,24.0,48.5,27,35
TEST-03441,Bole,2025-11-07 14:00:00,40.59,31.5,51.2,28.7,55.0,32,40
TEST-03442,Kazanchis,2025-11-05 19:00:00,84.05,71.0,99.2,67.1,104.7,65,77
TEST-03443,Megenagna,2025-11-07 23:00:00,9.2,4.7,14.5,3.3,16.4,8,12
TEST-03444,Gerji,2025-11-02 17:00:00,68.49,56.7,82.2,53.2,87.2,53,64
TEST-03445,Ayat,2025-11-02 04:00:00,4.59,1.2,8.5,0.2,9.9,4,7
TEST-03446,Sarbet,2025-11-13 06:00:00,43.54,34.1,54.5,31.3,58.5,34,42
TEST-03447,Kolfe,2025-11-07 09:00:00,26.63,19.2,35.3,17.0,38.4,21,28
TEST-03448,Bole,2025-11-05 02:00:00,11.5,6.5,17.3,5.0,19.4,9,14
TEST-03449,Kolfe,2025-11-11 20:00:00,43.19,33.8,54.1,31.0,58.1,34,42
TEST-03450,Kolfe,2025-11-06 18:00:00,44.73,35.2,55.9,32.3,59.9,35,43
TEST-03451,Sarbet,2025-11-11 13:00:00,20.72,14.1,28.4,12.1,31.1,16,22
TEST-03452,Arat Kilo,2025-11-12 15:00:00,31.92,23.8,41.4,21.4,44.8,25,32
TEST-03453,Arat Kilo,2025-11-13 23:00:00,5.85,2.1,10.2,1.0,11.7,5,8
TEST-03454,CMC,2025-11-06 21:00:00,34.2,25.8,44.0,23.3,47.5,27,34
TEST-03455,CMC,2025-11-06 14:00:00,25.32,18.1,33.8,15.9,36.8,20,26
TEST-03456,Kolfe,2025-11-06 13:00:00,21.53,14.8,29.3,12.8,32.1,17,23
TEST-03457,Arat Kilo,2025-11-12 11:00:00,17.43,11.4,24.5,9.5,27.0,14,19
TEST-03458,Sarbet,2025-11-04 18:00:00,43.2,33.8,54.2,31.0,58.1,34,42
TEST-03459,Lideta,2025-11-14 04:00:00,8.01,3.8,13.0,2.5,14.7,7,10
TEST-03460,Gerji,2025-11-03 21:00:00,34.05,25.7,43.8,23.2,47.3,27,34
TEST-03461,Piassa,2025-11-10 08:00:00,76.91,64.4,91.4,60.7,96.7,60,71
TEST-03462,Kolfe,2025-11-04 19:00:00,45.79,36.1,57.1,33.2,61.1,36,44
TEST-03463,Kolfe,2025-11-07 08:00:00,49.59,39.5,61.3,36.5,65.5,39,48
TEST-03464,Kazanchis,2025-11-07 15:00:00,45.33,35.7,56.5,32.8,60.6,35,44
TEST-03465,CMC,2025-11-01 08:00:00,28.74,21.0,37.7,18.7,40.9,23,29
TEST-03466,Arat Kilo,2025-11-04 23:00:00,6.46,2.6,11.0,1.4,12.6,5,9
TEST-03467,Bole,2025-11-11 11:00:00,35.15,26.6,45.1,24.1,48.6,28,35
TEST-03468,Sarbet,2025-11-04 00:00:00,5.53,1.9,9.7,0.8,11.2,5,8
TEST-03469,Bole,2025-11-05 19:00:00,57.57,46.7,70.2,43.5,74.7,45,54
TEST-03470,CMC,2025-11-01 20:00:00,49.72,39.6,61.4,36.6,65.7,39,48
TEST-03471,Arat Kilo,2025-11-14 23:00:00,5.75,2.1,10.0,1.0,11.6,5,8
TEST-03472,Piassa,2025-11-13 15:00:00,62.01,50.8,75.1,47.4,79.8,48,58
TEST-03473,Bole,2025-11-01 15:00:00,51.64,41.4,63.6,38.3,67.9,40,49
TEST-03474,Piassa,2025-11-11 10:00:00,28.69,21.0,37.7,18.7,40.9,23,29
TEST-03475,Lideta,2025-11-11 13:00:00,41.08,31.9,51.8,29.1,55.6,32,40
TEST-03476,Lideta,2025-11-11 09:00:00,49.83,39.7,61.6,36.7,65.8,39,48
TEST-03477,Lideta,2025-11-03 09:00:00,47.75,37.9,59.2,34.9,63.4,37,46
TEST-03478,Kazanchis,2025-11-05 01:00:00,5.33,1.8,9.5,0.7,11.0,5,8
TEST-03479,Merkato,2025-11-01 11:00:00,127.91,111.8,146.6,107.0,153.3,99,113
TEST-03480,Lideta,2025-11-11 19:00:00,57.53,46.7,70.1,43.4,74.6,45,54
TEST-03481,Lideta,2025-11-10 07:00:00,61.0,49.8,74.0,46.5,78.6,47,57
TEST-03482,Gerji,2025-11-13 18:00:00,64.92,53.4,78.3,50.0,83.1,50,61
TEST-03483,Megenagna,2025-11-10 23:00:00,9.41,4.8,14.7,3.5,16.6,8,12
TEST-03484,Gerji,2025-11-06 12:00:00,22.89,16.0,30.9,13.9,33.8,18,24
TEST-03485,Kazanchis,2025-11-12 17:00:00,109.93,95.0,127.3,90.6,133.5,85,98
TEST-03486,Kolfe,2025-11-04 06:00:00,42.76,33.4,53.7,30.6,57.6,33,42
TEST-03487,Kazanchis,2025-11-08 02:00:00,5.54,1.9,9.8,0.8,11.3,5,8
TEST-03488,Lideta,2025-11-14 18:00:00,78.94,66.3,93.7,62.5,99.0,61,73
TEST-03489,Bole,2025-11-06 21:00:00,46.7,36.9,58.1,34.0,62.2,36,45
TEST-03490,Merkato,2025-11-02 06:00:00,26.19,18.8,34.8,16.6,37.9,21,27
TEST-03491,Gerji,2025-11-10 07:00:00,60.18,49.1,73.1,45.8,77.7,47,57
TEST-03492,Kolfe,2025-11-01 06:00:00,10.77,5.9,16.4,4.5,18.4,9,13
TEST-03493,Bole,2025-11-03 16:00:00,31.36,23.3,40.7,20.9,44.1,25,32
TEST-03494,Ayat,2025-11-08 18:00:00,32.73,24.5,42.3,22.0,45.7,26,33
TEST-03495,Bole,2025-11-08 11:00:00,33.69,25.3,43.4,22.9,46.9,26,34
TEST-03496,Megenagna,2025-11-12 13:00:00,52.1,41.8,64.1,38.7,68.4,41,50
TEST-03497,Kolfe,2025-11-12 22:00:00,21.09,14.4,28.8,12.4,31.6,17,23
TEST-03498,Megenagna,2025-11-06 13:00:00,53.36,42.9,65.5,39.8,69.9,42,51
TEST-03499,Arat Kilo,2025-11-10 19:00:00,54.33,43.8,66.6,40.6,71.0,42,52
TEST-03500,Kolfe,2025-11-09 04:00:00,5.86,2.1,10.2,1.0,11.7,5,8
TEST-03501,Megenagna,2025-11-07 22:00:00,14.93,9.3,21.5,7.6,23.9,12,17
TEST-03502,Kazanchis,2025-11-02 16:00:00,31.25,23.2,40.6,20.8,44.0,25,32
TEST-03503,Gerji,2025-11-06 15:00:00,19.38,13.0,26.8,11.1,29.5,15,21
TEST-03504,Gerji,2025-11-13 16:00:00,34.7,26.2,44.5,23.7,48.1,27,35
TEST-03505,Ayat,2025-11-08 11:00:00,31.67,23.6,41.1,21.2,44.5,25,32
TEST-03506,Ayat,2025-11-05 03:00:00,3.74,0.7,7.3,0.0,8.6,3,6
TEST-03507,Kolfe,2025-11-12 14:00:00,19.38,13.0,26.8,11.1,29.5,15,21
TEST-03508,Megenagna,2025-11-02 19:00:00,47.72,37.8,59.2,34.9,63.3,37,46
TEST-03509,Piassa,2025-11-05 17:00:00,87.79,74.4,103.3,70.5,108.9,68,80
TEST-03510,Kolfe,2025-11-04 07:00:00,59.27,48.3,72.1,45.0,76.6,46,56
TEST-03511,Kazanchis,2025-11-10 06:00:00,25.96,18.6,34.5,16.4,37.6,20,27
TEST-03512,Megenagna,2025-11-09 02:00:00,10.65,5.8,16.3,4.4,18.3,9,13
TEST-03513,Lideta,2025-11-03 15:00:00,36.79,28.1,46.9,25.5,50.6,29,37
TEST-03514,Sarbet,2025-11-11 04:00:00,7.35,3.3,12.1,2.0,13.8,6,10
TEST-03515,Gerji,2025-11-01 04:00:00,7.21,3.1,11.9,1.9,13.6,6,10
TEST-03516,Bole,2025-11-13 01:00:00,14.18,8.7,20.6,7.0,22.9,11,16
TEST-03517,Bole,2025-11-09 00:00:00,106.71,92.0,123.8,87.6,129.9,83,96
TEST-03518,Piassa,2025-11-09 16:00:00,26.42,19.0,35.0,16.8,38.1,21,27
TEST-03519,Ayat,2025-11-03 00:00:00,4.87,1.4,8.9,0.4,10.3,4,7
TEST-03520,Megenagna,2025-11-10 20:00:00,35.48,26.9,45.4,24.4,49.0,28,35
TEST-03521,CMC,2025-11-10 18:00:00,49.78,39.7,61.5,36.7,65.7,39,48
TEST-03522,Arat Kilo,2025-11-03 14:00:00,32.98,24.7,42.6,22.3,46.0,26,33
TEST-03523,Sarbet,2025-11-12 04:00:00,7.04,3.0,11.7,1.8,13.4,6,9
TEST-03524,Arat Kilo,2025-11-08 19:00:00,27.07,19.6,35.8,17.3,38.9,21,28
TEST-03525,Bole,2025-11-01 07:00:00,38.28,29.4,48.6,26.7,52.3,30,38
TEST-03526,Arat Kilo,2025-11-02 12:00:00,21.5,14.8,29.3,12.8,32.1,17,23
TEST-03527,Kolfe,2025-11-11 05:00:00,18.69,12.4,26.0,10.5,28.6,15,20
TEST-03528,Piassa,2025-11-01 03:00:00,5.56,1.9,9.8,0.8,11.3,5,8
TEST-03529,Megenagna,2025-11-01 14:00:00,62.26,51.0,75.4,47.6,80.1,48,58
TEST-03530,Megenagna,2025-11-14 16:00:00,61.41,50.2,74.4,46.9,79.1,48,58
TEST-03531,Kolfe,2025-11-04 10:00:00,19.9,13.4,27.4,11.5,30.1,16,22
TEST-03532,Piassa,2025-11-08 13:00:00,25.37,18.1,33.8,15.9,36.9,20,26
TEST-03533,Piassa,2025-11-03 18:00:00,87.81,74.5,103.3,70.5,108.9,68,80
TEST-03534,Merkato,2025-11-03 13:00:00,110.06,95.1,127.4,90.7,133.6,85,98
TEST-03535,Megenagna,2025-11-12 12:00:00,57.71,46.9,70.3,43.6,74.9,45,55
TEST-03536,Megenagna,2025-11-14 18:00:00,112.17,97.1,129.7,92.6,136.0,87,100
TEST-03537,Bole,2025-11-06 23:00:00,22.57,15.7,30.6,13.6,33.4,18,24
TEST-03538,Gerji,2025-11-09 23:00:00,12.15,7.0,18.1,5.5,20.3,10,14
TEST-03539,Kolfe,2025-11-08 10:00:00,42.62,33.3,53.5,30.5,57.4,33,42
TEST-03540,Piassa,2025-11-10 07:00:00,58.33,47.4,71.0,44.2,75.6,45,55
TEST-03541,Ayat,2025-11-09 18:00:00,35.38,26.8,45.3,24.3,48.9,28,35
TEST-03542,Lideta,2025-11-03 07:00:00,61.42,50.2,74.4,46.9,79.1,48,58
TEST-03543,CMC,2025-11-01 07:00:00,18.19,12.0,25.4,10.1,28.0,14,20
TEST-03544,Gerji,2025-11-07 03:00:00,5.05,1.6,9.1,0.5,10.6,4,7
TEST-03545,Kolfe,2025-11-03 15:00:00,19.04,12.7,26.4,10.8,29.1,15,21
TEST-03546,Bole,2025-11-03 11:00:00,35.56,27.0,45.5,24.4,49.1,28,35
TEST-03547,Ayat,2025-11-02 13:00:00,38.13,29.3,48.4,26.6,52.1,30,38
TEST-03548,Kolfe,2025-11-12 21:00:00,32.12,24.0,41.6,21.5,45.0,25,32
TEST-03549,Merkato,2025-11-09 14:00:00,46.12,36.4,57.4,33.5,61.5,36,45
TEST-03550,Bole,2025-11-01 11:00:00,35.22,26.7,45.1,24.1,48.7,28,35
TEST-03551,Lideta,2025-11-10 18:00:00,70.46,58.5,84.4,54.9,89.4,55,65
TEST-03552,Lideta,2025-11-05 13:00:00,42.02,32.7,52.8,30.0,56.7,33,41
TEST-03553,Lideta,2025-11-10 23:00:00,7.7,3.5,12.6,2.3,14.3,6,10
TEST-03554,CMC,2025-11-05 09:00:00,32.1,23.9,41.6,21.5,45.0,25,32
TEST-03555,Sarbet,2025-11-05 10:00:00,20.12,13.6,27.7,11.7,30.4,16,22
TEST-03556,Megenagna,2025-11-10 12:00:00,35.99,27.4,46.0,24.8,49.6,28,36
TEST-03557,Lideta,2025-11-12 16:00:00,51.32,41.1,63.2,38.0,67.5,40,49
TEST-03558,Kazanchis,2025-11-05 06:00:00,24.14,17.0,32.4,14.9,35.4,19,25
TEST-03559,Gerji,2025-11-10 20:00:00,44.67,35.1,55.8,32.2,59.8,35,43
TEST-03560,Ayat,2025-11-05 00:00:00,5.14,1.6,9.2,0.6,10.7,4,8
TEST-03561,Bole,2025-11-08 09:00:00,20.79,14.2,28.5,12.2,31.2,16,22
TEST-03562,Ayat,2025-11-10 12:00:00,17.25,11.2,24.3,9.4,26.8,14,19
TEST-03563,Kazanchis,2025-11-06 18:00:00,94.47,80.6,110.6,76.5,116.3,73,86
TEST-03564,Gerji,2025-11-10 22:00:00,20.95,14.3,28.7,12.3,31.4,17,23
TEST-03565,Arat Kilo,2025-11-02 04:00:00,4.15,0.9,7.9,0.0,9.2,4,7
TEST-03566,Megenagna,2025-11-04 21:00:00,23.26,16.3,31.4,14.2,34.3,18,25
TEST-03567,Kazanchis,2025-11-13 22:00:00,17.76,11.6,24.9,9.8,27.5,14,20
TEST-03568,Kazanchis,2025-11-11 21:00:00,34.52,26.1,44.3,23.6,47.9,27,35
TEST-03569,Gerji,2025-11-12 01:00:00,5.33,1.8,9.5,0.7,11.0,5,8
TEST-03570,Piassa,2025-11-12 04:00:00,5.09,1.6,9.2,0.5,10.6,4,8
TEST-03571,Piassa,2025-11-07 09:00:00,57.4,46.6,70.0,43.3,74.5,45,54
TEST-03572,Merkato,2025-11-04 20:00:00,12.14,7.0,18.1,5.5,20.3,10,14
TEST-03573,Kolfe,2025-11-14 03:00:00,4.72,1.3,8.7,0.3,10.1,4,7
TEST-03574,Megenagna,2025-11-04 09:00:00,65.68,54.1,79.1,50.7,84.0,51,61
TEST-03575,Kazanchis,2025-11-12 09:00:00,75.58,63.2,90.0,59.5,95.2,59,70
TEST-03576,Merkato,2025-11-04 03:00:00,5.9,2.2,10.2,1.1,11.8,5,8
TEST-03577,Sarbet,2025-11-04 08:00:00,45.1,35.5,56.3,32.6,60.3,35,44
TEST-03578,Kolfe,2025-11-03 19:00:00,46.55,36.8,57.9,33.9,62.0,36,45
TEST-03579,CMC,2025-11-09 23:00:00,12.67,7.4,18.8,5.9,20.9,10,15
TEST-03580,Kazanchis,2025-11-13 10:00:00,28.19,20.5,37.1,18.2,40.3,22,29
TEST-03581,Gerji,2025-11-14 16:00:00,25.88,18.5,34.4,16.3,37.5,20,27
TEST-03582,Megenagna,2025-11-14 20:00:00,54.59,44.0,66.9,40.9,71.3,42,52
TEST-03583,Gerji,2025-11-12 15:00:00,20.28,13.7,27.9,11.8,30.6,16,22
TEST-03584,Bole,2025-11-04 08:00:00,51.69,41.4,63.7,38.3,67.9,40,49
TEST-03585,Lideta,2025-11-08 01:00:00,8.72,4.3,13.9,3.0,15.7,7,11
TEST-03586,Gerji,2025-11-12 05:00:00,22.99,16.1,31.1,14.0,34.0,18,24
TEST-03587,Piassa,2025-11-06 16:00:00,60.58,49.5,73.5,46.1,78.1,47,57
TEST-03588,Arat Kilo,2025-11-06 03:00:00,3.73,0.6,7.3,0.0,8.6,3,6
TEST-03589,Megenagna,2025-11-03 23:00:00,9.59,5.0,14.9,3.6,16.9,8,12
TEST-03590,Bole,2025-11-10 12:00:00,39.36,30.4,49.8,27.7,53.6,31,39
TEST-03591,Gerji,2025-11-02 12:00:00,54.41,43.9,66.7,40.7,71.1,42,52
TEST-03592,Merkato,2025-11-12 05:00:00,18.01,11.8,25.2,10.0,27.8,14,20
TEST-03593,CMC,2025-11-02 08:00:00,30.63,22.7,39.9,20.3,43.2,24,31
TEST-03594,Kolfe,2025-11-06 22:00:00,21.52,14.8,29.3,12.8,32.1,17,23
TEST-03595,Merkato,2025-11-09 19:00:00,10.19,5.5,15.7,4.0,17.7,8,13
TEST-03596,Megenagna,2025-11-12 22:00:00,15.37,9.6,22.0,7.9,24.4,12,17
TEST-03597,Arat Kilo,2025-11-03 03:00:00,3.11,0.2,6.5,0.0,7.7,3,5
TEST-03598,Kazanchis,2025-11-14 02:00:00,5.31,1.7,9.4,0.7,10.9,5,8
TEST-03599,Kolfe,2025-11-01 07:00:00,17.8,11.7,24.9,9.8,27.5,14,20
TEST-03600,Bole,2025-11-11 13:00:00,45.57,35.9,56.8,33.0,60.8,36,44
TEST-03601,Arat Kilo,2025-11-03 01:00:00,3.31,0.4,6.7,0.0,7.9,3,6
TEST-03602,Megenagna,2025-11-03 02:00:00,9.65,5.0,15.0,3.6,17.0,8,12
TEST-03603,Ayat,2025-11-13 01:00:00,4.19,1.0,7.9,0.0,9.3,4,7
TEST-03604,Merkato,2025-11-04 19:00:00,22.35,15.5,30.3,13.5,33.2,18,24
TEST-03605,Megenagna,2025-11-08 10:00:00,57.24,46.4,69.8,43.2,74.3,45,54
TEST-03606,Merkato,2025-11-04 21:00:00,6.61,2.7,11.1,1.5,12.8,6,9
TEST-03607,Ayat,2025-11-01 12:00:00,35.64,27.1,45.6,24.5,49.2,28,36
TEST-03608,Arat Kilo,2025-11-08 03:00:00,3.42,0.4,6.9,0.0,8.1,3,6
TEST-03609,Kolfe,2025-11-04 18:00:00,48.02,38.1,59.6,35.1,63.7,37,46
TEST-03610,Piassa,2025-11-11 17:00:00,86.49,73.2,101.9,69.3,107.4,67,79
TEST-03611,Arat Kilo,2025-11-01 15:00:00,18.19,12.0,25.4,10.1,28.0,14,20
TEST-03612,Lideta,2025-11-06 13:00:00,39.62,30.6,50.1,27.9,53.9,31,39
TEST-03613,Sarbet,2025-11-06 17:00:00,33.36,25.1,43.0,22.6,46.5,26,34
TEST-03614,CMC,2025-11-10 17:00:00,42.85,33.5,53.8,30.7,57.7,33,42
TEST-03615,Kolfe,2025-11-05 16:00:00,25.89,18.5,34.4,16.3,37.5,20,27
TEST-03616,Kolfe,2025-11-06 14:00:00,20.98,14.3,28.7,12.4,31.5,17,23
TEST-03617,Ayat,2025-11-02 21:00:00,26.04,18.7,34.6,16.5,37.7,21,27
TEST-03618,Lideta,2025-11-12 00:00:00,5.91,2.2,10.2,1.1,11.8,5,8
TEST-03619,Arat Kilo,2025-11-11 12:00:00,28.98,21.2,38.0,18.9,41.2,23,30
TEST-03620,Bole,2025-11-02 00:00:00,113.77,98.6,131.4,94.1,137.8,88,102
TEST-03621,Arat Kilo,2025-11-08 17:00:00,21.03,14.4,28.8,12.4,31.5,17,23
TEST-03622,CMC,2025-11-12 00:00:00,6.6,2.7,11.1,1.5,12.8,6,9
TEST-03623,CMC,2025-11-11 10:00:00,23.12,16.2,31.2,14.1,34.1,18,24
TEST-03624,Ayat,2025-11-05 04:00:00,5.99,2.2,10.3,1.1,11.9,5,8
TEST-03625,Bole,2025-11-07 19:00:00,59.68,48.6,72.5,45.3,77.1,46,56
TEST-03626,Piassa,2025-11-13 10:00:00,25.66,18.3,34.2,16.2,37.2,20,27
TEST-03627,Ayat,2025-11-06 03:00:00,3.77,0.7,7.4,0.0,8.7,3,6
TEST-03628,Piassa,2025-11-02 04:00:00,5.15,1.6,9.2,0.6,10.7,4,8
TEST-03629,Kolfe,2025-11-03 06:00:00,41.8,32.5,52.6,29.8,56.4,33,41
TEST-03630,Piassa,2025-11-01 18:00:00,37.52,28.7,47.7,26.1,51.4,29,37
TEST-03631,Kazanchis,2025-11-14 09:00:00,61.85,50.6,74.9,47.3,79.6,48,58
TEST-03632,Lideta,2025-11-04 23:00:00,7.64,3.5,12.5,2.2,14.2,6,10
TEST-03633,Kolfe,2025-11-11 06:00:00,44.12,34.6,55.2,31.8,59.2,34,43
TEST-03634,Arat Kilo,2025-11-12 21:00:00,21.48,14.8,29.3,12.8,32.1,17,23
TEST-03635,Kazanchis,2025-11-03 00:00:00,5.94,2.2,10.3,1.1,11.8,5,8
TEST-03636,Sarbet,2025-11-09 01:00:00,5.16,1.6,9.3,0.6,10.7,4,8
TEST-03637,Megenagna,2025-11-07 00:00:00,9.86,5.2,15.3,3.8,17.2,8,12
TEST-03638,Arat Kilo,2025-11-04 21:00:00,23.22,16.3,31.3,14.2,34.2,18,25
TEST-03639,Piassa,2025-11-01 07:00:00,10.65,5.8,16.3,4.4,18.3,9,13
TEST-03640,Arat Kilo,2025-11-02 21:00:00,18.11,11.9,25.3,10.1,27.9,14,20
TEST-03641,Lideta,2025-11-12 20:00:00,34.48,26.0,44.3,23.5,47.8,27,35
TEST-03642,Piassa,2025-11-09 03:00:00,5.01,1.5,9.0,0.5,10.5,4,7
TEST-03643,Sarbet,2025-11-03 18:00:00,40.32,31.2,50.9,28.5,54.7,32,40
TEST-03644,Kolfe,2025-11-05 23:00:00,11.15,6.2,16.9,4.7,19.0,9,13
TEST-03645,Kazanchis,2025-11-07 23:00:00,8.05,3.8,13.0,2.5,14.8,7,10
TEST-03646,CMC,2025-11-04 23:00:00,11.48,6.5,17.3,5.0,19.4,9,14
TEST-03647,Bole,2025-11-14 02:00:00,11.91,6.8,17.8,5.3,20.0,10,14
TEST-03648,Bole,2025-11-10 20:00:00,54.82,44.2,67.1,41.1,71.5,43,52
TEST-03649,Arat Kilo,2025-11-02 18:00:00,26.87,19.4,35.6,17.2,38.7,21,28
TEST-03650,Ayat,2025-11-09 17:00:00,32.36,24.2,41.9,21.7,45.3,25,33
TEST-03651,Merkato,2025-11-11 10:00:00,86.9,73.6,102.3,69.6,107.9,67,79
TEST-03652,Bole,2025-11-04 23:00:00,21.09,14.4,28.8,12.4,31.6,17,23
TEST-03653,Sarbet,2025-11-10 01:00:00,3.09,0.2,6.4,0.0,7.6,3,5
TEST-03654,Piassa,2025-11-10 20:00:00,53.75,43.3,65.9,40.1,70.3,42,51
TEST-03655,Lideta,2025-11-10 10:00:00,36.46,27.8,46.5,25.2,50.2,29,36
TEST-03656,Ayat,2025-11-07 23:00:00,8.02,3.8,13.0,2.5,14.7,7,10
TEST-03657,Ayat,2025-11-12 13:00:00,18.69,12.4,26.0,10.5,28.6,15,20
TEST-03658,Ayat,2025-11-03 22:00:00,15.97,10.1,22.8,8.4,25.2,13,18
TEST-03659,Ayat,2025-11-08 15:00:00,33.37,25.1,43.0,22.6,46.5,26,34
TEST-03660,Megenagna,2025-11-01 12:00:00,62.68,51.4,75.8,48.0,80.5,49,59
TEST-03661,CMC,2025-11-11 22:00:00,21.46,14.7,29.3,12.7,32.1,17,23
TEST-03662,Kolfe,2025-11-08 09:00:00,32.77,24.5,42.3,22.1,45.8,26,33
TEST-03663,Piassa,2025-11-12 09:00:00,71.45,59.4,85.5,55.8,90.5,55,66
TEST-03664,Ayat,2025-11-01 14:00:00,32.65,24.4,42.2,22.0,45.6,26,33
TEST-03665,Lideta,2025-11-02 11:00:00,45.74,36.1,57.0,33.2,61.0,36,44
TEST-03666,Sarbet,2025-11-14 14:00:00,17.94,11.8,25.1,9.9,27.7,14,20
TEST-03667,Bole,2025-11-02 06:00:00,57.01,46.2,69.6,43.0,74.1,44,54
TEST-03668,Kazanchis,2025-11-12 05:00:00,9.49,4.9,14.8,3.5,16.7,8,12
TEST-03669,Arat Kilo,2025-11-05 01:00:00,3.96,0.8,7.6,0.0,8.9,4,6
TEST-03670,Kolfe,2025-11-05 07:00:00,59.25,48.3,72.0,45.0,76.6,46,56
TEST-03671,Bole,2025-11-11 17:00:00,36.23,27.6,46.3,25.0,49.9,28,36
TEST-03672,Gerji,2025-11-11 06:00:00,47.43,37.6,58.9,34.6,63.0,37,46
TEST-03673,Ayat,2025-11-06 20:00:00,32.55,24.3,42.1,21.9,45.5,26,33
TEST-03674,Gerji,2025-11-09 01:00:00,6.62,2.7,11.2,1.5,12.8,6,9
TEST-03675,Megenagna,2025-11-05 15:00:00,48.85,38.9,60.5,35.9,64.7,38,47
TEST-03676,Arat Kilo,2025-11-02 06:00:00,5.67,2.0,9.9,0.9,11.5,5,8
TEST-03677,Kolfe,2025-11-12 20:00:00,42.17,32.9,53.0,30.1,56.9,33,41
TEST-03678,Sarbet,2025-11-07 09:00:00,27.5,19.9,36.3,17.7,39.4,22,28
TEST-03679,Kolfe,2025-11-11 19:00:00,49.84,39.7,61.6,36.7,65.8,39,48
TEST-03680,CMC,2025-11-08 04:00:00,6.23,2.4,10.7,1.3,12.2,5,9
TEST-03681,Gerji,2025-11-05 06:00:00,47.57,37.7,59.0,34.7,63.2,37,46
TEST-03682,Piassa,2025-11-13 12:00:00,36.77,28.1,46.9,25.5,50.5,29,37
TEST-03683,Lideta,2025-11-14 20:00:00,38.87,29.9,49.3,27.3,53.0,30,38
TEST-03684,Arat Kilo,2025-11-14 12:00:00,26.08,18.7,34.7,16.5,37.7,21,27
TEST-03685,Kolfe,2025-11-03 16:00:00,24.45,17.3,32.8,15.2,35.7,19,26
TEST-03686,Kolfe,2025-11-13 08:00:00,47.93,38.0,59.5,35.1,63.6,37,46
TEST-03687,Piassa,2025-11-05 08:00:00,77.7,65.1,92.3,61.4,97.6,60,71
TEST-03688,Sarbet,2025-11-01 10:00:00,38.37,29.5,48.7,26.8,52.4,30,38
TEST-03689,Kazanchis,2025-11-01 19:00:00,41.65,32.4,52.4,29.6,56.3,33,41
TEST-03690,Bole,2025-11-10 04:00:00,28.73,21.0,37.7,18.7,40.9,23,29
TEST-03691,Merkato,2025-11-13 13:00:00,101.17,86.9,117.8,82.6,123.8,78,91
TEST-03692,CMC,2025-11-14 05:00:00,21.73,15.0,29.6,13.0,32.4,17,23
TEST-03693,Merkato,2025-11-14 15:00:00,92.57,78.9,108.5,74.8,114.2,72,84
TEST-03694,Kazanchis,2025-11-11 02:00:00,5.39,1.8,9.6,0.7,11.0,5,8
TEST-03695,Bole,2025-11-14 15:00:00,36.38,27.7,46.5,25.1,50.1,28,36
TEST-03696,Ayat,2025-11-04 05:00:00,16.84,10.9,23.8,9.1,26.3,13,19
TEST-03697,Kolfe,2025-11-03 08:00:00,46.67,36.9,58.0,34.0,62.1,36,45
TEST-03698,Gerji,2025-11-08 09:00:00,34.94,26.5,44.8,23.9,48.4,27,35
TEST-03699,Piassa,2025-11-03 05:00:00,8.5,4.1,13.6,2.8,15.4,7,11
TEST-03700,Kazanchis,2025-11-04 19:00:00,82.24,69.3,97.3,65.5,102.7,64,75
TEST-03701,Bole,2025-11-10 10:00:00,35.19,26.7,45.1,24.1,48.6,28,35
TEST-03702,CMC,2025-11-07 01:00:00,5.23,1.7,9.3,0.6,10.8,5,8
TEST-03703,CMC,2025-11-12 14:00:00,21.99,15.2,29.9,13.2,32.7,17,23
TEST-03704,Kolfe,2025-11-06 00:00:00,6.29,2.5,10.7,1.3,12.3,5,9
TEST-03705,Megenagna,2025-11-13 22:00:00,14.15,8.6,20.6,7.0,22.9,11,16
TEST-03706,Bole,2025-11-05 15:00:00,32.48,24.3,42.0,21.8,45.4,25,33
TEST-03707,Ayat,2025-11-12 14:00:00,15.76,10.0,22.5,8.2,24.9,13,18
TEST-03708,CMC,2025-11-08 19:00:00,53.23,42.8,65.4,39.7,69.7,41,51
TEST-03709,CMC,2025-11-01 14:00:00,50.22,40.1,62.0,37.0,66.2,39,48
TEST-03710,Kazanchis,2025-11-05 05:00:00,9.63,5.0,15.0,3.6,16.9,8,12
TEST-03711,Bole,2025-11-09 11:00:00,33.34,25.0,43.0,22.6,46.5,26,34
TEST-03712,Kolfe,2025-11-10 00:00:00,6.21,2.4,10.6,1.3,12.2,5,9
TEST-03713,Kolfe,2025-11-11 17:00:00,34.57,26.1,44.4,23.6,47.9,27,35
TEST-03714,CMC,2025-11-13 18:00:00,64.98,53.5,78.4,50.0,83.2,50,61
TEST-03715,Kolfe,2025-11-12 18:00:00,47.15,37.3,58.6,34.4,62.7,37,46
TEST-03716,Piassa,2025-11-12 13:00:00,51.55,41.3,63.5,38.2,67.8,40,49
TEST-03717,Gerji,2025-11-10 06:00:00,43.57,34.1,54.6,31.3,58.5,34,42
TEST-03718,Bole,2025-11-03 08:00:00,46.67,36.9,58.0,34.0,62.1,36,45
TEST-03719,Megenagna,2025-11-11 06:00:00,55.08,44.5,67.4,41.3,71.8,43,52
TEST-03720,Arat Kilo,2025-11-10 21:00:00,23.77,16.7,32.0,14.6,34.9,19,25
TEST-03721,Gerji,2025-11-05 14:00:00,19.52,13.1,27.0,11.2,29.7,16,21
TEST-03722,Arat Kilo,2025-11-08 12:00:00,17.36,11.3,24.4,9.5,26.9,14,19
TEST-03723,Megenagna,2025-11-06 11:00:00,49.7,39.6,61.4,36.6,65.6,39,48
TEST-03724,Kolfe,2025-11-12 10:00:00,22.15,15.3,30.1,13.3,32.9,18,24
TEST-03725,Bole,2025-11-13 00:00:00,18.8,12.5,26.1,10.6,28.8,15,21
TEST-03726,Piassa,2025-11-02 17:00:00,45.13,35.5,56.3,32.6,60.3,35,44
TEST-03727,Gerji,2025-11-06 01:00:00,4.82,1.4,8.8,0.4,10.2,4,7
TEST-03728,Sarbet,2025-11-14 15:00:00,17.16,11.1,24.2,9.3,26.7,14,19
TEST-03729,Lideta,2025-11-08 19:00:00,34.93,26.4,44.8,23.9,48.3,27,35
TEST-03730,Arat Kilo,2025-11-01 05:00:00,4.72,1.3,8.7,0.3,10.1,4,7
TEST-03731,Merkato,2025-11-14 20:00:00,11.45,6.5,17.3,5.0,19.3,9,14
TEST-03732,CMC,2025-11-03 19:00:00,52.08,41.8,64.1,38.7,68.4,41,50
TEST-03733,Megenagna,2025-11-07 19:00:00,93.92,80.1,110.0,76.0,115.7,73,85
TEST-03734,Piassa,2025-11-06 05:00:00,7.53,3.4,12.3,2.2,14.1,6,10
TEST-03735,Megenagna,2025-11-09 15:00:00,63.88,52.5,77.2,49.1,81.9,50,60
TEST-03736,Ayat,2025-11-05 11:00:00,17.42,11.3,24.5,9.5,27.0,14,19
TEST-03737,Piassa,2025-11-02 01:00:00,6.12,2.3,10.5,1.2,12.1,5,9
TEST-03738,Lideta,2025-11-12 18:00:00,72.04,59.9,86.1,56.3,91.2,56,67
TEST-03739,Kazanchis,2025-11-02 13:00:00,44.34,34.8,55.4,32.0,59.4,35,43
TEST-03740,Bole,2025-11-09 22:00:00,69.36,57.5,83.2,53.9,88.1,54,64
TEST-03741,Kazanchis,2025-11-14 14:00:00,50.04,39.9,61.8,36.9,66.0,39,48
TEST-03742,Bole,2025-11-09 05:00:00,54.29,43.8,66.5,40.6,70.9,42,52
TEST-03743,Gerji,2025-11-13 17:00:00,50.03,39.9,61.8,36.9,66.0,39,48
TEST-03744,Bole,2025-11-01 17:00:00,59.14,48.2,71.9,44.9,76.5,46,56
TEST-03745,Sarbet,2025-11-10 08:00:00,47.12,37.3,58.5,34.4,62.6,37,45
TEST-03746,Sarbet,2025-11-08 14:00:00,40.4,31.3,51.0,28.6,54.8,32,40
TEST-03747,Piassa,2025-11-02 12:00:00,29.67,21.8,38.8,19.5,42.1,23,30
TEST-03748,Piassa,2025-11-09 15:00:00,21.83,15.1,29.7,13.0,32.5,17,23
TEST-03749,Ayat,2025-11-14 15:00:00,15.72,9.9,22.5,8.2,24.9,13,18
TEST-03750,Arat Kilo,2025-11-02 02:00:00,3.69,0.6,7.3,0.0,8.5,3,6
TEST-03751,Megenagna,2025-11-08 01:00:00,10.7,5.9,16.3,4.4,18.4,9,13
TEST-03752,Gerji,2025-11-12 09:00:00,35.03,26.5,44.9,24.0,48.5,27,35
TEST-03753,Sarbet,2025-11-06 23:00:00,10.5,5.7,16.1,4.3,18.1,9,13
TEST-03754,Ayat,2025-11-10 15:00:00,15.73,9.9,22.5,8.2,24.9,13,18
TEST-03755,Sarbet,2025-11-05 14:00:00,16.68,10.7,23.6,8.9,26.1,13,19
TEST-03756,CMC,2025-11-10 19:00:00,53.8,43.3,66.0,40.2,70.4,42,51
TEST-03757,Lideta,2025-11-09 05:00:00,11.64,6.6,17.5,5.1,19.6,9,14
TEST-03758,Lideta,2025-11-13 00:00:00,5.92,2.2,10.3,1.1,11.8,5,8
TEST-03759,Piassa,2025-11-06 18:00:00,94.45,80.6,110.5,76.5,116.3,73,85
TEST-03760,CMC,2025-11-10 10:00:00,24.29,17.2,32.6,15.0,35.5,19,26
TEST-03761,Kolfe,2025-11-09 23:00:00,10.75,5.9,16.4,4.4,18.4,9,13
TEST-03762,Lideta,2025-11-03 13:00:00,37.57,28.8,47.8,26.1,51.5,29,37
TEST-03763,Megenagna,2025-11-12 11:00:00,55.6,44.9,68.0,41.8,72.4,43,53
TEST-03764,Kolfe,2025-11-07 12:00:00,24.79,17.6,33.2,15.4,36.2,20,26
TEST-03765,Gerji,2025-11-02 19:00:00,51.2,41.0,63.1,37.9,67.4,40,49
TEST-03766,Megenagna,2025-11-12 03:00:00,9.96,5.3,15.4,3.9,17.4,8,12
TEST-03767,Sarbet,2025-11-07 08:00:00,49.52,39.5,61.2,36.4,65.4,39,48
TEST-03768,CMC,2025-11-14 07:00:00,65.24,53.7,78.6,50.3,83.5,51,61
TEST-03769,Piassa,2025-11-08 10:00:00,22.22,15.4,30.2,13.4,33.0,18,24
TEST-03770,Megenagna,2025-11-04 15:00:00,52.26,41.9,64.3,38.8,68.6,41,50
TEST-03771,Ayat,2025-11-01 10:00:00,30.04,22.1,39.2,19.8,42.5,24,31
TEST-03772,Piassa,2025-11-11 15:00:00,45.87,36.2,57.1,33.3,61.2,36,44
TEST-03773,Kolfe,2025-11-06 21:00:00,30.35,22.4,39.6,20.0,42.9,24,31
TEST-03774,Lideta,2025-11-08 21:00:00,22.32,15.5,30.3,13.4,33.1,18,24
TEST-03775,CMC,2025-11-03 16:00:00,25.24,18.0,33.7,15.8,36.7,20,26
TEST-03776,Ayat,2025-11-03 05:00:00,15.92,10.1,22.7,8.3,25.1,13,18
TEST-03777,Arat Kilo,2025-11-11 16:00:00,43.19,33.8,54.1,31.0,58.1,34,42
TEST-03778,Gerji,2025-11-11 01:00:00,4.94,1.5,9.0,0.5,10.4,4,7
TEST-03779,Bole,2025-11-13 11:00:00,36.38,27.7,46.5,25.1,50.1,28,36
TEST-03780,Piassa,2025-11-12 12:00:00,38.84,29.9,49.2,27.2,53.0,30,38
TEST-03781,Gerji,2025-11-11 05:00:00,22.07,15.3,30.0,13.2,32.8,17,24
TEST-03782,Sarbet,2025-11-12 18:00:00,43.77,34.3,54.8,31.5,58.7,34,43
TEST-03783,Bole,2025-11-01 00:00:00,98.92,84.8,115.4,80.5,121.3,77,89
TEST-03784,Arat Kilo,2025-11-02 03:00:00,3.03,0.2,6.3,0.0,7.5,3,5
TEST-03785,Sarbet,2025-11-09 07:00:00,16.44,10.5,23.3,8.8,25.8,13,18
TEST-03786,Lideta,2025-11-03 02:00:00,6.25,2.4,10.7,1.3,12.3,5,9
TEST-03787,Piassa,2025-11-07 03:00:00,4.59,1.2,8.5,0.2,9.9,4,7
TEST-03788,Megenagna,2025-11-04 11:00:00,52.02,41.7,64.0,38.6,68.3,41,50
TEST-03789,Merkato,2025-11-10 19:00:00,20.32,13.8,27.9,11.8,30.7,16,22
TEST-03790,Arat Kilo,2025-11-13 13:00:00,38.08,29.2,48.4,26.6,52.1,30,38
TEST-03791,Merkato,2025-11-05 22:00:00,6.01,2.3,10.4,1.1,11.9,5,8
TEST-03792,Gerji,2025-11-13 19:00:00,53.1,42.7,65.2,39.6,69.6,41,51
TEST-03793,Ayat,2025-11-14 12:00:00,17.92,11.8,25.1,9.9,27.7,14,20
TEST-03794,Lideta,2025-11-01 01:00:00,9.45,4.9,14.8,3.5,16.7,8,12
TEST-03795,Gerji,2025-11-02 02:00:00,6.09,2.3,10.5,1.2,12.1,5,9
TEST-03796,Bole,2025-11-10 22:00:00,33.26,25.0,42.9,22.5,46.4,26,33
TEST-03797,Arat Kilo,2025-11-14 11:00:00,16.88,10.9,23.8,9.1,26.3,13,19
TEST-03798,Kolfe,2025-11-08 14:00:00,38.91,30.0,49.3,27.3,53.1,30,38
TEST-03799,Merkato,2025-11-07 17:00:00,54.94,44.3,67.3,41.2,71.7,43,52
TEST-03800,Sarbet,2025-11-13 12:00:00,21.76,15.0,29.6,13.0,32.4,17,23
TEST-03801,CMC,2025-11-09 21:00:00,34.09,25.7,43.9,23.2,47.4,27,34
TEST-03802,CMC,2025-11-12 20:00:00,45.54,35.9,56.8,33.0,60.8,36,44
TEST-03803,Sarbet,2025-11-08 18:00:00,41.03,31.9,51.7,29.1,55.5,32,40
TEST-03804,Megenagna,2025-11-14 11:00:00,50.91,40.7,62.8,37.6,67.0,40,49
TEST-03805,Kolfe,2025-11-05 06:00:00,48.64,38.7,60.2,35.7,64.4,38,47
TEST-03806,Merkato,2025-11-09 22:00:00,2.99,0.2,6.3,0.0,7.5,3,5
TEST-03807,Gerji,2025-11-14 06:00:00,48.34,38.4,59.9,35.4,64.1,38,47
TEST-03808,Sarbet,2025-11-07 02:00:00,4.24,1.0,8.0,0.0,9.4,4,7
TEST-03809,Ayat,2025-11-05 18:00:00,33.85,25.5,43.6,23.0,47.1,27,34
TEST-03810,Arat Kilo,2025-11-05 09:00:00,41.47,32.2,52.2,29.5,56.1,32,41
TEST-03811,Merkato,2025-11-13 15:00:00,66.59,54.9,80.1,51.5,85.0,52,62
TEST-03812,Arat Kilo,2025-11-14 00:00:00,3.37,0.4,6.8,0.0,8.0,3,6
TEST-03813,Gerji,2025-11-06 18:00:00,49.39,39.3,61.1,36.3,65.3,38,47
TEST-03814,Sarbet,2025-11-11 02:00:00,4.1,0.9,7.8,0.0,9.1,4,6
TEST-03815,Sarbet,2025-11-11 18:00:00,43.24,33.8,54.2,31.0,58.1,34,42
TEST-03816,Kazanchis,2025-11-13 19:00:00,83.16,70.2,98.3,66.3,103.7,64,76
TEST-03817,Arat Kilo,2025-11-13 06:00:00,15.6,9.8,22.3,8.1,24.7,12,18
TEST-03818,Kolfe,2025-11-12 04:00:00,7.57,3.4,12.4,2.2,14.1,6,10
TEST-03819,Merkato,2025-11-09 05:00:00,7.92,3.7,12.8,2.4,14.6,7,10
TEST-03820,Megenagna,2025-11-02 06:00:00,21.32,14.6,29.1,12.6,31.9,17,23
TEST-03821,Merkato,2025-11-11 23:00:00,4.55,1.2,8.4,0.2,9.8,4,7
TEST-03822,Sarbet,2025-11-14 19:00:00,51.15,40.9,63.0,37.9,67.3,40,49
TEST-03823,Gerji,2025-11-09 07:00:00,18.04,11.9,25.2,10.0,27.8,14,20
TEST-03824,Piassa,2025-11-06 21:00:00,33.97,25.6,43.7,23.1,47.2,27,34
TEST-03825,Megenagna,2025-11-09 10:00:00,52.64,42.3,64.7,39.2,69.0,41,50
TEST-03826,CMC,2025-11-10 04:00:00,9.22,4.7,14.5,3.3,16.4,8,12
TEST-03827,Kazanchis,2025-11-05 14:00:00,50.65,40.5,62.5,37.4,66.7,39,49
TEST-03828,Piassa,2025-11-01 19:00:00,37.64,28.8,47.9,26.2,51.6,29,37
TEST-03829,Arat Kilo,2025-11-11 09:00:00,43.71,34.2,54.7,31.4,58.7,34,43
TEST-03830,Megenagna,2025-11-02 00:00:00,12.68,7.4,18.8,5.9,21.0,10,15
TEST-03831,Kolfe,2025-11-02 08:00:00,24.15,17.0,32.4,14.9,35.4,19,25
TEST-03832,Kazanchis,2025-11-12 15:00:00,47.65,37.8,59.1,34.8,63.3,37,46
TEST-03833,Megenagna,2025-11-08 13:00:00,62.48,51.2,75.6,47.8,80.3,49,59
TEST-03834,Sarbet,2025-11-13 03:00:00,4.47,1.2,8.3,0.2,9.7,4,7
TEST-03835,CMC,2025-11-11 00:00:00,7.3,3.2,12.1,2.0,13.8,6,10
TEST-03836,CMC,2025-11-02 13:00:00,55.66,45.0,68.1,41.8,72.5,43,53
TEST-03837,CMC,2025-11-13 13:00:00,26.58,19.1,35.2,16.9,38.3,21,28
TEST-03838,Kolfe,2025-11-11 08:00:00,46.72,36.9,58.1,34.0,62.2,36,45
TEST-03839,Arat Kilo,2025-11-06 18:00:00,60.66,49.5,73.6,46.2,78.2,47,57
TEST-03840,Piassa,2025-11-13 06:00:00,22.3,15.5,30.2,13.4,33.1,18,24
TEST-03841,Kazanchis,2025-11-03 04:00:00,4.98,1.5,9.0,0.5,10.5,4,7
TEST-03842,Arat Kilo,2025-11-08 01:00:00,3.85,0.7,7.5,0.0,8.8,3,6
TEST-03843,Lideta,2025-11-02 06:00:00,16.14,10.3,23.0,8.5,25.4,13,18
TEST-03844,Kazanchis,2025-11-01 17:00:00,46.08,36.4,57.4,33.5,61.4,36,45
TEST-03845,Kolfe,2025-11-14 22:00:00,22.69,15.8,30.7,13.7,33.6,18,24
TEST-03846,Kolfe,2025-11-02 06:00:00,10.42,5.6,16.0,4.2,18.0,9,13
TEST-03847,Arat Kilo,2025-11-13 15:00:00,42.73,33.4,53.6,30.6,57.5,33,42
TEST-03848,Kazanchis,2025-11-01 16:00:00,29.55,21.7,38.7,19.4,41.9,23,30
TEST-03849,Gerji,2025-11-04 17:00:00,35.39,26.8,45.3,24.3,48.9,28,35
TEST-03850,Lideta,2025-11-11 02:00:00,7.29,3.2,12.0,2.0,13.7,6,10
TEST-03851,Bole,2025-11-07 00:00:00,15.18,9.5,21.8,7.8,24.2,12,17
TEST-03852,Ayat,2025-11-11 12:00:00,15.84,10.0,22.6,8.3,25.0,13,18
TEST-03853,Piassa,2025-11-11 04:00:00,5.62,2.0,9.9,0.9,11.4,5,8
TEST-03854,Lideta,2025-11-02 01:00:00,9.62,5.0,15.0,3.6,16.9,8,12
TEST-03855,Kazanchis,2025-11-02 02:00:00,4.59,1.2,8.5,0.2,9.9,4,7
TEST-03856,Lideta,2025-11-05 19:00:00,56.64,45.9,69.1,42.7,73.6,44,54
TEST-03857,Arat Kilo,2025-11-14 17:00:00,66.56,54.9,80.1,51.4,85.0,52,62
TEST-03858,CMC,2025-11-06 17:00:00,39.56,30.5,50.1,27.8,53.8,31,39
TEST-03859,Gerji,2025-11-12 21:00:00,31.46,23.4,40.8,21.0,44.2,25,32
TEST-03860,Gerji,2025-11-10 21:00:00,36.08,27.5,46.1,24.9,49.7,28,36
TEST-03861,Megenagna,2025-11-08 03:00:00,10.89,6.0,16.6,4.5,18.6,9,13
TEST-03862,Arat Kilo,2025-11-13 01:00:00,3.38,0.4,6.8,0.0,8.1,3,6
TEST-03863,Arat Kilo,2025-11-10 16:00:00,44.17,34.6,55.2,31.8,59.2,34,43
TEST-03864,Kolfe,2025-11-06 09:00:00,27.74,20.2,36.6,17.9,39.7,22,29
TEST-03865,Sarbet,2025-11-14 17:00:00,36.43,27.8,46.5,25.2,50.1,29,36
TEST-03866,Kolfe,2025-11-03 17:00:00,35.74,27.2,45.7,24.6,49.3,28,36
TEST-03867,Piassa,2025-11-04 00:00:00,5.8,2.1,10.1,1.0,11.6,5,8
TEST-03868,Megenagna,2025-11-02 04:00:00,12.58,7.4,18.7,5.8,20.8,10,15
TEST-03869,CMC,2025-11-12 22:00:00,20.99,14.3,28.7,12.4,31.5,17,23
TEST-03870,Kazanchis,2025-11-03 06:00:00,24.32,17.2,32.6,15.1,35.6,19,26
TEST-03871,Lideta,2025-11-13 14:00:00,49.88,39.8,61.6,36.8,65.8,39,48
TEST-03872,Megenagna,2025-11-09 03:00:00,11.15,6.2,16.9,4.7,18.9,9,13
TEST-03873,Kolfe,2025-11-11 12:00:00,22.48,15.6,30.5,13.6,33.3,18,24
TEST-03874,Lideta,2025-11-09 01:00:00,9.03,4.5,14.2,3.2,16.1,7,11
TEST-03875,Bole,2025-11-05 11:00:00,34.94,26.4,44.8,23.9,48.4,27,35
TEST-03876,Kazanchis,2025-11-13 13:00:00,60.54,49.4,73.5,46.1,78.1,47,57
TEST-03877,CMC,2025-11-14 01:00:00,5.72,2.1,10.0,1.0,11.5,5,8
TEST-03878,Gerji,2025-11-06 09:00:00,28.5,20.8,37.4,18.5,40.7,22,29
TEST-03879,Sarbet,2025-11-07 13:00:00,21.03,14.4,28.8,12.4,31.5,17,23
TEST-03880,Piassa,2025-11-06 14:00:00,47.63,37.8,59.1,34.8,63.2,37,46
TEST-03881,Lideta,2025-11-05 20:00:00,35.16,26.6,45.1,24.1,48.6,28,35
TEST-03882,Merkato,2025-11-03 21:00:00,7.0,3.0,11.7,1.8,13.3,6,9
TEST-03883,Kazanchis,2025-11-09 07:00:00,12.35,7.2,18.4,5.6,20.5,10,15
TEST-03884,Merkato,2025-11-04 13:00:00,102.13,87.7,118.9,83.4,124.9,79,92
TEST-03885,Bole,2025-11-11 06:00:00,68.77,56.9,82.5,53.4,87.5,53,64
TEST-03886,Kazanchis,2025-11-10 05:00:00,9.56,5.0,14.9,3.6,16.8,8,12
TEST-03887,Sarbet,2025-11-13 11:00:00,21.81,15.0,29.7,13.0,32.5,17,23
TEST-03888,Arat Kilo,2025-11-07 11:00:00,17.22,11.2,24.2,9.4,26.8,14,19
TEST-03889,Piassa,2025-11-09 17:00:00,31.18,23.1,40.5,20.7,43.9,24,32
TEST-03890,Bole,2025-11-03 01:00:00,13.94,8.5,20.3,6.8,22.6,11,16
TEST-03891,Bole,2025-11-07 17:00:00,41.12,31.9,51.8,29.2,55.6,32,40
TEST-03892,Sarbet,2025-11-10 23:00:00,9.98,5.3,15.4,3.9,17.4,8,12
TEST-03893,Piassa,2025-11-11 01:00:00,4.97,1.5,9.0,0.5,10.4,4,7
TEST-03894,Lideta,2025-11-09 17:00:00,44.12,34.6,55.2,31.8,59.1,34,43
TEST-03895,Bole,2025-11-03 19:00:00,57.74,46.9,70.4,43.6,74.9,45,55
TEST-03896,Lideta,2025-11-09 14:00:00,43.93,34.4,55.0,31.6,58.9,34,43
TEST-03897,Megenagna,2025-11-01 17:00:00,64.14,52.7,77.4,49.3,82.2,50,60
TEST-03898,Lideta,2025-11-02 17:00:00,68.56,56.7,82.3,53.2,87.2,53,64
TEST-03899,Arat Kilo,2025-11-05 13:00:00,36.4,27.7,46.5,25.1,50.1,28,36
TEST-03900,Ayat,2025-11-02 18:00:00,37.85,29.0,48.1,26.4,51.8,30,37
TEST-03901,Lideta,2025-11-02 14:00:00,47.16,37.3,58.6,34.4,62.7,37,46
TEST-03902,Kolfe,2025-11-03 18:00:00,41.24,32.0,51.9,29.3,55.8,32,40
TEST-03903,Merkato,2025-11-06 07:00:00,77.02,64.5,91.6,60.8,96.8,60,71
TEST-03904,Megenagna,2025-11-10 08:00:00,57.5,46.7,70.1,43.4,74.6,45,54
TEST-03905,Merkato,2025-11-04 14:00:00,99.46,85.3,116.0,81.0,121.9,77,90
TEST-03906,Kazanchis,2025-11-08 09:00:00,18.89,12.6,26.2,10.7,28.9,15,21
TEST-03907,Megenagna,2025-11-10 03:00:00,7.02,3.0,11.7,1.8,13.4,6,9
TEST-03908,Sarbet,2025-11-02 09:00:00,34.19,25.8,44.0,23.3,47.5,27,34
TEST-03909,Lideta,2025-11-01 03:00:00,9.16,4.6,14.4,3.3,16.3,8,12
TEST-03910,Megenagna,2025-11-09 01:00:00,12.17,7.0,18.1,5.5,20.3,10,14
TEST-03911,Kazanchis,2025-11-11 03:00:00,4.58,1.2,8.5,0.2,9.9,4,7
TEST-03912,Arat Kilo,2025-11-02 08:00:00,10.4,5.6,16.0,4.2,18.0,8,13
TEST-03913,Kolfe,2025-11-11 01:00:00,4.53,1.2,8.4,0.2,9.8,4,7
TEST-03914,Megenagna,2025-11-08 19:00:00,48.12,38.2,59.7,35.2,63.8,38,46
TEST-03915,Merkato,2025-11-07 09:00:00,73.56,61.3,87.8,57.7,92.9,57,68
TEST-03916,Gerji,2025-11-05 02:00:00,5.12,1.6,9.2,0.6,10.7,4,8
TEST-03917,CMC,2025-11-01 18:00:00,54.88,44.3,67.2,41.1,71.6,43,52
TEST-03918,Piassa,2025-11-13 20:00:00,54.65,44.1,66.9,40.9,71.3,43,52
TEST-03919,Ayat,2025-11-03 16:00:00,18.93,12.6,26.3,10.7,28.9,15,21
TEST-03920,Arat Kilo,2025-11-06 22:00:00,12.0,6.9,17.9,5.4,20.1,10,14
TEST-03921,Kolfe,2025-11-05 21:00:00,31.92,23.8,41.4,21.4,44.8,25,32
TEST-03922,Ayat,2025-11-01 07:00:00,13.73,8.3,20.1,6.7,22.3,11,16
TEST-03923,Ayat,2025-11-11 02:00:00,3.59,0.6,7.1,0.0,8.4,3,6
TEST-03924,Arat Kilo,2025-11-03 11:00:00,16.15,10.3,23.0,8.5,25.4,13,18
TEST-03925,Bole,2025-11-01 05:00:00,54.47,43.9,66.7,40.8,71.1,42,52
TEST-03926,Kolfe,2025-11-13 07:00:00,57.85,47.0,70.5,43.7,75.0,45,55
TEST-03927,Ayat,2025-11-01 15:00:00,35.22,26.7,45.1,24.1,48.7,28,35
TEST-03928,Gerji,2025-11-11 14:00:00,23.25,16.3,31.4,14.2,34.3,18,25
TEST-03929,Kazanchis,2025-11-10 20:00:00,70.52,58.5,84.5,55.0,89.5,55,65
TEST-03930,Gerji,2025-11-09 09:00:00,37.05,28.3,47.2,25.7,50.9,29,37
TEST-03931,Gerji,2025-11-05 16:00:00,27.93,20.3,36.8,18.0,40.0,22,29
TEST-03932,Piassa,2025-11-12 19:00:00,73.32,61.1,87.5,57.5,92.6,57,68
TEST-03933,Lideta,2025-11-14 22:00:00,11.37,6.4,17.2,4.9,19.2,9,14
TEST-03934,Kazanchis,2025-11-13 09:00:00,62.68,51.4,75.8,48.0,80.5,49,59
TEST-03935,Merkato,2025-11-06 00:00:00,3.95,0.8,7.6,0.0,8.9,4,6
TEST-03936,Merkato,2025-11-14 06:00:00,49.05,39.0,60.7,36.0,64.9,38,47
TEST-03937,Lideta,2025-11-13 23:00:00,7.5,3.4,12.3,2.1,14.0,6,10
TEST-03938,Ayat,2025-11-07 02:00:00,3.75,0.7,7.3,0.0,8.6,3,6
TEST-03939,Ayat,2025-11-12 18:00:00,38.08,29.2,48.4,26.6,52.1,30,38
TEST-03940,Bole,2025-11-01 08:00:00,22.87,16.0,30.9,13.9,33.8,18,24
TEST-03941,Sarbet,2025-11-03 17:00:00,33.21,24.9,42.8,22.4,46.3,26,33
TEST-03942,Lideta,2025-11-12 15:00:00,40.21,31.1,50.8,28.4,54.6,31,40
TEST-03943,Bole,2025-11-06 01:00:00,17.99,11.8,25.2,10.0,27.7,14,20
TEST-03944,Ayat,2025-11-02 10:00:00,31.19,23.2,40.5,20.7,43.9,24,32
TEST-03945,Piassa,2025-11-08 06:00:00,7.08,3.1,11.8,1.9,13.4,6,10
TEST-03946,Bole,2025-11-08 13:00:00,46.23,36.5,57.5,33.6,61.6,36,45
TEST-03947,Gerji,2025-11-11 15:00:00,19.9,13.4,27.4,11.5,30.1,16,22
TEST-03948,Piassa,2025-11-04 01:00:00,4.93,1.5,8.9,0.4,10.4,4,7
TEST-03949,Gerji,2025-11-05 15:00:00,20.08,13.6,27.6,11.6,30.4,16,22
TEST-03950,Kazanchis,2025-11-06 08:00:00,85.42,72.3,100.7,68.3,106.2,66,78
TEST-03951,Sarbet,2025-11-09 00:00:00,6.95,3.0,11.6,1.8,13.3,6,9
TEST-03952,Arat Kilo,2025-11-14 01:00:00,3.24,0.3,6.6,0.0,7.8,3,6
TEST-03953,CMC,2025-11-04 02:00:00,4.65,1.3,8.6,0.3,10.0,4,7
TEST-03954,Kolfe,2025-11-06 02:00:00,4.58,1.2,8.5,0.2,9.9,4,7
TEST-03955,Megenagna,2025-11-05 00:00:00,7.77,3.6,12.6,2.3,14.4,6,10
TEST-03956,Kolfe,2025-11-12 17:00:00,35.11,26.6,45.0,24.1,48.6,28,35
TEST-03957,CMC,2025-11-04 14:00:00,22.35,15.5,30.3,13.5,33.2,18,24
TEST-03958,Kolfe,2025-11-14 20:00:00,47.51,37.6,59.0,34.7,63.1,37,46
TEST-03959,Arat Kilo,2025-11-08 06:00:00,5.15,1.6,9.2,0.6,10.7,4,8
TEST-03960,Kazanchis,2025-11-13 14:00:00,63.67,52.3,76.9,48.9,81.7,49,60
TEST-03961,Arat Kilo,2025-11-10 04:00:00,3.05,0.2,6.4,0.0,7.6,3,5
TEST-03962,Piassa,2025-11-03 04:00:00,5.58,1.9,9.8,0.9,11.3,5,8
TEST-03963,Ayat,2025-11-09 03:00:00,3.81,0.7,7.4,0.0,8.7,3,6
TEST-03964,Arat Kilo,2025-11-01 06:00:00,5.33,1.8,9.5,0.7,11.0,5,8
TEST-03965,Kolfe,2025-11-14 01:00:00,4.58,1.2,8.5,0.2,9.9,4,7
TEST-03966,Bole,2025-11-10 19:00:00,55.64,45.0,68.0,41.8,72.5,43,53
TEST-03967,Megenagna,2025-11-01 05:00:00,18.12,11.9,25.3,10.1,27.9,14,20
TEST-03968,Kazanchis,2025-11-07 05:00:00,8.78,4.4,13.9,3.0,15.8,7,11
TEST-03969,Lideta,2025-11-04 08:00:00,67.5,55.8,81.1,52.3,86.0,52,63
TEST-03970,Kolfe,2025-11-10 21:00:00,34.81,26.3,44.7,23.8,48.2,27,35
TEST-03971,Piassa,2025-11-06 08:00:00,73.21,61.0,87.4,57.4,92.5,57,68
TEST-03972,Gerji,2025-11-08 17:00:00,46.64,36.9,58.0,33.9,62.1,36,45
TEST-03973,Kazanchis,2025-11-02 20:00:00,34.61,26.2,44.4,23.6,48.0,27,35
TEST-03974,Merkato,2025-11-08 18:00:00,45.78,36.1,57.1,33.2,61.1,36,44
TEST-03975,Ayat,2025-11-08 12:00:00,32.5,24.3,42.0,21.8,45.5,25,33
TEST-03976,Arat Kilo,2025-11-12 14:00:00,32.03,23.9,41.5,21.5,44.9,25,32
TEST-03977,Sarbet,2025-11-13 15:00:00,28.82,21.1,37.8,18.8,41.0,23,30
TEST-03978,CMC,2025-11-09 02:00:00,6.26,2.4,10.7,1.3,12.3,5,9
TEST-03979,Sarbet,2025-11-12 08:00:00,46.21,36.5,57.5,33.6,61.6,36,45
TEST-03980,Merkato,2025-11-05 12:00:00,104.68,90.1,121.6,85.8,127.7,81,94
TEST-03981,Merkato,2025-11-11 17:00:00,52.99,42.6,65.1,39.5,69.4,41,51
TEST-03982,Lideta,2025-11-08 03:00:00,9.37,4.8,14.7,3.4,16.6,8,12
TEST-03983,Sarbet,2025-11-12 16:00:00,24.25,17.1,32.5,15.0,35.5,19,25
TEST-03984,Arat Kilo,2025-11-14 18:00:00,73.87,61.6,88.1,57.9,93.2,57,68
TEST-03985,Ayat,2025-11-01 03:00:00,4.45,1.1,8.3,0.2,9.7,4,7
TEST-03986,Gerji,2025-11-06 08:00:00,48.03,38.1,59.6,35.1,63.7,37,46
TEST-03987,CMC,2025-11-05 21:00:00,37.63,28.8,47.9,26.2,51.5,29,37
TEST-03988,Ayat,2025-11-01 21:00:00,23.6,16.6,31.8,14.5,34.7,19,25
TEST-03989,Lideta,2025-11-11 16:00:00,47.51,37.6,59.0,34.7,63.1,37,46
TEST-03990,Lideta,2025-11-08 10:00:00,38.28,29.4,48.6,26.7,52.3,30,38
TEST-03991,CMC,2025-11-04 20:00:00,46.06,36.3,57.4,33.4,61.4,36,45
TEST-03992,Merkato,2025-11-12 16:00:00,74.72,62.4,89.1,58.7,94.2,58,69
TEST-03993,Bole,2025-11-03 02:00:00,12.03,6.9,18.0,5.4,20.1,10,14
TEST-03994,Megenagna,2025-11-06 14:00:00,51.35,41.1,63.3,38.0,67.5,40,49
TEST-03995,Sarbet,2025-11-13 18:00:00,55.41,44.8,67.8,41.6,72.2,43,53
TEST-03996,CMC,2025-11-04 13:00:00,28.65,20.9,37.6,18.6,40.8,23,29
TEST-03997,Piassa,2025-11-07 06:00:00,23.41,16.4,31.6,14.3,34.5,19,25
TEST-03998,Megenagna,2025-11-14 13:00:00,57.24,46.4,69.8,43.2,74.3,45,54
TEST-03999,Merkato,2025-11-01 09:00:00,104.54,90.0,121.5,85.6,127.5,81,94
TEST-04000,Kazanchis,2025-11-09 08:00:00,16.18,10.3,23.0,8.6,25.5,13,18
TEST-04001,Arat Kilo,2025-11-04 20:00:00,38.11,29.2,48.4,26.6,52.1,30,38
TEST-04002,Kolfe,2025-11-11 07:00:00,60.89,49.7,73.9,46.4,78.5,47,57
TEST-04003,Kolfe,2025-11-01 20:00:00,42.14,32.8,53.0,30.1,56.8,33,41
TEST-04004,Ayat,2025-11-02 03:00:00,4.03,0.9,7.7,0.0,9.0,4,6
TEST-04005,Lideta,2025-11-13 04:00:00,8.58,4.2,13.7,2.9,15.5,7,11
TEST-04006,Merkato,2025-11-14 14:00:00,100.78,86.5,117.4,82.2,123.4,78,91
TEST-04007,Kolfe,2025-11-10 12:00:00,20.35,13.8,28.0,11.8,30.7,16,22
TEST-04008,Gerji,2025-11-12 22:00:00,24.43,17.3,32.7,15.1,35.7,19,26
TEST-04009,Lideta,2025-11-01 00:00:00,10.26,5.5,15.8,4.1,17.8,8,13
TEST-04010,Sarbet,2025-11-07 10:00:00,20.49,13.9,28.1,12.0,30.9,16,22
TEST-04011,Arat Kilo,2025-11-06 14:00:00,31.25,23.2,40.6,20.8,44.0,25,32
TEST-04012,CMC,2025-11-05 13:00:00,23.26,16.3,31.4,14.2,34.3,18,25
TEST-04013,Bole,2025-11-10 17:00:00,39.58,30.6,50.1,27.9,53.8,31,39
TEST-04014,Gerji,2025-11-13 13:00:00,25.09,17.9,33.5,15.7,36.5,20,26
TEST-04015,Merkato,2025-11-07 13:00:00,115.76,100.5,133.6,95.9,139.9,90,103
TEST-04016,Megenagna,2025-11-05 12:00:00,55.13,44.5,67.5,41.3,71.9,43,52
TEST-04017,Piassa,2025-11-05 15:00:00,43.78,34.3,54.8,31.5,58.8,34,43
TEST-04018,Megenagna,2025-11-13 14:00:00,64.99,53.5,78.4,50.0,83.2,50,61
TEST-04019,Merkato,2025-11-08 00:00:00,5.79,2.1,10.1,1.0,11.6,5,8
TEST-04020,Bole,2025-11-09 10:00:00,27.54,20.0,36.3,17.7,39.5,22,28
TEST-04021,Kolfe,2025-11-05 17:00:00,34.51,26.1,44.3,23.5,47.8,27,35
TEST-04022,Lideta,2025-11-09 15:00:00,47.04,37.2,58.5,34.3,62.6,37,45
TEST-04023,Piassa,2025-11-12 10:00:00,28.3,20.6,37.2,18.3,40.4,22,29
TEST-04024,Kolfe,2025-11-03 12:00:00,19.9,13.4,27.4,11.5,30.1,16,22
TEST-04025,Ayat,2025-11-06 11:00:00,18.23,12.0,25.5,10.2,28.1,15,20
TEST-04026,Kazanchis,2025-11-06 16:00:00,67.45,55.7,81.1,52.2,86.0,52,63
TEST-04027,Lideta,2025-11-03 16:00:00,47.45,37.6,58.9,34.6,63.0,37,46
TEST-04028,Bole,2025-11-03 00:00:00,16.26,10.4,23.1,8.6,25.6,13,18
TEST-04029,Merkato,2025-11-05 04:00:00,8.74,4.3,13.9,3.0,15.7,7,11
TEST-04030,CMC,2025-11-08 00:00:00,9.25,4.7,14.5,3.4,16.4,8,12
TEST-04031,Kazanchis,2025-11-10 07:00:00,64.61,53.1,78.0,49.7,82.7,50,60
TEST-04032,Kolfe,2025-11-14 17:00:00,38.98,30.0,49.4,27.3,53.1,30,38
